{"type":"FeatureCollection","features":[{"type":"Feature","geometry":{"bbox":[127.41709713929602,-1.593426527493207,127.41739198404612,-1.5931528307042677],"type":"Polygon","coordinates":[[[127.41709729658393,-1.5932205249615459],[127.4171626069747,-1.5931526533789702],[127.41739183364038,-1.5933498651472033],[127.41732140086603,-1.5934267009010754],[127.41709729658393,-1.5932205249615459]]]},"properties":{"id":null,"Pemilik":"","BLOK":"","No Rumah":null,"feature_id":"bangunan-0"}},{"type":"Feature","geometry":{"bbox":[127.4172072744812,-1.5933023037798082,127.4175021221179,-1.5930286069417996],"type":"Polygon","coordinates":[[[127.41720742783113,-1.5931014295430592],[127.4172804217973,-1.5930284355768916],[127.4175019648876,-1.5932346115164182],[127.41743921568859,-1.5933024830989877],[127.41720742783113,-1.5931014295430592]]]},"properties":{"id":null,"Pemilik":"","BLOK":"","No Rumah":null,"feature_id":"bangunan-1"}},{"type":"Feature","geometry":{"bbox":[127.41734685652378,-1.593160164593426,127.41762889620193,-1.5928890179974293],"type":"Polygon","coordinates":[[[127.41734701278398,-1.5929554416107325],[127.41741232317474,-1.5928888506240397],[127.41762874388147,-1.593088623584088],[127.41756983647015,-1.593160336954359],[127.41734701278398,-1.5929554416107325]]]},"properties":{"id":null,"Pemilik":"","BLOK":"","No Rumah":null,"feature_id":"bangunan-2"}},{"type":"Feature","geometry":{"bbox":[127.41804481462195,-1.5922631350531542,127.41831910406094,-1.5920009037865939],"type":"Polygon","coordinates":[[[127.41804493754827,-1.5921019244449297],[127.41812945687754,-1.592000757369012],[127.41831898507039,-1.59215699006853],[127.41823190454933,-1.5922632795280327],[127.41804493754827,-1.5921019244449297]]]},"properties":{"id":null,"Pemilik":"","BLOK":"","No Rumah":null,"feature_id":"bangunan-3"}},{"type":"Feature","geometry":{"bbox":[127.41755663585704,-1.5923106517150585,127.41773548326329,-1.5921367577341508],"type":"Polygon","coordinates":[[[127.41762049932919,-1.59213666892227],[127.41773540499035,-1.5922393876193317],[127.41767161980346,-1.5923107405402301],[127.41755671414232,-1.5922080218431662],[127.41762049932919,-1.59213666892227]]]},"properties":{"id":null,"Pemilik":"","BLOK":"C1","No Rumah":8,"feature_id":"bangunan-4"}},{"type":"Feature","geometry":{"bbox":[127.41713932941057,-1.5919506437736193,127.41731817675459,-1.5917767498325415],"type":"Polygon","coordinates":[[[127.41720319286374,-1.5917766610173258],[127.41731809847872,-1.5918793796972923],[127.41725431331376,-1.5919507326021276],[127.41713940769878,-1.5918480139221596],[127.41720319286374,-1.5917766610173258]]]},"properties":{"id":3,"Pemilik":"","BLOK":"B1","No Rumah":8,"feature_id":"bangunan-5"}},{"type":"Feature","geometry":{"bbox":[127.41748528295176,-1.592069565333206,127.41766413031694,-1.5918956713432426],"type":"Polygon","coordinates":[[[127.41754914640016,-1.5918955825408037],[127.4176640520523,-1.5919983012251107],[127.41760026688084,-1.5920696541489368],[127.41748536122871,-1.5919669354646278],[127.41754914640016,-1.5918955825408037]]]},"properties":{"id":null,"Pemilik":"","BLOK":"C1","No Rumah":2,"feature_id":"bangunan-6"}},{"type":"Feature","geometry":{"bbox":[127.41764420535183,-1.5922057845541222,127.41782305274054,-1.5920318905489126],"type":"Polygon","coordinates":[[[127.41770806880737,-1.5920318017477937],[127.41782297447709,-1.59213452043856],[127.41775918929733,-1.592205873368531],[127.41764428362762,-1.592103154677763],[127.41770806880737,-1.5920318017477937]]]},"properties":{"id":null,"Pemilik":"","BLOK":"C1","No Rumah":7,"feature_id":"bangunan-7"}},{"type":"Feature","geometry":{"bbox":[127.41773177485416,-1.5920998362883123,127.41791062222516,-1.5919259422587066],"type":"Polygon","coordinates":[[[127.41779563829297,-1.591925853468409],[127.41791054397125,-1.5920285721528216],[127.41784675879866,-1.592099925091899],[127.41773185312042,-1.5919972064074843],[127.41779563829297,-1.591925853468409]]]},"properties":{"id":null,"Pemilik":"","BLOK":"C1","No Rumah":6,"feature_id":"bangunan-8"}},{"type":"Feature","geometry":{"bbox":[127.41782312822504,-1.59199821244246,127.41800197557909,-1.5918243183881937],"type":"Polygon","coordinates":[[[127.41788699164744,-1.5918242296086875],[127.4180018973347,-1.5919269482869594],[127.41793811216901,-1.5919983012352552],[127.4178232064818,-1.591895582556981],[127.41788699164744,-1.5918242296086875]]]},"properties":{"id":null,"Pemilik":"","BLOK":"C1","No Rumah":5,"feature_id":"bangunan-9"}},{"type":"Feature","geometry":{"bbox":[127.41757447410602,-1.5919646981706546,127.41775332145369,-1.5917908041561124],"type":"Polygon","coordinates":[[[127.41763833753775,-1.5917907153645252],[127.41775324319863,-1.5918934340425273],[127.41768945803426,-1.5919647869755325],[127.41757455237341,-1.5918620682975286],[127.41763833753775,-1.5917907153645252]]]},"properties":{"id":null,"Pemilik":"","BLOK":"C1","No Rumah":3,"feature_id":"bangunan-10"}},{"type":"Feature","geometry":{"bbox":[127.41767069244891,-1.5918706420618074,127.4178495397809,-1.5916967480224364],"type":"Polygon","coordinates":[[[127.41773455586481,-1.5916966592414916],[127.41784946153523,-1.5917993779137376],[127.4177856763773,-1.5918707308560418],[127.4176707707069,-1.5917680121837943],[127.41773455586481,-1.5916966592414916]]]},"properties":{"id":null,"Pemilik":"","BLOK":"C1","No Rumah":4,"feature_id":"bangunan-11"}},{"type":"Feature","geometry":{"bbox":[127.41739555123955,-1.5921701080728665,127.4175743986215,-1.591996214107195],"type":"Polygon","coordinates":[[[127.4174594147042,-1.5919961252941135],[127.41757432034751,-1.5920988439844916],[127.4175105351692,-1.5921701968992397],[127.41739562952591,-1.5920674782088595],[127.4174594147042,-1.5919961252941135]]]},"properties":{"id":null,"Pemilik":"","BLOK":"C1","No Rumah":1,"feature_id":"bangunan-12"}},{"type":"Feature","geometry":{"bbox":[127.41723662885627,-1.5918490199263928,127.41741547618332,-1.5916751259596271],"type":"Polygon","coordinates":[[[127.41730049229267,-1.5916750371555386],[127.41741539791728,-1.5917777558293276],[127.41735161275925,-1.5918491087437734],[127.41723670713468,-1.5917463900699833],[127.41730049229267,-1.5916750371555386]]]},"properties":{"id":null,"Pemilik":"","BLOK":"B1","No Rumah":7,"feature_id":"bangunan-13"}},{"type":"Feature","geometry":{"bbox":[127.41732960388336,-1.5917517205005902,127.41750845119421,-1.591577826509263],"type":"Polygon","coordinates":[[[127.41739346730374,-1.5915777377158173],[127.41750837293752,-1.5916804563836926],[127.41744458778615,-1.591751809307327],[127.41732968215237,-1.591649090639451],[127.41739346730374,-1.5915777377158173]]]},"properties":{"id":null,"Pemilik":"","BLOK":"B1","No Rumah":6,"feature_id":"bangunan-14"}},{"type":"Feature","geometry":{"bbox":[127.41741393007028,-1.5916436100287175,127.41759277736301,-1.5914697160133597],"type":"Polygon","coordinates":[[[127.41747779347385,-1.5914696272306732],[127.41759269911584,-1.5915723458920974],[127.41752891397178,-1.5916436988246943],[127.41741400832981,-1.5915409801632685],[127.41747779347385,-1.5914696272306732]]]},"properties":{"id":null,"Pemilik":"","BLOK":"B1","No Rumah":5,"feature_id":"bangunan-15"}},{"type":"Feature","geometry":{"bbox":[127.41707013871998,-1.591704151871702,127.417248986022,-1.5915302579207151],"type":"Polygon","coordinates":[[[127.41713400214863,-1.5915301691153678],[127.41724890775482,-1.5916328877822645],[127.41718512260563,-1.591704240690342],[127.41707021699948,-1.5916015220234443],[127.41713400214863,-1.5915301691153678]]]},"properties":{"id":null,"Pemilik":"","BLOK":"B1","No Rumah":2,"feature_id":"bangunan-16"}},{"type":"Feature","geometry":{"bbox":[127.41715662711827,-1.5916025280272583,127.41733547440333,-1.5914286340524402],"type":"Polygon","coordinates":[[[127.41722049053078,-1.591428545257613],[127.41733539614542,-1.5915312639184003],[127.41727161100314,-1.5916026168353774],[127.41715670538849,-1.5914998981745887],[127.41722049053078,-1.591428545257613]]]},"properties":{"id":null,"Pemilik":"","BLOK":"B1","No Rumah":3,"feature_id":"bangunan-17"}},{"type":"Feature","geometry":{"bbox":[127.41724527772574,-1.591496579761328,127.41742412499308,-1.591322685761927],"type":"Polygon","coordinates":[[[127.41730914112145,-1.5913225969779816],[127.4174240467448,-1.5914253156324094],[127.41736026160966,-1.5914966685585648],[127.41724535598637,-1.5913939499041363],[127.41730914112145,-1.5913225969779816]]]},"properties":{"id":null,"Pemilik":"","BLOK":"B1","No Rumah":4,"feature_id":"bangunan-18"}},{"type":"Feature","geometry":{"bbox":[127.41797664513068,-1.5918165868462077,127.41815549245439,-1.5916426927495435],"type":"Polygon","coordinates":[[[127.41804050852423,-1.5916426039887754],[127.4181554142265,-1.5917453226561364],[127.41809162907316,-1.591816675620263],[127.4179767233709,-1.5917139569529015],[127.41804050852423,-1.5916426039887754]]]},"properties":{"id":null,"Pemilik":"","BLOK":"C2","No Rumah":10,"feature_id":"bangunan-19"}},{"type":"Feature","geometry":{"bbox":[127.41807610678309,-1.5917192874194084,127.41825495409059,-1.5915453932970764],"type":"Polygon","coordinates":[[[127.41813997016028,-1.5915453045473127],[127.41825487587242,-1.5916480232087193],[127.41819109072574,-1.5917193761824586],[127.41807618501362,-1.5916166575210513],[127.41813997016028,-1.5915453045473127]]]},"properties":{"id":null,"Pemilik":"","BLOK":"C2","No Rumah":9,"feature_id":"bangunan-20"}},{"type":"Feature","geometry":{"bbox":[127.41816259518212,-1.5916165824686657,127.41834144247248,-1.5914426883224173],"type":"Polygon","coordinates":[[[127.418226458543,-1.5914425995832302],[127.41834136426363,-1.5915453182384698],[127.41827757912391,-1.5916166712211388],[127.41816267340332,-1.5915139525658994],[127.418226458543,-1.5914425995832302]]]},"properties":{"id":null,"Pemilik":"","BLOK":"C2","No Rumah":8,"feature_id":"bangunan-21"}},{"type":"Feature","geometry":{"bbox":[127.41825124579051,-1.591511715308182,127.41843009306335,-1.5913378211374565],"type":"Polygon","coordinates":[[[127.41831510913475,-1.5913377324090872],[127.41843001486401,-1.5914404510580271],[127.41836622973143,-1.5915118040498366],[127.41825132400216,-1.5914090854008964],[127.41831510913475,-1.5913377324090872]]]},"properties":{"id":null,"Pemilik":"","BLOK":"C2","No Rumah":7,"feature_id":"bangunan-22"}},{"type":"Feature","geometry":{"bbox":[127.41833665308461,-1.5914036048355096,127.41851550033938,-1.5912297106405777],"type":"Polygon","coordinates":[[[127.418400516412,-1.591229621923025],[127.4185154221496,-1.591332340565509],[127.4184516370243,-1.591403693566347],[127.41833673128671,-1.5913009749238627],[127.418400516412,-1.591229621923025]]]},"properties":{"id":null,"Pemilik":"","BLOK":"C2","No Rumah":6,"feature_id":"bangunan-23"}},{"type":"Feature","geometry":{"bbox":[127.41781339830867,-1.5916803676256566,127.4179922456088,-1.5915064735449773],"type":"Polygon","coordinates":[[[127.41787726169531,-1.5915063847826474],[127.41799216737958,-1.591609103443576],[127.41792838223449,-1.591680456401275],[127.41781347655026,-1.591577737740345],[127.41787726169531,-1.5915063847826474]]]},"properties":{"id":null,"Pemilik":"","BLOK":"C2","No Rumah":1,"feature_id":"bangunan-24"}},{"type":"Feature","geometry":{"bbox":[127.41791502217332,-1.591574419362194,127.41809386945579,-1.5914005252547103],"type":"Polygon","coordinates":[[[127.41797888554248,-1.5914004365039882],[127.4180937912368,-1.5915031551584764],[127.41803000609895,-1.591574508126203],[127.41791510040466,-1.5914717894717143],[127.41797888554248,-1.5914004365039882]]]},"properties":{"id":null,"Pemilik":"","BLOK":"C2","No Rumah":2,"feature_id":"bangunan-25"}},{"type":"Feature","geometry":{"bbox":[127.41800259167579,-1.5914803632534196,127.4181814389426,-1.5913064691225973],"type":"Polygon","coordinates":[[[127.41806645502959,-1.59130638038203],[127.41818136073253,-1.5914090990308183],[127.41811757560109,-1.5914804520072738],[127.41800266989817,-1.5913777333584853],[127.41806645502959,-1.59130638038203]]]},"properties":{"id":null,"Pemilik":"","BLOK":"C2","No Rumah":3,"feature_id":"bangunan-26"}},{"type":"Feature","geometry":{"bbox":[127.41809502615216,-1.5913754960937407,127.41827387340146,-1.5912016019377917],"type":"Polygon","coordinates":[[[127.41815888948912,-1.5912015132082542],[127.41827379520112,-1.5913042318507198],[127.41821001007679,-1.5913755848365638],[127.41809510436482,-1.5912728661940985],[127.41815888948912,-1.5912015132082542]]]},"properties":{"id":null,"Pemilik":"","BLOK":"C2","No Rumah":4,"feature_id":"bangunan-27"}},{"type":"Feature","geometry":{"bbox":[127.41818367675764,-1.5912738722466908,127.41836252398997,-1.5910999780665511],"type":"Polygon","coordinates":[[[127.41824754007831,-1.5910998893476505],[127.418362445799,-1.591202607983995],[127.41829866068159,-1.5912739609788766],[127.41818375496092,-1.5911712423425328],[127.41824754007831,-1.5910998893476505]]]},"properties":{"id":null,"Pemilik":"","BLOK":"C2","No Rumah":5,"feature_id":"bangunan-28"}},{"type":"Feature","geometry":{"bbox":[127.41834800471615,-1.591068462348541,127.41852685191415,-1.59089456812206],"type":"Polygon","coordinates":[[[127.41841186800468,-1.590894479423824],[127.4185267737414,-1.5909971980478907],[127.4184629886379,-1.5910685510600606],[127.4183480829012,-1.5909658324359948],[127.41841186800468,-1.590894479423824]]]},"properties":{"id":null,"Pemilik":"","BLOK":"C3","No Rumah":1,"feature_id":"bangunan-29"}},{"type":"Feature","geometry":{"bbox":[127.41843665532211,-1.5909711629229817,127.41861550250391,-1.5907972686726968],"type":"Polygon","coordinates":[[[127.4185005185949,-1.5907971799848541],[127.41861542434033,-1.5908998986030374],[127.41855163924343,-1.5909712516241075],[127.41843673349803,-1.5908685330059247],[127.4185005185949,-1.5907971799848541]]]},"properties":{"id":null,"Pemilik":"","BLOK":"C3","No Rumah":2,"feature_id":"bangunan-30"}},{"type":"Feature","geometry":{"bbox":[127.41852098152667,-1.5908673768974353,127.41869982869112,-1.5906934826235168],"type":"Polygon","coordinates":[[[127.41858484478314,-1.5906933939461867],[127.41869975053682,-1.59079611255816],[127.41863596544695,-1.5908674655880484],[127.4185210596933,-1.5907647469760764],[127.41858484478314,-1.5906933939461867]]]},"properties":{"id":null,"Pemilik":"","BLOK":"C3","No Rumah":3,"feature_id":"bangunan-31"}},{"type":"Feature","geometry":{"bbox":[127.41860746989965,-1.5907700774391131,127.41878631704786,-1.5905961831417637],"type":"Polygon","coordinates":[[[127.41867133314045,-1.5905960944747044],[127.41878623890263,-1.5906988130808093],[127.41872245381937,-1.590770166119454],[127.41860754805722,-1.5906674475133509],[127.41867133314045,-1.5905960944747044]]]},"properties":{"id":null,"Pemilik":"","BLOK":"C3","No Rumah":4,"feature_id":"bangunan-32"}},{"type":"Feature","geometry":{"bbox":[127.41870476936414,-1.5906684536843594,127.4188836164954,-1.5904945593613442],"type":"Polygon","coordinates":[[[127.41876863258821,-1.5904944707054025],[127.41888353835996,-1.590597189305334],[127.41881975328364,-1.5906685423535811],[127.4187048475119,-1.5905658237536513],[127.41876863258821,-1.5904944707054025]]]},"properties":{"id":null,"Pemilik":"","BLOK":"C3","No Rumah":5,"feature_id":"bangunan-33"}},{"type":"Feature","geometry":{"bbox":[127.41850368379752,-1.5912154926153368,127.41868253102089,-1.5910415983751303],"type":"Polygon","coordinates":[[[127.41856754709461,-1.5910415096774284],[127.41868245284864,-1.5911442283085642],[127.4186186677361,-1.5912155813263218],[127.41850376198212,-1.5911128626951863],[127.41856754709461,-1.5910415096774284]]]},"properties":{"id":null,"Pemilik":"","BLOK":"C3","No Rumah":10,"feature_id":"bangunan-34"}},{"type":"Feature","geometry":{"bbox":[127.41859017219753,-1.5911073821433748,127.41876901940284,-1.5909334878787813],"type":"Polygon","coordinates":[[[127.41865403547773,-1.5909333991919543],[127.41876894124017,-1.5910361178166288],[127.41870515613496,-1.591107470843484],[127.41859025037256,-1.59100475221881],[127.41865403547773,-1.5909333991919543]]]},"properties":{"id":null,"Pemilik":"","BLOK":"C3","No Rumah":9,"feature_id":"bangunan-35"}},{"type":"Feature","geometry":{"bbox":[127.41868314721472,-1.5910144071447452,127.41886199440454,-1.5908405128559895],"type":"Polygon","coordinates":[[[127.4187470104794,-1.5908404241795566],[127.41886191625103,-1.590943142798558],[127.4187981311522,-1.5910144958344592],[127.41868322538056,-1.5909117772154593],[127.4187470104794,-1.5908404241795566]]]},"properties":{"id":null,"Pemilik":"","BLOK":"C3","No Rumah":8,"feature_id":"bangunan-36"}},{"type":"Feature","geometry":{"bbox":[127.41877179783539,-1.5909106210888575,127.41895064500787,-1.5907367267757289],"type":"Polygon","coordinates":[[[127.41883566108352,-1.5907366381100496],[127.41895056686383,-1.5908393567228136],[127.41888678177206,-1.5909107097678175],[127.41877187599174,-1.5908079911550552],[127.41883566108352,-1.5907366381100496]]]},"properties":{"id":null,"Pemilik":"","BLOK":"C3","No Rumah":7,"feature_id":"bangunan-37"}},{"type":"Feature","geometry":{"bbox":[127.4188604484448,-1.590793861769567,127.41903929559778,-1.5906199674309203],"type":"Polygon","coordinates":[[[127.41892431167496,-1.5906198787767174],[127.41903921746386,-1.590722597382534],[127.41897543237998,-1.5907939504370494],[127.41886052659106,-1.590691231831235],[127.41892431167496,-1.5906198787767174]]]},"properties":{"id":null,"Pemilik":"","BLOK":"C3","No Rumah":6,"feature_id":"bangunan-38"}},{"type":"Feature","geometry":{"bbox":[127.4179393471182,-1.590718184351955,127.41811819425568,-1.5905442901646505],"type":"Polygon","coordinates":[[[127.4180032103884,-1.59054420146303],[127.41811811607997,-1.5906469200704823],[127.41805433099779,-1.5907182730668612],[127.41793942530624,-1.5906155544594107],[127.4180032103884,-1.59054420146303]]]},"properties":{"id":null,"Pemilik":"","BLOK":"B4","No Rumah":1,"feature_id":"bangunan-39"}},{"type":"Feature","geometry":{"bbox":[127.41802583551667,-1.590618722717273,127.41820468263755,-1.590444828506342],"type":"Polygon","coordinates":[[[127.41808969877096,-1.5904447398151143],[127.41820460447099,-1.5905474584165793],[127.41814081939557,-1.5906188114217847],[127.41802591369554,-1.5905160928203208],[127.41808969877096,-1.5904447398151143]]]},"properties":{"id":null,"Pemilik":"","BLOK":"B4","No Rumah":2,"feature_id":"bangunan-40"}},{"type":"Feature","geometry":{"bbox":[127.41811881054142,-1.590521423292672,127.4182976576461,-1.5903475290571933],"type":"Polygon","coordinates":[[[127.4181826737797,-1.5903474403766018],[127.41829757948892,-1.590450158972158],[127.41823379442012,-1.5905215119865477],[127.41811888871092,-1.5904187933909928],[127.4181826737797,-1.5903474403766018]]]},"properties":{"id":null,"Pemilik":"","BLOK":"B4","No Rumah":3,"feature_id":"bangunan-41"}},{"type":"Feature","geometry":{"bbox":[127.41820746115017,-1.590424123876301,127.4183863082386,-1.5902502296170187],"type":"Polygon","coordinates":[[[127.41827132437265,-1.5902501409468195],[127.4183862300906,-1.5903528595364942],[127.41832244502842,-1.5904242125597827],[127.4182075393105,-1.59032149397011],[127.41827132437265,-1.5902501409468195]]]},"properties":{"id":null,"Pemilik":"","BLOK":"B4","No Rumah":4,"feature_id":"bangunan-42"}},{"type":"Feature","geometry":{"bbox":[127.41830043617595,-1.5903181755943265,127.41847928324674,-1.590144281309736],"type":"Polygon","coordinates":[[[127.41836429938147,-1.5901441926506534],[127.41847920510853,-1.590246911233947],[127.41841542005355,-1.5903182642666909],[127.41830051432652,-1.5902155456834006],[127.41836429938147,-1.5901441926506534]]]},"properties":{"id":null,"Pemilik":"","BLOK":"B4","No Rumah":5,"feature_id":"bangunan-43"}},{"type":"Feature","geometry":{"bbox":[127.41809610731102,-1.590859809094562,127.41827495447293,-1.5906859148928718],"type":"Polygon","coordinates":[[[127.4181599705891,-1.5906858261921435],[127.41827487629801,-1.5907885448063683],[127.41821109120717,-1.5908598978085748],[127.41809618549829,-1.5907571791943516],[127.4181599705891,-1.5906858261921435]]]},"properties":{"id":null,"Pemilik":"","BLOK":"B4","No Rumah":10,"feature_id":"bangunan-44"}},{"type":"Feature","geometry":{"bbox":[127.41818908233518,-1.5907592663561396,127.41836792948033,-1.5905853721296144],"type":"Polygon","coordinates":[[[127.41825294559686,-1.5905852834397027],[127.41836785131494,-1.5906880020478407],[127.41830406623096,-1.5907593550593342],[127.41818916051291,-1.5906566364511983],[127.41825294559686,-1.5905852834397027]]]},"properties":{"id":null,"Pemilik":"","BLOK":"B4","No Rumah":9,"feature_id":"bangunan-45"}},{"type":"Feature","geometry":{"bbox":[127.41827773293643,-1.590661966936166,127.41845658006535,-1.590488072685837],"type":"Polygon","coordinates":[[[127.41834159618234,-1.590487984006319],[127.41845650190915,-1.5905907026085746],[127.41839271683178,-1.590662055628967],[127.418277811105,-1.590559337026713],[127.41834159618234,-1.590487984006319]]]},"properties":{"id":null,"Pemilik":"","BLOK":"B4","No Rumah":8,"feature_id":"bangunan-46"}},{"type":"Feature","geometry":{"bbox":[127.41836854576066,-1.5905625052976486,127.41854739287302,-1.5903886110229546],"type":"Polygon","coordinates":[[[127.41843240899043,-1.5903885223540708],[127.41854731472618,-1.5904912409503127],[127.41848352965557,-1.5905625939798145],[127.41836862391985,-1.5904598753835746],[127.41843240899043,-1.5903885223540708]]]},"properties":{"id":null,"Pemilik":"","BLOK":"B4","No Rumah":7,"feature_id":"bangunan-47"}},{"type":"Feature","geometry":{"bbox":[127.41845395304713,-1.5904565570272677,127.41863280014178,-1.5902826627285649],"type":"Polygon","coordinates":[[[127.4185178162603,-1.590282574070373],[127.41863272200436,-1.5903852926602806],[127.41856893694093,-1.5904566456987403],[127.41845403119687,-1.5903539271088354],[127.4185178162603,-1.590282574070373]]]},"properties":{"id":null,"Pemilik":"","BLOK":"B4","No Rumah":6,"feature_id":"bangunan-48"}},{"type":"Feature","geometry":{"bbox":[127.41722473665337,-1.5923776801866671,127.41740358407002,-1.5922037862686707],"type":"Polygon","coordinates":[[[127.41728860015073,-1.5922036974344274],[127.41740350577734,-1.5923064161372504],[127.41733972058496,-1.5923777690342038],[127.41722481495836,-1.592275050331378],[127.41728860015073,-1.5922036974344274]]]},"properties":{"id":null,"Pemilik":"","BLOK":"G1","No Rumah":1,"feature_id":"bangunan-49"}},{"type":"Feature","geometry":{"bbox":[127.41737609131786,-1.5925203860344737,127.41755493875915,-1.5923464921031014],"type":"Polygon","coordinates":[[[127.41743995482352,-1.592346403269392],[127.41755486046696,-1.592449121979079],[127.41749107526583,-1.5925204748814759],[127.41737616962241,-1.5924177561717863],[127.41743995482352,-1.592346403269392]]]},"properties":{"id":null,"Pemilik":"","BLOK":"G1","No Rumah":8,"feature_id":"bangunan-50"}},{"type":"Feature","geometry":{"bbox":[127.41712743720521,-1.5924836284475214,127.41730628463954,-1.5923097345555988],"type":"Polygon","coordinates":[[[127.41719130071982,-1.5923096457099852],[127.41730620633685,-1.5924123644192245],[127.41724242113725,-1.5924837173064292],[127.41712751552024,-1.592380998597187],[127.41719130071982,-1.5923096457099852]]]},"properties":{"id":null,"Pemilik":"","BLOK":"G1","No Rumah":2,"feature_id":"bangunan-51"}},{"type":"Feature","geometry":{"bbox":[127.41729608954921,-1.5926284965062667,127.41747493700858,-1.5924546025981876],"type":"Polygon","coordinates":[[[127.41735995307143,-1.5924545137539583],[127.41747485870714,-1.5925572324700719],[127.4174110734987,-1.5926285853637894],[127.41729616786301,-1.5925258666476731],[127.41735995307143,-1.5924545137539583]]]},"properties":{"id":null,"Pemilik":"","BLOK":"G1","No Rumah":7,"feature_id":"bangunan-52"}},{"type":"Feature","geometry":{"bbox":[127.41703878660194,-1.5925809278705354,127.4172176340525,-1.5924070340024377],"type":"Polygon","coordinates":[[[127.41710265013235,-1.5924069451464216],[127.41721755574066,-1.592509663861549],[127.41715377053444,-1.592581016739847],[127.41703886492616,-1.5924782980247159],[127.41710265013235,-1.5924069451464216]]]},"properties":{"id":null,"Pemilik":"","BLOK":"G1","No Rumah":3,"feature_id":"bangunan-53"}},{"type":"Feature","geometry":{"bbox":[127.417205276735,-1.592727958140625,127.417384124211,-1.5925540642569314],"type":"Polygon","coordinates":[[[127.41726914027338,-1.5925539754020581],[127.41738404590014,-1.592656694124192],[127.41732026068493,-1.5927280470087923],[127.4172053550582,-1.5926253282866554],[127.41726914027338,-1.5925539754020581]]]},"properties":{"id":null,"Pemilik":"","BLOK":"G1","No Rumah":6,"feature_id":"bangunan-54"}},{"type":"Feature","geometry":{"bbox":[127.41695662262636,-1.5926890383504724,127.41713547009502,-1.5925151445060415],"type":"Polygon","coordinates":[[[127.41702048617347,-1.5925150556393826],[127.41713539177378,-1.5926177743609513],[127.41707160656026,-1.5926891272304262],[127.41695670095994,-1.5925864085088546],[127.41702048617347,-1.5925150556393826]]]},"properties":{"id":null,"Pemilik":"","BLOK":"G1","No Rumah":4,"feature_id":"bangunan-55"}},{"type":"Feature","geometry":{"bbox":[127.41711662618573,-1.5928339063996262,127.41729547367946,-1.5926600125405224],"type":"Polygon","coordinates":[[[127.4171804897409,-1.5926599236747627],[127.41729539535898,-1.5927626424032597],[127.4172316101366,-1.5928339952786807],[127.41711670451852,-1.59273127655018],[127.4171804897409,-1.5926599236747627]]]},"properties":{"id":null,"Pemilik":"","BLOK":"G1","No Rumah":5,"feature_id":"bangunan-56"}},{"type":"Feature","geometry":{"bbox":[127.41679445690167,-1.592874988358932,127.41697330440142,-1.5927010945587938],"type":"Polygon","coordinates":[[[127.4168583204786,-1.5927010056726583],[127.41697322606302,-1.592803724405436],[127.41690944083682,-1.5928750772583642],[127.41679453525242,-1.592772358525582],[127.4168583204786,-1.5927010056726583]]]},"properties":{"id":null,"Pemilik":"","BLOK":"G2","No Rumah":1,"feature_id":"bangunan-57"}},{"type":"Feature","geometry":{"bbox":[127.41695446040809,-1.593015531996578,127.41713330793215,-1.5928416381813824],"type":"Polygon","coordinates":[[[127.4170183239926,-1.5928415492963877],[127.41713322959475,-1.5929442680358579],[127.41706944435998,-1.5930156208948687],[127.41695453875785,-1.5929129021553947],[127.4170183239926,-1.5928415492963877]]]},"properties":{"id":null,"Pemilik":"","BLOK":"G2","No Rumah":1,"feature_id":"bangunan-58"}},{"type":"Feature","geometry":{"bbox":[127.41670796851716,-1.5929787744070945,127.41688681603426,-1.5928048806309887],"type":"Polygon","coordinates":[[[127.4167718321105,-1.5928047917342076],[127.41688673768647,-1.5929075104732169],[127.41682295245322,-1.5929788633171733],[127.4167080468773,-1.5928761445781598],[127.4167718321105,-1.5928047917342076]]]},"properties":{"id":null,"Pemilik":"","BLOK":"G2","No Rumah":2,"feature_id":"bangunan-59"}},{"type":"Feature","geometry":{"bbox":[127.4168593231752,-1.5931193180509569,127.41703817071655,-1.5929454242612784],"type":"Polygon","coordinates":[[[127.41692318677659,-1.5929453353651526],[127.41703809236934,-1.5930480541109093],[127.41697430712749,-1.59311940696038],[127.41685940153477,-1.5930166882146186],[127.41692318677659,-1.5929453353651526]]]},"properties":{"id":null,"Pemilik":"","BLOK":"G2","No Rumah":7,"feature_id":"bangunan-60"}},{"type":"Feature","geometry":{"bbox":[127.41661931789771,-1.5930782360468585,127.41679816543143,-1.592904342294775],"type":"Polygon","coordinates":[[[127.41668318150714,-1.5929042533874669],[127.41679808707435,-1.5930069721324858],[127.41673430183435,-1.5930783249674647],[127.41661939626714,-1.592975606222442],[127.41668318150714,-1.5929042533874669]]]},"properties":{"id":null,"Pemilik":"","BLOK":"G2","No Rumah":3,"feature_id":"bangunan-61"}},{"type":"Feature","geometry":{"bbox":[127.41677499698736,-1.593220941898973,127.41695384454572,-1.593047048132764],"type":"Polygon","coordinates":[[[127.4168388606048,-1.593046959226234],[127.41695376618934,-1.593149677978091],[127.4168899809406,-1.5932210308188008],[127.4167750753561,-1.593118312066939],[127.4168388606048,-1.593046959226234]]]},"properties":{"id":null,"Pemilik":"","BLOK":"G2","No Rumah":8,"feature_id":"bangunan-62"}},{"type":"Feature","geometry":{"bbox":[127.41652634287203,-1.5931863465267881,127.41670519042381,-1.5930124528002367],"type":"Polygon","coordinates":[[[127.4165902064987,-1.5930123638816769],[127.4167051120568,-1.5931150826332052],[127.41664132680947,-1.5931864354586478],[127.41652642125138,-1.5930837167071146],[127.4165902064987,-1.5930123638816769]]]},"properties":{"id":null,"Pemilik":"","BLOK":"G2","No Rumah":4,"feature_id":"bangunan-63"}},{"type":"Feature","geometry":{"bbox":[127.41668634638091,-1.5933225657371783,127.41686519395627,-1.593148671995184],"type":"Polygon","coordinates":[[[127.41675021001465,-1.5931485830780059],[127.41686511559047,-1.593251301835991],[127.41680133033483,-1.5933226546676542],[127.41668642475905,-1.5932199359096646],[127.41675021001465,-1.5931485830780059]]]},"properties":{"id":null,"Pemilik":"","BLOK":"G2","No Rumah":9,"feature_id":"bangunan-64"}},{"type":"Feature","geometry":{"bbox":[127.41644634110455,-1.5932901325773845,127.4166251886737,-1.593116238873755],"type":"Polygon","coordinates":[[[127.4165102047473,-1.5931161499449118],[127.41662511029764,-1.593218868702632],[127.41656132504328,-1.5932902215195281],[127.41644641949296,-1.5931875027618023],[127.4165102047473,-1.5931161499449118]]]},"properties":{"id":null,"Pemilik":"","BLOK":"G2","No Rumah":5,"feature_id":"bangunan-65"}},{"type":"Feature","geometry":{"bbox":[127.4166041823998,-1.5934263518024814,127.41678302999252,-1.593252458083779],"type":"Polygon","coordinates":[[[127.41666804604974,-1.593252369156197],[127.41678295161755,-1.5933550879203877],[127.41671916635488,-1.593426440743363],[127.41660426078711,-1.593323721979167],[127.41666804604974,-1.593252369156197]]]},"properties":{"id":null,"Pemilik":"","BLOK":"G2","No Rumah":10,"feature_id":"bangunan-66"}},{"type":"Feature","geometry":{"bbox":[127.41627768873055,-1.5934825692214574,127.41645653633184,-1.5933086755638235],"type":"Polygon","coordinates":[[[127.4163415524042,-1.5933085866147707],[127.41645645793797,-1.5934113053841015],[127.41639267267051,-1.5934826581838124],[127.41627776713676,-1.5933799394144759],[127.4163415524042,-1.5933085866147707]]]},"properties":{"id":null,"Pemilik":"","BLOK":"G3","No Rumah":1,"feature_id":"bangunan-67"}},{"type":"Feature","geometry":{"bbox":[127.41618903812312,-1.5935885174846591,127.41636788574216,-1.5934146238516287],"type":"Polygon","coordinates":[[[127.41625290181359,-1.593414534891683],[127.41636780733866,-1.5935172536673807],[127.41630402206403,-1.5935886064579063],[127.41618911653896,-1.5934858876822036],[127.41625290181359,-1.593414534891683]]]},"properties":{"id":null,"Pemilik":"","BLOK":"G3","No Rumah":2,"feature_id":"bangunan-68"}},{"type":"Feature","geometry":{"bbox":[127.41610038751732,-1.5936868980166374,127.41627923515279,-1.593513004407542],"type":"Polygon","coordinates":[[[127.41616425122373,-1.5935129154371277],[127.41627915674009,-1.5936156342187764],[127.41621537145872,-1.5936869870003556],[127.41610046594239,-1.5935842682187007],[127.41616425122373,-1.5935129154371277]]]},"properties":{"id":null,"Pemilik":"","BLOK":"G3","No Rumah":3,"feature_id":"bangunan-69"}},{"type":"Feature","geometry":{"bbox":[127.41600308806807,-1.5937874407459012,127.4161819357203,-1.5936135471624198],"type":"Polygon","coordinates":[[[127.4160669517911,-1.5936134581809278],[127.41618185729783,-1.593716176968702],[127.4161180720096,-1.5937875297406965],[127.41600316650289,-1.5936848109529158],[127.4160669517911,-1.5936134581809278]]]},"properties":{"id":null,"Pemilik":"","BLOK":"G3","No Rumah":4,"feature_id":"bangunan-70"}},{"type":"Feature","geometry":{"bbox":[127.41590578862365,-1.593879334660207,127.4160846362912,-1.593705441101577],"type":"Polygon","coordinates":[[[127.41596965236232,-1.59370535210949],[127.41608455785939,-1.5938080709029159],[127.41602077256485,-1.5938794236655984],[127.41590586706783,-1.5937767048721665],[127.41596965236232,-1.59370535210949]]]},"properties":{"id":null,"Pemilik":"","BLOK":"G3","No Rumah":5,"feature_id":"bangunan-71"}},{"type":"Feature","geometry":{"bbox":[127.41642904339793,-1.5936209506505787,127.41660789102316,-1.593447056979176],"type":"Polygon","coordinates":[[[127.4164929070794,-1.5934469680308994],[127.41660781262998,-1.59354968680686],[127.41654402735404,-1.593621039612156],[127.4164291218035,-1.5935183208361892],[127.4164929070794,-1.5934469680308994]]]},"properties":{"id":null,"Pemilik":"","BLOK":"G3","No Rumah":10,"feature_id":"bangunan-72"}},{"type":"Feature","geometry":{"bbox":[127.41634255499994,-1.5937225744948782,127.41652140264216,-1.5935486808473247],"type":"Polygon","coordinates":[[[127.41640641869758,-1.5935485918885193],[127.41652132423968,-1.593651310670596],[127.41645753895685,-1.5937226634669854],[127.4163426334148,-1.5936199446849029],[127.41640641869758,-1.5935485918885193]]]},"properties":{"id":null,"Pemilik":"","BLOK":"G3","No Rumah":9,"feature_id":"bangunan-73"}},{"type":"Feature","geometry":{"bbox":[127.41625822881218,-1.5938241983369543,127.41643707647142,-1.5936503047128792],"type":"Polygon","coordinates":[[[127.4163220925259,-1.5936502157436656],[127.41643699805975,-1.593752934531845],[127.41637321277003,-1.5938242873194697],[127.41625830723622,-1.5937215685312847],[127.4163220925259,-1.5936502157436656]]]},"properties":{"id":null,"Pemilik":"","BLOK":"G3","No Rumah":8,"feature_id":"bangunan-74"}},{"type":"Feature","geometry":{"bbox":[127.41616309158762,-1.5939193355580252,127.41634193926271,-1.5937454419587125],"type":"Polygon","coordinates":[[[127.41622695531723,-1.5937453529788466],[127.41634186084165,-1.5938480717728414],[127.4162780755454,-1.5939194245511952],[127.41616317002104,-1.5938167057571941],[127.41622695531723,-1.5937453529788466]]]},"properties":{"id":null,"Pemilik":"","BLOK":"G3","No Rumah":7,"feature_id":"bangunan-75"}},{"type":"Feature","geometry":{"bbox":[127.41607660317227,-1.5940252838115836,127.4162554508651,-1.5938513902365075],"type":"Polygon","coordinates":[[[127.41614046691858,-1.5938513012458684],[127.41625537243455,-1.5939540200462172],[127.41619158713112,-1.594025372815527],[127.41607668161518,-1.593922654015171],[127.41614046691858,-1.5938513012458684]]]},"properties":{"id":null,"Pemilik":"","BLOK":"G3","No Rumah":6,"feature_id":"bangunan-76"}},{"type":"Feature","geometry":{"bbox":[127.41560091709769,-1.593432838345505,127.41577976468861,-1.5932589447997692],"type":"Polygon","coordinates":[[[127.41566478080154,-1.5932588558154885],[127.41577968626369,-1.5933615745863505],[127.41571590099711,-1.5934329273430914],[127.41560099553499,-1.5933302085722232],[127.41566478080154,-1.5932588558154885]]]},"properties":{"id":null,"Pemilik":"","BLOK":"G3","No Rumah":1,"feature_id":"bangunan-77"}},{"type":"Feature","geometry":{"bbox":[127.41560091709769,-1.593432838345505,127.41577976468861,-1.5932589447997692],"type":"Polygon","coordinates":[[[127.41566478080154,-1.5932588558154885],[127.41577968626369,-1.5933615745863505],[127.41571590099711,-1.5934329273430914],[127.41560099553499,-1.5933302085722232],[127.41566478080154,-1.5932588558154885]]]},"properties":{"id":null,"Pemilik":"","BLOK":"F5","No Rumah":1,"feature_id":"bangunan-78"}},{"type":"Feature","geometry":{"bbox":[127.41550794207134,-1.593527975558944,127.41568678967812,-1.5933540820376049],"type":"Polygon","coordinates":[[[127.41557180579096,-1.5933539930427911],[127.41568671124391,-1.5934567118194543],[127.41562292597084,-1.593528064567064],[127.41550802051792,-1.5934253457903953],[127.41557180579096,-1.5933539930427911]]]},"properties":{"id":null,"Pemilik":"","BLOK":"F5","No Rumah":2,"feature_id":"bangunan-79"}},{"type":"Feature","geometry":{"bbox":[127.41566794558153,-1.593655545941977,127.41584679321043,-1.5934816524044257],"type":"Polygon","coordinates":[[[127.41573180930726,-1.5934815634114743],[127.41584671477786,-1.593584282194127],[127.41578292949703,-1.5936556349482343],[127.41566802402647,-1.5935529161655746],[127.41573180930726,-1.5934815634114743]]]},"properties":{"id":null,"Pemilik":"","BLOK":"F5","No Rumah":3,"feature_id":"bangunan-80"}},{"type":"Feature","geometry":{"bbox":[127.41575010955474,-1.5935582465169653,127.41592895716737,-1.5933843529566842],"type":"Polygon","coordinates":[[[127.41581397326499,-1.59338426397378],[127.41592887874364,-1.593486982750581],[127.41586509346942,-1.5935583355131744],[127.41575018799081,-1.5934556167363676],[127.41581397326499,-1.59338426397378]]]},"properties":{"id":null,"Pemilik":"","BLOK":"F5","No Rumah":4,"feature_id":"bangunan-81"}},{"type":"Feature","geometry":{"bbox":[127.41640988293781,-1.5940852113433723,127.41654634795486,-1.593948792629857],"type":"Polygon","coordinates":[[[127.4164099318072,-1.594021263437608],[127.41647543885524,-1.5939487377579893],[127.41654629909192,-1.5940127405425988],[127.41648079204387,-1.5940852662222111],[127.4164099318072,-1.594021263437608]]]},"properties":{"id":null,"Pemilik":"","BLOK":"G6","No Rumah":1,"feature_id":"bangunan-82"}},{"type":"Feature","geometry":{"bbox":[127.41640663960914,-1.5942808913173756,127.41654310465186,-1.5941444726175016],"type":"Polygon","coordinates":[[[127.4164066884846,-1.5942169434118334],[127.41647219554565,-1.5941444177387876],[127.41654305578281,-1.594208420530021],[127.41647754872176,-1.5942809462030605],[127.4164066884846,-1.5942169434118334]]]},"properties":{"id":null,"Pemilik":"","BLOK":"G6","No Rumah":3,"feature_id":"bangunan-83"}},{"type":"Feature","geometry":{"bbox":[127.41650177684467,-1.59416953752801,127.41663824187285,-1.5940331188079706],"type":"Polygon","coordinates":[[[127.4165018257138,-1.5941055896194432],[127.41656733276716,-1.5940330639363856],[127.41663819301016,-1.5940970667235144],[127.4165726859568,-1.5941695924065664],[127.4165018257138,-1.5941055896194432]]]},"properties":{"id":null,"Pemilik":"","BLOK":"G6","No Rumah":4,"feature_id":"bangunan-84"}},{"type":"Feature","geometry":{"bbox":[127.4166715103386,-1.5937792586990875,127.41680797531558,-1.5936428399301397],"type":"Polygon","coordinates":[[[127.4166715591905,-1.5937153107850064],[127.41673706621744,-1.5936427850778643],[127.41680792647009,-1.5937067878511983],[127.41674241944318,-1.5937793135583334],[127.4166715591905,-1.5937153107850064]]]},"properties":{"id":null,"Pemilik":"","BLOK":"G5","No Rumah":1,"feature_id":"bangunan-85"}},{"type":"Feature","geometry":{"bbox":[127.41656772425938,-1.5939014235307627,127.41670418925234,-1.5937650047838563],"type":"Polygon","coordinates":[[[127.41656777311825,-1.593837475619981],[127.41663328015356,-1.5937649499237827],[127.41670414039991,-1.593828952701616],[127.41663863336457,-1.5939014783978074],[127.41656777311825,-1.593837475619981]]]},"properties":{"id":null,"Pemilik":"","BLOK":"G5","No Rumah":2,"feature_id":"bangunan-86"}},{"type":"Feature","geometry":{"bbox":[127.41630934017704,-1.59419980844849,127.4164458052091,-1.5940633897560774],"type":"Polygon","coordinates":[[[127.41630938905303,-1.59413586054592],[127.41637489610902,-1.594063334876783],[127.41644575633954,-1.5941273376656255],[127.41638024928355,-1.594199863334756],[127.41630938905303,-1.59413586054592]]]},"properties":{"id":null,"Pemilik":"","BLOK":"G6","No Rumah":2,"feature_id":"bangunan-87"}},{"type":"Feature","geometry":{"bbox":[127.4166650236915,-1.5939835875036488,127.41680148869528,-1.5938471687493554],"type":"Polygon","coordinates":[[[127.41666507254986,-1.5939196395898956],[127.41673057959035,-1.5938471138898243],[127.41680143984334,-1.5939111166700854],[127.41673593280285,-1.5939836423701501],[127.41666507254986,-1.5939196395898956]]]},"properties":{"id":null,"Pemilik":"","BLOK":"G5","No Rumah":3,"feature_id":"bangunan-88"}},{"type":"Feature","geometry":{"bbox":[127.41675907980904,-1.5940657514763201,127.41689554482365,-1.5939293327150708],"type":"Polygon","coordinates":[[[127.41675912866702,-1.5940018035596974],[127.41682463571266,-1.593929277855971],[127.41689549597208,-1.5939932806386703],[127.41682998892645,-1.5940658063423903],[127.41675912866702,-1.5940018035596974]]]},"properties":{"id":null,"Pemilik":"","BLOK":"G5","No Rumah":4,"feature_id":"bangunan-89"}},{"type":"Feature","geometry":{"bbox":[127.41686394698647,-1.593948992162548,127.41700041198581,-1.5938125733794792],"type":"Polygon","coordinates":[[[127.41686399583764,-1.593885044242596],[127.41692950287519,-1.5938125185280296],[127.41700036314103,-1.593876521306408],[127.4169348561035,-1.5939490470209678],[127.41686399583764,-1.593885044242596]]]},"properties":{"id":null,"Pemilik":"","BLOK":"G5","No Rumah":5,"feature_id":"bangunan-90"}},{"type":"Feature","geometry":{"bbox":[127.41676340424105,-1.5938668281872823,127.41689986922958,-1.593730409412031],"type":"Polygon","coordinates":[[[127.41676345309283,-1.5938028802704014],[127.41682896012526,-1.593730354559925],[127.41689982038423,-1.593794357335889],[127.41683431335183,-1.5938668830463576],[127.41676345309283,-1.5938028802704014]]]},"properties":{"id":null,"Pemilik":"","BLOK":"G5","No Rumah":6,"feature_id":"bangunan-91"}},{"type":"Feature","geometry":{"bbox":[127.41693205662637,-1.5934841171028253,127.41706852156473,-1.5933476982793282],"type":"Polygon","coordinates":[[[127.41693210546119,-1.5934201691804688],[127.41699761246768,-1.5933476434462313],[127.41706847273632,-1.5934116462086612],[127.41700296572985,-1.5934841719428907],[127.41693210546119,-1.5934201691804688]]]},"properties":{"id":null,"Pemilik":"","BLOK":"G4","No Rumah":1,"feature_id":"bangunan-92"}},{"type":"Feature","geometry":{"bbox":[127.41683259497049,-1.5935911464725385,127.41696905992286,-1.593454727669483],"type":"Polygon","coordinates":[[[127.41683264381167,-1.5935271985533368],[127.41689815082557,-1.5934546728292596],[127.41696901108811,-1.5935186755956612],[127.41690350407421,-1.5935912013197313],[127.41683264381167,-1.5935271985533368]]]},"properties":{"id":null,"Pemilik":"","BLOK":"G4","No Rumah":2,"feature_id":"bangunan-93"}},{"type":"Feature","geometry":{"bbox":[127.41692773219513,-1.5936776348657595,127.41706419715888,-1.5935412160558977],"type":"Polygon","coordinates":[[[127.41692778103601,-1.5936136869436572],[127.41699328805537,-1.593541161215994],[127.41706414832441,-1.5936051639849762],[127.41699864130509,-1.593677689712633],[127.41692778103601,-1.5936136869436572]]]},"properties":{"id":null,"Pemilik":"","BLOK":"G4","No Rumah":3,"feature_id":"bangunan-94"}},{"type":"Feature","geometry":{"bbox":[127.41702611274228,-1.593565199970655,127.41716257769131,-1.5934287811401309],"type":"Polygon","coordinates":[[[127.41702616157669,-1.5935012520454281],[127.41709166858826,-1.5934287263075022],[127.41716252886333,-1.5934927290723342],[127.41709702185177,-1.5935652548102528],[127.41702616157669,-1.5935012520454281]]]},"properties":{"id":null,"Pemilik":"","BLOK":"G4","No Rumah":4,"feature_id":"bangunan-95"}},{"type":"Feature","geometry":{"bbox":[127.41531904817805,-1.5931338390304166,127.41545551306979,-1.5929974203976662],"type":"Polygon","coordinates":[[[127.41531909705188,-1.5930698911579557],[127.41538460404027,-1.5929973655207732],[127.41545546420237,-1.5930613682771073],[127.41538995721399,-1.5931338939142825],[127.41531909705188,-1.5930698911579557]]]},"properties":{"id":null,"Pemilik":"","BLOK":"F8","No Rumah":1,"feature_id":"bangunan-96"}},{"type":"Feature","geometry":{"bbox":[127.41692773219513,-1.5936776348657595,127.41706419715888,-1.5935412160558977],"type":"Polygon","coordinates":[[[127.41692778103601,-1.5936136869436572],[127.41699328805537,-1.593541161215994],[127.41706414832441,-1.5936051639849762],[127.41699864130509,-1.593677689712633],[127.41692778103601,-1.5936136869436572]]]},"properties":{"id":null,"Pemilik":"","BLOK":"G4","No Rumah":3,"feature_id":"bangunan-97"}},{"type":"Feature","geometry":{"bbox":[127.41521904597091,-1.5932516794496612,127.41535551087804,-1.5931152608381678],"type":"Polygon","coordinates":[[[127.41521909485144,-1.5931877315803828],[127.41528460184796,-1.5931152059537539],[127.41535546200396,-1.5931792087144265],[127.41528995500741,-1.5932517343410482],[127.41521909485144,-1.5931877315803828]]]},"properties":{"id":null,"Pemilik":"","BLOK":"F8","No Rumah":2,"feature_id":"bangunan-98"}},{"type":"Feature","geometry":{"bbox":[127.41531148043309,-1.593329519004455,127.41544794535046,-1.593193100385931],"type":"Polygon","coordinates":[[[127.41531152931313,-1.5932655711323516],[127.41537703631454,-1.593193045502037],[127.41544789647685,-1.5932570482650146],[127.41538238947543,-1.5933295738953226],[127.41531152931313,-1.5932655711323516]]]},"properties":{"id":null,"Pemilik":"","BLOK":"F8","No Rumah":3,"feature_id":"bangunan-99"}},{"type":"Feature","geometry":{"bbox":[127.41541094208634,-1.593222489632049,127.41554740698972,-1.593086070993071],"type":"Polygon","coordinates":[[[127.41541099096004,-1.593158541756787],[127.41547649795405,-1.5930860161163067],[127.41554735812245,-1.5931500188753127],[127.41548185112848,-1.5932225445157864],[127.41541099096004,-1.593158541756787]]]},"properties":{"id":null,"Pemilik":"","BLOK":"F8","No Rumah":4,"feature_id":"bangunan-100"}},{"type":"Feature","geometry":{"bbox":[127.41548770056204,-1.5927468035148946,127.415624165403,-1.5926103848335789],"type":"Polygon","coordinates":[[[127.41548774941876,-1.592682855636951],[127.41555325638093,-1.5926103299758532],[127.41562411655269,-1.5926743327185025],[127.41555860959053,-1.5927468583795925],[127.41548774941876,-1.592682855636951]]]},"properties":{"id":null,"Pemilik":"","BLOK":"F7","No Rumah":1,"feature_id":"bangunan-101"}},{"type":"Feature","geometry":{"bbox":[127.41538661724975,-1.592866806143181,127.41552308210645,-1.592730387483408],"type":"Polygon","coordinates":[[[127.4153866661133,-1.5928028582684544],[127.41545217308375,-1.5927303326180506],[127.41552303324933,-1.5927943353651153],[127.41545752627889,-1.5928668610155108],[127.4153866661133,-1.5928028582684544]]]},"properties":{"id":null,"Pemilik":"","BLOK":"F7","No Rumah":2,"feature_id":"bangunan-102"}},{"type":"Feature","geometry":{"bbox":[127.41548013281455,-1.592947889010953,127.41561659768193,-1.5928114703442264],"type":"Polygon","coordinates":[[[127.41548018167771,-1.59288394113337],[127.41554568865322,-1.5928114154793138],[127.4156165488252,-1.59287541822879],[127.4155510418497,-1.592947943882838],[127.41548018167771,-1.59288394113337]]]},"properties":{"id":null,"Pemilik":"","BLOK":"F7","No Rumah":3,"feature_id":"bangunan-103"}},{"type":"Feature","geometry":{"bbox":[127.41557851336441,-1.5928376163258833,127.41571497821737,-1.5927011976386303],"type":"Polygon","coordinates":[[[127.41557856222114,-1.5927736684451734],[127.41564406918904,-1.592701142780921],[127.41571492936704,-1.5927651455263196],[127.41564942239914,-1.592837671190564],[127.41557856222114,-1.5927736684451734]]]},"properties":{"id":null,"Pemilik":"","BLOK":"F7","No Rumah":6,"feature_id":"bangunan-104"}},{"type":"Feature","geometry":{"bbox":[127.41567581279692,-1.5929154558797427,127.41581227766012,-1.5927790371848147],"type":"Polygon","coordinates":[[[127.41567586165304,-1.5928515079960577],[127.4157413686258,-1.592778982327793],[127.41581222881044,-1.5928429850754793],[127.41574672183768,-1.5929155107437363],[127.41567586165304,-1.5928515079960577]]]},"properties":{"id":null,"Pemilik":"","BLOK":"F7","No Rumah":5,"feature_id":"bangunan-105"}},{"type":"Feature","geometry":{"bbox":[127.4155731078252,-1.5930300529831978,127.41570957270339,-1.5928936343096622],"type":"Polygon","coordinates":[[[127.41557315668801,-1.5929661051027761],[127.4156386636687,-1.5928935794451395],[127.41570952384704,-1.5929575821970645],[127.41564401686634,-1.5930301078546931],[127.41557315668801,-1.5929661051027761]]]},"properties":{"id":null,"Pemilik":"","BLOK":"F7","No Rumah":4,"feature_id":"bangunan-106"}},{"type":"Feature","geometry":{"bbox":[127.4158433840764,-1.5925338258903805,127.4159798488896,-1.5923974071474047],"type":"Polygon","coordinates":[[[127.41584343291564,-1.5924698780012505],[127.41590893986255,-1.5923973523093236],[127.41597980005679,-1.5924613550435145],[127.41591429310988,-1.5925338807354328],[127.41584343291564,-1.5924698780012505]]]},"properties":{"id":null,"Pemilik":"","BLOK":"F7","No Rumah":1,"feature_id":"bangunan-107"}},{"type":"Feature","geometry":{"bbox":[127.41575149015345,-1.5926430174737225,127.41588795498095,-1.592506598750335],"type":"Polygon","coordinates":[[[127.41575153899889,-1.5925790695875162],[127.41581704595333,-1.5925065439053137],[127.41588790614195,-1.592570546643521],[127.4158223991875,-1.5926430723257152],[127.41575153899889,-1.5925790695875162]]]},"properties":{"id":null,"Pemilik":"","BLOK":"F8","No Rumah":2,"feature_id":"bangunan-108"}},{"type":"Feature","geometry":{"bbox":[127.41583905963921,-1.5927316680711547,127.41597552447838,-1.5925952493421165],"type":"Polygon","coordinates":[[[127.41583910848468,-1.5926677201822825],[127.41590461544472,-1.5925951944970733],[127.41597547563936,-1.5926591972379678],[127.41590996867932,-1.592731722923169],[127.41583910848468,-1.5926677201822825]]]},"properties":{"id":null,"Pemilik":"","BLOK":"F8","No Rumah":3,"feature_id":"bangunan-109"}},{"type":"Feature","geometry":{"bbox":[127.41593311577152,-1.5926127465540503,127.4160695805951,-1.5924763278044793],"type":"Polygon","coordinates":[[[127.41593316461041,-1.5925487986621805],[127.41599867156225,-1.5924762729667865],[127.41606953176263,-1.592540275703328],[127.41600402481079,-1.5926128013987135],[127.41593316461041,-1.5925487986621805]]]},"properties":{"id":null,"Pemilik":"","BLOK":"F8","No Rumah":4,"feature_id":"bangunan-110"}},{"type":"Feature","geometry":{"bbox":[127.41697067703451,-1.5921592969928156,127.4171495244134,-1.5919854030991407],"type":"Polygon","coordinates":[[[127.4170345405204,-1.5919853142628235],[127.41714944611891,-1.5920880329552798],[127.41708566093983,-1.5921593858424272],[127.41697075534132,-1.5920566671499687],[127.4170345405204,-1.5919853142628235]]]},"properties":{"id":null,"Pemilik":"","BLOK":"F1","No Rumah":8,"feature_id":"bangunan-111"}},{"type":"Feature","geometry":{"bbox":[127.41673067175904,-1.5921279449313526,127.41690951913189,-1.59195405107612],"type":"Polygon","coordinates":[[[127.41679453525403,-1.5919539622280856],[127.4169094408271,-1.5920566809203294],[127.41684565564921,-1.5921280337926826],[127.41673075007617,-1.5920253151004367],[127.41679453525403,-1.5919539622280856]]]},"properties":{"id":null,"Pemilik":"","BLOK":"F1","No Rumah":2,"feature_id":"bangunan-112"}},{"type":"Feature","geometry":{"bbox":[127.41663877783336,-1.5922306498837944,127.41681762522339,-1.5920567560534242],"type":"Polygon","coordinates":[[[127.41670264134495,-1.5920566671945036],[127.41681754690897,-1.5921593858929517],[127.41675376172412,-1.5922307387560124],[127.4166388561601,-1.5921280200575614],[127.41670264134495,-1.5920566671945036]]]},"properties":{"id":null,"Pemilik":"","BLOK":"F1","No Rumah":3,"feature_id":"bangunan-113"}},{"type":"Feature","geometry":{"bbox":[127.41654904611956,-1.5923311926185315,127.41672789352636,-1.592157298812462],"type":"Polygon","coordinates":[[[127.41661290964737,-1.5921572099428953],[127.41672781520255,-1.5922599286474164],[127.41666403001085,-1.5923312815013948],[127.41654912445567,-1.5922285627968715],[127.41661290964737,-1.5921572099428953]]]},"properties":{"id":null,"Pemilik":"","BLOK":"F1","No Rumah":4,"feature_id":"bangunan-114"}},{"type":"Feature","geometry":{"bbox":[127.41688094532319,-1.5922620019426563,127.41705979271923,-1.5920881080734701],"type":"Polygon","coordinates":[[[127.41694480882555,-1.5920880192263884],[127.41705971441526,-1.5921907379250348],[127.41699592922919,-1.5922620908030336],[127.4168810236395,-1.5921593721043843],[127.41694480882555,-1.5920880192263884]]]},"properties":{"id":null,"Pemilik":"","BLOK":"F1","No Rumah":7,"feature_id":"bangunan-115"}},{"type":"Feature","geometry":{"bbox":[127.41679986245317,-1.5923679502106294,127.41697870986695,-1.5921940563647339],"type":"Polygon","coordinates":[[[127.41686372597191,-1.5921939675071917],[127.41697863155376,-1.5922966862121535],[127.41691484636051,-1.5923680390814685],[127.41679994077872,-1.5922653203765043],[127.41686372597191,-1.5921939675071917]]]},"properties":{"id":null,"Pemilik":"","BLOK":"F1","No Rumah":6,"feature_id":"bangunan-116"}},{"type":"Feature","geometry":{"bbox":[127.41671121184731,-1.5924706551596952,127.41689005927824,-1.5922967613381058],"type":"Polygon","coordinates":[[[127.41677507538249,-1.5922966724698577],[127.4168899809556,-1.5923993911810035],[127.41682619575542,-1.59247074404124],[127.41671129018229,-1.5923680253300911],[127.41677507538249,-1.5922966724698577]]]},"properties":{"id":null,"Pemilik":"","BLOK":"F1","No Rumah":5,"feature_id":"bangunan-117"}},{"type":"Feature","geometry":{"bbox":[127.4174182545185,-1.5913322518450528,127.41759710175849,-1.5911583578014357],"type":"Polygon","coordinates":[[[127.41748211788632,-1.5911582690363564],[127.41759702352684,-1.5912609876806998],[127.41753323840301,-1.5913323406234214],[127.41741833276251,-1.591229621979078],[127.41748211788632,-1.5911582690363564]]]},"properties":{"id":null,"Pemilik":"","BLOK":"B2","No Rumah":1,"feature_id":"bangunan-118"}},{"type":"Feature","geometry":{"bbox":[127.41750474291268,-1.5912327902178327,127.41768359013605,-1.5910588961505812],"type":"Polygon","coordinates":[[[127.41756860626455,-1.5910588073958987],[127.41768351191357,-1.5911615260342529],[127.41761972679647,-1.591232878985804],[127.4175048211475,-1.5911301603474497],[127.41756860626455,-1.5910588073958987]]]},"properties":{"id":null,"Pemilik":"","BLOK":"B2","No Rumah":2,"feature_id":"bangunan-119"}},{"type":"Feature","geometry":{"bbox":[127.41756528475975,-1.5914727954871555,127.41774413202401,-1.5912989014307213],"type":"Polygon","coordinates":[[[127.41762914813583,-1.59129881266605],[127.41774405379269,-1.5914015313171694],[127.41768026866023,-1.5914728842651158],[127.4175653630034,-1.5913701656139958],[127.41762914813583,-1.59129881266605]]]},"properties":{"id":null,"Pemilik":"","BLOK":"B2","No Rumah":3,"feature_id":"bangunan-120"}},{"type":"Feature","geometry":{"bbox":[127.41765609758133,-1.5913733338472238,127.41783494482898,-1.5911994397664135],"type":"Polygon","coordinates":[[[127.41771996094124,-1.5911993510123814],[127.41783486660705,-1.5913020696574847],[127.41777108148136,-1.5913734226145442],[127.4176561758156,-1.591270703969441],[127.41771996094124,-1.5911993510123814]]]},"properties":{"id":null,"Pemilik":"","BLOK":"B2","No Rumah":3,"feature_id":"bangunan-121"}},{"type":"Feature","geometry":{"bbox":[127.41576230116766,-1.593192218718782,127.41589876606723,-1.5930558000310502],"type":"Polygon","coordinates":[[[127.41576235002961,-1.5931282708325816],[127.41582785702046,-1.5930557451674943],[127.41589871721172,-1.5931197479242305],[127.41583321022087,-1.5931922735893105],[127.41576235002961,-1.5931282708325816]]]},"properties":{"id":null,"Pemilik":"","BLOK":"F4","No Rumah":2,"feature_id":"bangunan-122"}},{"type":"Feature","geometry":{"bbox":[127.41608338930999,-1.5932700582860275,127.41621985421992,-1.5931336395608728],"type":"Polygon","coordinates":[[[127.41608343816443,-1.5932061103898985],[127.4161489451594,-1.5931335847057546],[127.41621980537191,-1.59319758746398],[127.41615429837691,-1.5932701131481173],[127.41608343816443,-1.5932061103898985]]]},"properties":{"id":null,"Pemilik":"","BLOK":"F4","No Rumah":5,"feature_id":"bangunan-123"}},{"type":"Feature","geometry":{"bbox":[127.4159882520742,-1.5933803309743162,127.41612471699855,-1.593243912269254],"type":"Polygon","coordinates":[[[127.41598830093496,-1.5933163830812118],[127.41605380793756,-1.5932438574070449],[127.41612466814423,-1.5933078601693371],[127.4160591611416,-1.5933803858434963],[127.41598830093496,-1.5933163830812118]]]},"properties":{"id":null,"Pemilik":"","BLOK":"F4","No Rumah":3,"feature_id":"bangunan-124"}},{"type":"Feature","geometry":{"bbox":[127.41596273171976,-1.5931870948456928,127.41613580370424,-1.5930073800607514],"type":"Polygon","coordinates":[[[127.4161357547145,-1.593071515151485],[127.41603368361133,-1.5931871497422427],[127.41596278071836,-1.5931229597667225],[127.41606485181099,-1.5930073251739292],[127.4161357547145,-1.593071515151485]]]},"properties":{"id":null,"Pemilik":"","BLOK":"F4","No Rumah":6,"feature_id":"bangunan-125"}},{"type":"Feature","geometry":{"bbox":[127.41584705348924,-1.5933157463082641,127.41602012549589,-1.5931360315542278],"type":"Polygon","coordinates":[[[127.41602007649863,-1.5932001666412767],[127.41591800538124,-1.5933158012132542],[127.41584710249542,-1.5932516112329789],[127.41594917360223,-1.5931359766589652],[127.41602007649863,-1.5932001666412767]]]},"properties":{"id":null,"Pemilik":"","BLOK":"F4","No Rumah":3,"feature_id":"bangunan-126"}},{"type":"Feature","geometry":{"bbox":[127.41584272909138,-1.5930908765087217,127.41601580105986,-1.5929111617361538],"type":"Polygon","coordinates":[[[127.41601575206941,-1.592975296823208],[127.41591368097555,-1.593090931406115],[127.41584277809075,-1.5930267414334318],[127.41594484917404,-1.5929111068484876],[127.41601575206941,-1.592975296823208]]]},"properties":{"id":null,"Pemilik":"","BLOK":"F4","No Rumah":1,"feature_id":"bangunan-127"}},{"type":"Feature","geometry":{"bbox":[127.41621354805413,-1.5931114175331775,127.41638662002507,-1.592931702698656],"type":"Polygon","coordinates":[[[127.41638657104544,-1.5929958377972513],[127.41628449995174,-1.593111472418431],[127.41621359704263,-1.5930472824463446],[127.41631566812576,-1.5929316478231286],[127.41638657104544,-1.5929958377972513]]]},"properties":{"id":null,"Pemilik":"","BLOK":"F3","No Rumah":4,"feature_id":"bangunan-128"}},{"type":"Feature","geometry":{"bbox":[127.4163292262842,-1.5929751983367029,127.41650229823173,-1.5927954834706346],"type":"Polygon","coordinates":[[[127.41650224925986,-1.5928596185729182],[127.41640017818116,-1.5929752532132568],[127.41632927526494,-1.592911063246181],[127.41643134633311,-1.5927954286038055],[127.41650224925986,-1.5928596185729182]]]},"properties":{"id":null,"Pemilik":"","BLOK":"F3","No Rumah":5,"feature_id":"bangunan-129"}},{"type":"Feature","geometry":{"bbox":[127.41610327536975,-1.59301087477481,127.41627634732394,-1.5928311599506175],"type":"Polygon","coordinates":[[[127.41627629834402,-1.5928952950458406],[127.41617422726014,-1.59301092966042],[127.41610332435859,-1.5929467396913501],[127.41620539543189,-1.5928311050747332],[127.41627629834402,-1.5928952950458406]]]},"properties":{"id":null,"Pemilik":"","BLOK":"F3","No Rumah":3,"feature_id":"bangunan-130"}},{"type":"Feature","geometry":{"bbox":[127.41622111580978,-1.5928854666265468,127.4163941877424,-1.592705751771362],"type":"Polygon","coordinates":[[[127.41639413876995,-1.5927698868703344],[127.41629206769997,-1.5928855215037558],[127.41622116479114,-1.5928213315393378],[127.41632323585057,-1.5927056969038786],[127.41639413876995,-1.5927698868703344]]]},"properties":{"id":null,"Pemilik":"","BLOK":"F3","No Rumah":6,"feature_id":"bangunan-131"}},{"type":"Feature","geometry":{"bbox":[127.41602771242674,-1.592889509379666,127.4161641772867,-1.5927530906362128],"type":"Polygon","coordinates":[[[127.41602776127121,-1.592825561485029],[127.41609326824113,-1.5927530357922666],[127.41616412844864,-1.5928170385378277],[127.41609862147874,-1.592889564230582],[127.41602776127121,-1.592825561485029]]]},"properties":{"id":null,"Pemilik":"","BLOK":"F3","No Rumah":2,"feature_id":"bangunan-132"}},{"type":"Feature","geometry":{"bbox":[127.41612230911483,-1.5927824800193393,127.41625877396076,-1.592646061256087],"type":"Polygon","coordinates":[[[127.4161223579531,-1.592718532121697],[127.41618786491561,-1.5926460064191],[127.41625872512891,-1.5927100091607074],[127.41619321816641,-1.5927825348632962],[127.4161223579531,-1.592718532121697]]]},"properties":{"id":null,"Pemilik":"","BLOK":"F3","No Rumah":1,"feature_id":"bangunan-133"}},{"type":"Feature","geometry":{"bbox":[127.41639690976788,-1.592470040741719,127.41653337457295,-1.592333621920881],"type":"Polygon","coordinates":[[[127.41639695858812,-1.5924060928353518],[127.41646246552901,-1.5923335671041519],[127.41653332575915,-1.5923975698342256],[127.41646781881826,-1.5924700955654167],[127.41639695858812,-1.5924060928353518]]]},"properties":{"id":null,"Pemilik":"","BLOK":"F2","No Rumah":1,"feature_id":"bangunan-134"}},{"type":"Feature","geometry":{"bbox":[127.41628663706457,-1.5925922055786175,127.41642310188566,-1.5924557867806803],"type":"Polygon","coordinates":[[[127.41628668589198,-1.5925282576757513],[127.41635219284132,-1.5924557319559303],[127.41642305306469,-1.5925197346905242],[127.41635754611535,-1.5925922604103369],[127.41628668589198,-1.5925282576757513]]]},"properties":{"id":null,"Pemilik":"","BLOK":"F2","No Rumah":2,"feature_id":"bangunan-135"}},{"type":"Feature","geometry":{"bbox":[127.41640015306956,-1.592684099500324,127.41653661790272,-1.592547680693507],"type":"Polygon","coordinates":[[[127.41640020189624,-1.592620151593989],[127.41646570885135,-1.5925476258695235],[127.41653656908245,-1.5926116286068195],[127.41647106212736,-1.5926841543312773],[127.41640020189624,-1.592620151593989]]]},"properties":{"id":null,"Pemilik":"","BLOK":"F2","No Rumah":3,"feature_id":"bangunan-136"}},{"type":"Feature","geometry":{"bbox":[127.41650177693656,-1.5925684212826763,127.41663824175457,-1.592432002454546],"type":"Polygon","coordinates":[[[127.41650182575657,-1.5925044733731126],[127.41656733270365,-1.5924319476380608],[127.416638192941,-1.592495950371087],[127.41657268599391,-1.59256847610613],[127.41650182575657,-1.5925044733731126]]]},"properties":{"id":null,"Pemilik":"","BLOK":"F6","No Rumah":6,"feature_id":"bangunan-137"}},{"type":"Feature","geometry":{"bbox":[127.41647841877746,-1.5928033026822657,127.41665149069541,-1.592623587775838],"type":"Polygon","coordinates":[[[127.41665144173345,-1.5926877228828777],[127.41654937067368,-1.5928033575477318],[127.4164784677483,-1.592739167586988],[127.41658053879755,-1.5926235329200966],[127.41665144173345,-1.5926877228828777]]]},"properties":{"id":null,"Pemilik":"","BLOK":"F2","No Rumah":4,"feature_id":"bangunan-138"}},{"type":"Feature","geometry":{"bbox":[127.41660502244397,-1.5926635585134983,127.41674148727454,-1.5925271396780722],"type":"Polygon","coordinates":[[[127.41660507126373,-1.592599610600787],[127.4166705782168,-1.5925270848618869],[127.41674143846122,-1.5925910875977605],[127.41667593150815,-1.592663613336652],[127.41660507126373,-1.592599610600787]]]},"properties":{"id":null,"Pemilik":"","BLOK":"F6","No Rumah":5,"feature_id":"bangunan-139"}},{"type":"Feature","geometry":{"bbox":[127.41774423985672,-1.591105737337534,127.41791731148349,-1.5909260220683739],"type":"Polygon","coordinates":[[[127.41791726261285,-1.590990157215886],[127.41781519173854,-1.5911057921007405],[127.41774428873627,-1.591041602201779],[127.41784635960002,-1.5909259673148826],[127.41791726261285,-1.590990157215886]]]},"properties":{"id":null,"Pemilik":"","BLOK":"B3","No Rumah":3,"feature_id":"bangunan-140"}},{"type":"Feature","geometry":{"bbox":[127.41786208006864,-1.5909803288838198,127.41803515167383,-1.5908006135837007],"type":"Polygon","coordinates":[[[127.41803510281068,-1.5908647487349585],[127.41793303195021,-1.5909803836386336],[127.41786212894068,-1.5909161937443184],[127.41796419979059,-1.5908005588386007],[127.41803510281068,-1.5908647487349585]]]},"properties":{"id":null,"Pemilik":"","BLOK":"B3","No Rumah":6,"feature_id":"bangunan-141"}},{"type":"Feature","geometry":{"bbox":[127.41766867671613,-1.590984371973994,127.41780514132694,-1.5908479528839843],"type":"Polygon","coordinates":[[[127.41766872545165,-1.5909204240272126],[127.41773423228996,-1.5908478981623597],[127.41780509259786,-1.59091190083774],[127.41773958575955,-1.5909844267025817],[127.41766872545165,-1.5909204240272126]]]},"properties":{"id":null,"Pemilik":"","BLOK":"B3","No Rumah":2,"feature_id":"bangunan-142"}},{"type":"Feature","geometry":{"bbox":[127.41776327321026,-1.5908773423632863,127.41789973780709,-1.5907409232534984],"type":"Polygon","coordinates":[[[127.41776332193956,-1.5908133944135014],[127.4178288287705,-1.590740868538825],[127.4178996890842,-1.5908048712102567],[127.41783418225329,-1.5908773970849224],[127.41776332193956,-1.5908133944135014]]]},"properties":{"id":null,"Pemilik":"","BLOK":"B3","No Rumah":1,"feature_id":"bangunan-143"}},{"type":"Feature","geometry":{"bbox":[127.41797841306561,-1.5910616707485217,127.41811487768668,-1.5909252516226078],"type":"Polygon","coordinates":[[[127.41797846179392,-1.5909977227921754],[127.41804396863638,-1.5909251969090348],[127.41811482896478,-1.5909891995859273],[127.41804932212231,-1.5910617254690567],[127.41797846179392,-1.5909977227921754]]]},"properties":{"id":null,"Pemilik":"","BLOK":"B3","No Rumah":5,"feature_id":"bangunan-144"}},{"type":"Feature","geometry":{"bbox":[127.41787408644318,-1.5911746461949863,127.41801055107902,-1.591038227090542],"type":"Polygon","coordinates":[[[127.41787413517818,-1.591110698241948],[127.41793964202846,-1.5910381723694773],[127.41801050235043,-1.5911021750505538],[127.41794499550015,-1.5911747009230137],[127.41787413517818,-1.591110698241948]]]},"properties":{"id":null,"Pemilik":"","BLOK":"B3","No Rumah":4,"feature_id":"bangunan-145"}},{"type":"Feature","geometry":{"bbox":[127.41757894503063,-1.590709771342447,127.4177154096054,-1.5905733522458247],"type":"Polygon","coordinates":[[[127.41757899376047,-1.59064582339828],[127.41764450058088,-1.5905732975305407],[127.41771536088199,-1.5906373001969658],[127.41764985406158,-1.5907098260646932],[127.41757899376047,-1.59064582339828]]]},"properties":{"id":null,"Pemilik":"","BLOK":"B5","No Rumah":4,"feature_id":"bangunan-146"}},{"type":"Feature","geometry":{"bbox":[127.41748056447993,-1.5908189629233258,127.41761702906895,-1.590682543847131],"type":"Polygon","coordinates":[[[127.41748061321616,-1.590755014982281],[127.4175461200441,-1.5906824891246907],[127.41761698033916,-1.5907464917951508],[127.41755147351124,-1.5908190176527297],[127.41748061321616,-1.590755014982281]]]},"properties":{"id":null,"Pemilik":"","BLOK":"B5","No Rumah":3,"feature_id":"bangunan-147"}},{"type":"Feature","geometry":{"bbox":[127.41748380780739,-1.590629769579101,127.41762027237161,-1.590493350489711],"type":"Polygon","coordinates":[[[127.41748385653769,-1.590565821637838],[127.41754936335307,-1.5904932957738902],[127.41762022364769,-1.5905572984379492],[127.41755471683233,-1.5906298243018855],[127.41748385653769,-1.590565821637838]]]},"properties":{"id":null,"Pemilik":"","BLOK":"B5","No Rumah":1,"feature_id":"bangunan-148"}},{"type":"Feature","geometry":{"bbox":[127.41738650836503,-1.5907389611621037,127.41752297294354,-1.590602542092998],"type":"Polygon","coordinates":[[[127.4173865571017,-1.5906750132239282],[127.41745206392463,-1.5906024873700575],[127.4175229242133,-1.5906664900381478],[127.41745741739035,-1.5907390158920076],[127.4173865571017,-1.5906750132239282]]]},"properties":{"id":null,"Pemilik":"","BLOK":"B5","No Rumah":2,"feature_id":"bangunan-149"}},{"type":"Feature","geometry":{"bbox":[127.41764705467742,-1.5902373285418345,127.41778351919028,-1.5901009094043004],"type":"Polygon","coordinates":[[[127.41764710339066,-1.59017338059526],[127.41771261017954,-1.5901008547076185],[127.41778347048344,-1.5901648573578495],[127.41771796369457,-1.5902373832454788],[127.41764710339066,-1.59017338059526]]]},"properties":{"id":null,"Pemilik":"","BLOK":"B6","No Rumah":1,"feature_id":"bangunan-150"}},{"type":"Feature","geometry":{"bbox":[127.41754921468056,-1.5903530067518004,127.41768567920855,-1.5902165876350567],"type":"Polygon","coordinates":[[[127.41754926340037,-1.5902890588083345],[127.41761477019722,-1.590216532931015],[127.41768563049514,-1.590280535585497],[127.4176201236983,-1.590353061462805],[127.41754926340037,-1.5902890588083345]]]},"properties":{"id":null,"Pemilik":"","BLOK":"B6","No Rumah":2,"feature_id":"bangunan-151"}},{"type":"Feature","geometry":{"bbox":[127.41764435190129,-1.5904389545907762,127.41778081644058,-1.5903025354672022],"type":"Polygon","coordinates":[[[127.41764440062082,-1.5903750066444107],[127.41770990742305,-1.590302480763493],[127.41778076772749,-1.590366483420542],[127.41771526092523,-1.5904390093014482],[127.41764440062082,-1.5903750066444107]]]},"properties":{"id":null,"Pemilik":"","BLOK":"B6","No Rumah":3,"feature_id":"bangunan-152"}},{"type":"Feature","geometry":{"bbox":[127.41774921908161,-1.5903248980387168,127.417885683606,-1.59018847889353],"type":"Polygon","coordinates":[[[127.4177492677944,-1.5902609500890257],[127.41781477458875,-1.5901884241973672],[127.41788563489962,-1.5902524268501954],[127.41782012810528,-1.5903249527418415],[127.4177492677944,-1.5902609500890257]]]},"properties":{"id":null,"Pemilik":"","BLOK":"B6","No Rumah":6,"feature_id":"bangunan-153"}},{"type":"Feature","geometry":{"bbox":[127.41783624801562,-1.5904092242208872,127.4179727125511,-1.590272805069837],"type":"Polygon","coordinates":[[[127.41783629672832,-1.5903452762685473],[127.417901803528,-1.5902727503737828],[127.41797266384482,-1.5903367530291508],[127.41790715704516,-1.590409278923903],[127.41783629672832,-1.5903452762685473]]]},"properties":{"id":null,"Pemilik":"","BLOK":"B6","No Rumah":5,"feature_id":"bangunan-154"}},{"type":"Feature","geometry":{"bbox":[127.41774273243517,-1.590525983535462,127.41787919698592,-1.5903895644047004],"type":"Polygon","coordinates":[[[127.41774278115435,-1.5904620355860972],[127.41780828796202,-1.5903895097013985],[127.41787914827316,-1.5904535123610393],[127.41781364146549,-1.590526038245726],[127.41774278115435,-1.5904620355860972]]]},"properties":{"id":null,"Pemilik":"","BLOK":"B6","No Rumah":4,"feature_id":"bangunan-155"}},{"type":"Feature","geometry":{"bbox":[127.41800598150654,-1.5900189453933047,127.41814244599095,-1.5898825261934053],"type":"Polygon","coordinates":[[[127.41800603020205,-1.589954997435455],[127.4180715369753,-1.5898824715166358],[127.41814239730186,-1.5899464741582283],[127.41807689052861,-1.590019000077035],[127.41800603020205,-1.589954997435455]]]},"properties":{"id":null,"Pemilik":"","BLOK":"B7","No Rumah":1,"feature_id":"bangunan-156"}},{"type":"Feature","geometry":{"bbox":[127.41790868206105,-1.5901346236013436,127.41804514656059,-1.5899982044221581],"type":"Polygon","coordinates":[[[127.41790873076313,-1.5900706756465848],[127.41797423754434,-1.5899981497380493],[127.41804509786495,-1.5900621523838898],[127.41797959108374,-1.5901346782924137],[127.41790873076313,-1.5900706756465848]]]},"properties":{"id":null,"Pemilik":"","BLOK":"B7","No Rumah":2,"feature_id":"bangunan-157"}},{"type":"Feature","geometry":{"bbox":[127.41800598149344,-1.5902167875744562,127.41814244600378,-1.5900803683879001],"type":"Polygon","coordinates":[[[127.41800603019503,-1.5901528396167293],[127.41807153698139,-1.5900803137043285],[127.41814239730863,-1.5901443163526003],[127.41807689052227,-1.5902168422649887],[127.41800603019503,-1.5901528396167293]]]},"properties":{"id":null,"Pemilik":"","BLOK":"B7","No Rumah":3,"feature_id":"bangunan-158"}},{"type":"Feature","geometry":{"bbox":[127.41810328093862,-1.590104352677918,127.41823974543428,-1.589967933470867],"type":"Polygon","coordinates":[[[127.41810332963375,-1.590040404717102],[127.41816883641236,-1.5899678787945226],[127.41823969674553,-1.5900318814386558],[127.41817418996695,-1.5901044073612214],[127.41810332963375,-1.590040404717102]]]},"properties":{"id":null,"Pemilik":"","BLOK":"B7","No Rumah":4,"feature_id":"bangunan-159"}},{"type":"Feature","geometry":{"bbox":[127.41836166500714,-1.589997323322692,127.41849812948888,-1.5898609040741376],"type":"Polygon","coordinates":[[[127.41836171369104,-1.5899333753537925],[127.41842722046172,-1.5898608494104014],[127.41849808081139,-1.589924852050009],[127.41843257404071,-1.5899973779933871],[127.41836171369104,-1.5899333753537925]]]},"properties":{"id":null,"Pemilik":"","BLOK":"B8","No Rumah":1,"feature_id":"bangunan-160"}},{"type":"Feature","geometry":{"bbox":[127.418457883333,-1.590079487295991,127.41859434782559,-1.589943068040209],"type":"Polygon","coordinates":[[[127.41845793201648,-1.5900155393241575],[127.41852343879232,-1.5899430133769743],[127.41859429914852,-1.5900070160190154],[127.4185287923727,-1.5900795419661853],[127.41845793201648,-1.5900155393241575]]]},"properties":{"id":null,"Pemilik":"","BLOK":"B8","No Rumah":2,"feature_id":"bangunan-161"}},{"type":"Feature","geometry":{"bbox":[127.41905897759969,-1.5906151747763666,127.41919544216267,-1.5904787554769406],"type":"Polygon","coordinates":[[[127.41905902628106,-1.5905512267862216],[127.41912453309047,-1.5904787008160728],[127.41919539348773,-1.5905427034740565],[127.41912988667832,-1.5906152294441933],[127.41905902628106,-1.5905512267862216]]]},"properties":{"id":null,"Pemilik":"","BLOK":"C7","No Rumah":1,"feature_id":"bangunan-162"}},{"type":"Feature","geometry":{"bbox":[127.41915411483306,-1.590698960407497,127.41929057940708,-1.5905625411010949],"type":"Polygon","coordinates":[[[127.41915416351408,-1.5906350124144535],[127.41921967032872,-1.590562486440637],[127.41929053073247,-1.5906264891011082],[127.41922502391782,-1.5906990150749132],[127.41915416351408,-1.5906350124144535]]]},"properties":{"id":null,"Pemilik":"","BLOK":"C7","No Rumah":2,"feature_id":"bangunan-163"}},{"type":"Feature","geometry":{"bbox":[127.41908924851141,-1.5909719393699642,127.4192257131212,-1.5908355200905677],"type":"Polygon","coordinates":[[[127.4190892972028,-1.590907991379102],[127.41915480403576,-1.5908354654184886],[127.41922566443624,-1.5908994680884005],[127.41916015760327,-1.5909719940490024],[127.4190892972028,-1.590907991379102]]]},"properties":{"id":null,"Pemilik":"","BLOK":"C6","No Rumah":1,"feature_id":"bangunan-164"}},{"type":"Feature","geometry":{"bbox":[127.41899411127865,-1.5910876175803172,127.41913057590352,-1.5909511983213425],"type":"Polygon","coordinates":[[[127.4189941599765,-1.591023669592478],[127.41905966681745,-1.5909511436419987],[127.4191305272121,-1.5910151463161526],[127.4190650203712,-1.5910876722666196],[127.4189941599765,-1.591023669592478]]]},"properties":{"id":null,"Pemilik":"","BLOK":"C6","No Rumah":2,"feature_id":"bangunan-165"}},{"type":"Feature","geometry":{"bbox":[127.41919087236808,-1.5910605899729071,127.41932733698948,-1.5909241706860002],"type":"Polygon","coordinates":[[[127.41919092105904,-1.5909966419789494],[127.41925642789755,-1.5909241160143892],[127.41932728830497,-1.5909881186869292],[127.41926178146645,-1.5910606446514775],[127.41919092105904,-1.5909966419789494]]]},"properties":{"id":null,"Pemilik":"","BLOK":"C6","No Rumah":4,"feature_id":"bangunan-166"}},{"type":"Feature","geometry":{"bbox":[127.419087086289,-1.591177349287259,127.41922355092568,-1.5910409300219939],"type":"Polygon","coordinates":[[[127.41908713498673,-1.591113401296592],[127.41915264183328,-1.5910408753427825],[127.41922350223436,-1.5911048780196315],[127.41915799538778,-1.5911774039734294],[127.41908713498673,-1.591113401296592]]]},"properties":{"id":null,"Pemilik":"","BLOK":"C6","No Rumah":3,"feature_id":"bangunan-167"}},{"type":"Feature","geometry":{"bbox":[127.41882762111844,-1.5912822164378562,127.41896408576876,-1.5911457972140943],"type":"Polygon","coordinates":[[[127.41882766982737,-1.591218268455301],[127.41889317668173,-1.5911457425223066],[127.41896403706625,-1.59120974520362],[127.4188985302119,-1.5912822711366037],[127.41882766982737,-1.591218268455301]]]},"properties":{"id":null,"Pemilik":"","BLOK":"C5","No Rumah":1,"feature_id":"bangunan-168"}},{"type":"Feature","geometry":{"bbox":[127.41872707835797,-1.5913870835974386,127.41886354302197,-1.5912506643940907],"type":"Polygon","coordinates":[[[127.4187271270732,-1.591323135618067],[127.41879263393481,-1.5912506096952224],[127.41886349431316,-1.5913146123804338],[127.41879798745154,-1.591387138303267],[127.4187271270732,-1.591323135618067]]]},"properties":{"id":null,"Pemilik":"","BLOK":"C5","No Rumah":2,"feature_id":"bangunan-169"}},{"type":"Feature","geometry":{"bbox":[127.41892708275971,-1.5913632993056728,127.41906354742068,-1.5912268800741756],"type":"Polygon","coordinates":[[[127.41892713146804,-1.5912993513200833],[127.41899263832745,-1.5912268253830426],[127.41906349871873,-1.5912908280667364],[127.41899799185936,-1.5913633540037666],[127.41892713146804,-1.5912993513200833]]]},"properties":{"id":null,"Pemilik":"","BLOK":"C5","No Rumah":6,"feature_id":"bangunan-170"}},{"type":"Feature","geometry":{"bbox":[127.41883194551909,-1.5914757342021495,127.41896841019476,-1.5913393149908586],"type":"Polygon","coordinates":[[[127.41883199423381,-1.5914117862195802],[127.41889750110097,-1.591339260292571],[127.41896836148645,-1.5914032629803987],[127.41890285461929,-1.5914757889073974],[127.41883199423381,-1.5914117862195802]]]},"properties":{"id":null,"Pemilik":"","BLOK":"C5","No Rumah":3,"feature_id":"bangunan-171"}},{"type":"Feature","geometry":{"bbox":[127.41902330108209,-1.5914422199627687,127.41915976575348,-1.591305800723821],"type":"Polygon","coordinates":[[[127.41902334978991,-1.591378271974244],[127.41908885665423,-1.5913057460333038],[127.41915971705208,-1.5913697487193164],[127.41909421018777,-1.591442274660246],[127.41902334978991,-1.591378271974244]]]},"properties":{"id":null,"Pemilik":"","BLOK":"C5","No Rumah":5,"feature_id":"bangunan-172"}},{"type":"Feature","geometry":{"bbox":[127.41892167722041,-1.5915633037009715,127.41905814190763,-1.5914268844836739],"type":"Polygon","coordinates":[[[127.41892172593506,-1.5914993557156742],[127.41898723280775,-1.5914268297854806],[127.4190580931994,-1.5914908324759423],[127.41899258632672,-1.5915633584061248],[127.41892172593506,-1.5914993557156742]]]},"properties":{"id":null,"Pemilik":"","BLOK":"C5","No Rumah":4,"feature_id":"bangunan-173"}},{"type":"Feature","geometry":{"bbox":[127.4185713992473,-1.591582763564998,127.41870786393693,-1.5914463443955067],"type":"Polygon","coordinates":[[[127.41857144797335,-1.5915188155905773],[127.41863695484845,-1.5914462896845287],[127.41870781521732,-1.591510292376899],[127.41864230834221,-1.5915828182829366],[127.41857144797335,-1.5915188155905773]]]},"properties":{"id":null,"Pemilik":"","BLOK":"C4","No Rumah":1,"feature_id":"bangunan-174"}},{"type":"Feature","geometry":{"bbox":[127.41847085648699,-1.5916930362498352,127.41860732119102,-1.5915566171011262],"type":"Polygon","coordinates":[[[127.4184709052195,-1.5916290882786024],[127.4185364121022,-1.5915565623828802],[127.41860727246491,-1.5916205650793311],[127.4185417655822,-1.5916930909750422],[127.4184709052195,-1.5916290882786024]]]},"properties":{"id":null,"Pemilik":"","BLOK":"C4","No Rumah":2,"feature_id":"bangunan-175"}},{"type":"Feature","geometry":{"bbox":[127.4186654553633,-1.5916681708528104,127.41880192006414,-1.5915317516765917],"type":"Polygon","coordinates":[[[127.41866550408906,-1.591604222875525],[127.41873101096951,-1.5915316969659323],[127.41880187134481,-1.5915956996608487],[127.41873636446437,-1.5916682255704309],[127.41866550408906,-1.591604222875525]]]},"properties":{"id":null,"Pemilik":"","BLOK":"C4","No Rumah":4,"feature_id":"bangunan-176"}},{"type":"Feature","geometry":{"bbox":[127.41856923702527,-1.5917730380131778,127.41870570173981,-1.5916366188568025],"type":"Polygon","coordinates":[[[127.41856928575717,-1.5917090900389428],[127.4186347926449,-1.5916365641392103],[127.4187056530143,-1.5917005668380093],[127.41864014612659,-1.5917730927377314],[127.41856928575717,-1.5917090900389428]]]},"properties":{"id":null,"Pemilik":"","BLOK":"C4","No Rumah":3,"feature_id":"bangunan-177"}},{"type":"Feature","geometry":{"bbox":[127.41702859310321,-1.59098278172675,127.41710320241816,-1.5908930057733137],"type":"Polygon","coordinates":[[[127.41703075662537,-1.590892949839325],[127.41710320110549,-1.5908947276176792],[127.41710103889615,-1.59098283766397],[127.41702859441602,-1.590981059885615],[127.41703075662537,-1.590892949839325]]]},"properties":{"id":null,"Pemilik":"","BLOK":"A1","No Rumah":1,"feature_id":"bangunan-178"}},{"type":"Feature","geometry":{"bbox":[127.41702859310888,-1.5908740386305018,127.41710320241526,-1.5907842626730373],"type":"Polygon","coordinates":[[[127.41703075662625,-1.590784206742871],[127.41710320110269,-1.5907859845174055],[127.41710103889802,-1.5908740945638995],[127.41702859442162,-1.5908723167893646],[127.41703075662625,-1.590784206742871]]]},"properties":{"id":null,"Pemilik":"","BLOK":"A1","No Rumah":2,"feature_id":"bangunan-179"}},{"type":"Feature","geometry":{"bbox":[127.41703098141714,-1.5907736700895154,127.41711270626695,-1.5906781401834442],"type":"Polygon","coordinates":[[[127.41704067649461,-1.590678084578502],[127.41711270017687,-1.590686129789457],[127.41710301118981,-1.5907737256981374],[127.41703098750786,-1.5907656804872126],[127.41704067649461,-1.590678084578502]]]},"properties":{"id":null,"Pemilik":"","BLOK":"A1","No Rumah":3,"feature_id":"bangunan-180"}},{"type":"Feature","geometry":{"bbox":[127.41704198422747,-1.5906624767194757,127.41712548787564,-1.590565544859969],"type":"Polygon","coordinates":[[[127.4170536572524,-1.5905654894131358],[127.41712548053135,-1.5905751806148394],[127.41711381485106,-1.5906625321700951],[127.41704199157255,-1.5906528409684393],[127.4170536572524,-1.5905654894131358]]]},"properties":{"id":null,"Pemilik":"","BLOK":"A1","No Rumah":4,"feature_id":"bangunan-181"}},{"type":"Feature","geometry":{"bbox":[127.41705996215421,-1.5905563371277625,127.41714859193452,-1.5904554634798187],"type":"Polygon","coordinates":[[[127.41707759171818,-1.5904554086785898],[127.41714858081252,-1.5904700568109447],[127.41713096237108,-1.5905563919330765],[127.41705997327743,-1.5905417438008806],[127.41707759171818,-1.5904554086785898]]]},"properties":{"id":null,"Pemilik":"","BLOK":"A1","No Rumah":5,"feature_id":"bangunan-182"}},{"type":"Feature","geometry":{"bbox":[127.41708579800591,-1.5904401707697813,127.41717897353578,-1.5903359489779585],"type":"Polygon","coordinates":[[[127.41710909411354,-1.5903358950469135],[127.41717895882053,-1.5903552588850707],[127.4171556774288,-1.590440224705153],[127.41708581272283,-1.5904208608673323],[127.41710909411354,-1.5903358950469135]]]},"properties":{"id":null,"Pemilik":"","BLOK":"A1","No Rumah":6,"feature_id":"bangunan-183"}},{"type":"Feature","geometry":{"bbox":[127.41713296196693,-1.5903122169500474,127.4172312712186,-1.5902044376287874],"type":"Polygon","coordinates":[[[127.41716324107254,-1.590204385131067],[127.41723125207581,-1.5902295603774659],[127.41720099211373,-1.5903122694523293],[127.41713298111188,-1.5902870942065308],[127.41716324107254,-1.590204385131067]]]},"properties":{"id":null,"Pemilik":"","BLOK":"A1","No Rumah":7,"feature_id":"bangunan-184"}},{"type":"Feature","geometry":{"bbox":[127.41720305004478,-1.5901956756270679,127.41730671447695,-1.5900845646822037],"type":"Polygon","coordinates":[[[127.41726816149836,-1.5901957258709898],[127.41720307443602,-1.5901636646882276],[127.41724160302695,-1.5900845144430178],[127.41730669008851,-1.5901165756185858],[127.41726816149836,-1.5901957258709898]]]},"properties":{"id":null,"Pemilik":"","BLOK":"A1","No Rumah":8,"feature_id":"bangunan-185"}},{"type":"Feature","geometry":{"bbox":[127.41727156416601,-1.5900837576399558,127.4173802429097,-1.5899701840557647],"type":"Polygon","coordinates":[[[127.41731957804191,-1.5899701372531114],[127.41738021252301,-1.5900100726103619],[127.41733222903484,-1.5900838044473715],[127.41727159455618,-1.5900438690917522],[127.41731957804191,-1.5899701372531114]]]},"properties":{"id":null,"Pemilik":"","BLOK":"A1","No Rumah":9,"feature_id":"bangunan-186"}},{"type":"Feature","geometry":{"bbox":[127.41715799336221,-1.5909773299860273,127.41723260267581,-1.5908875540220409],"type":"Polygon","coordinates":[[[127.41716015687865,-1.5908874980928154],[127.41723260136325,-1.5908892758665147],[127.41723043915951,-1.5909773859184846],[127.41715799467488,-1.5909756081447837],[127.41716015687865,-1.5908874980928154]]]},"properties":{"id":null,"Pemilik":"","BLOK":"A1","No Rumah":18,"feature_id":"bangunan-187"}},{"type":"Feature","geometry":{"bbox":[127.41715934905254,-1.590876001412977,127.41723395835814,-1.5907862254451295],"type":"Polygon","coordinates":[[[127.41716151256446,-1.5907861695195131],[127.41723395704568,-1.5907879472896067],[127.41723179484637,-1.5908760573418252],[127.41715935036514,-1.590874279571731],[127.41716151256446,-1.5907861695195131]]]},"properties":{"id":null,"Pemilik":"","BLOK":"A1","No Rumah":17,"feature_id":"bangunan-188"}},{"type":"Feature","geometry":{"bbox":[127.41716355799093,-1.5907772797555042,127.41723816728869,-1.5906875037836643],"type":"Polygon","coordinates":[[[127.41716572149832,-1.5906874478616662],[127.41723816597634,-1.5906892256281462],[127.41723600378145,-1.590777335680734],[127.41716355930343,-1.5907755579142533],[127.41716572149832,-1.5906874478616662]]]},"properties":{"id":null,"Pemilik":"","BLOK":"A1","No Rumah":16,"feature_id":"bangunan-189"}},{"type":"Feature","geometry":{"bbox":[127.41716704352781,-1.5906837332151087,127.41725665030069,-1.5905821270159834],"type":"Polygon","coordinates":[[[127.41718585714872,-1.5905820723739648],[127.41725663842747,-1.5905977058702438],[127.4172378366803,-1.590683787861266],[127.41716705540234,-1.5906681543652115],[127.41718585714872,-1.5905820723739648]]]},"properties":{"id":null,"Pemilik":"","BLOK":"A1","No Rumah":15,"feature_id":"bangunan-190"}},{"type":"Feature","geometry":{"bbox":[127.4171865350146,-1.5905774257868894,127.41727499748139,-1.5904766782328799],"type":"Polygon","coordinates":[[[127.41720396349575,-1.5904766234092358],[127.41727498648768,-1.5904911042026495],[127.41725756900072,-1.5905774806146087],[127.41718654600949,-1.590562999821407],[127.41720396349575,-1.5904766234092358]]]},"properties":{"id":null,"Pemilik":"","BLOK":"A1","No Rumah":14,"feature_id":"bangunan-191"}},{"type":"Feature","geometry":{"bbox":[127.41721515158535,-1.5904772926999549,127.41730867784271,-1.5903728194770732],"type":"Polygon","coordinates":[[[127.41723890289488,-1.590372765629829],[127.41730866283959,-1.590392508292427],[127.41728492653384,-1.5904773465515445],[127.41721516659017,-1.5904576038893017],[127.41723890289488,-1.590372765629829]]]},"properties":{"id":null,"Pemilik":"","BLOK":"A1","No Rumah":13,"feature_id":"bangunan-192"}},{"type":"Feature","geometry":{"bbox":[127.41725642679863,-1.5903720406064523,127.41735754148284,-1.590262454379461],"type":"Polygon","coordinates":[[[127.41729087974953,-1.590262402939975],[127.41735751969337,-1.5902910518347888],[127.41732308853278,-1.590372092050602],[127.41725644859062,-1.5903434431565933],[127.41729087974953,-1.590262402939975]]]},"properties":{"id":null,"Pemilik":"","BLOK":"A1","No Rumah":12,"feature_id":"bangunan-193"}},{"type":"Feature","geometry":{"bbox":[127.41731222883327,-1.5902622670186506,127.41741821092492,-1.5901499041627072],"type":"Polygon","coordinates":[[[127.417354858206,-1.5901498552820026],[127.41741818395141,-1.5901853091369307],[127.41737558155319,-1.5902623159041254],[127.41731225580989,-1.5902268620504694],[127.417354858206,-1.5901498552820026]]]},"properties":{"id":null,"Pemilik":"","BLOK":"A1","No Rumah":11,"feature_id":"bangunan-194"}},{"type":"Feature","geometry":{"bbox":[127.41737456384374,-1.5901654703649686,127.41748373413742,-1.590051718141518],"type":"Polygon","coordinates":[[[127.41742366890233,-1.5900516718021451],[127.41748370305892,-1.5900925153615952],[127.41743462907992,-1.5901655167090942],[127.41737459492576,-1.5901246731513432],[127.41742366890233,-1.5900516718021451]]]},"properties":{"id":null,"Pemilik":"","BLOK":"A1","No Rumah":10,"feature_id":"bangunan-195"}},{"type":"Feature","geometry":{"bbox":[127.41747201395142,-1.589867638559735,127.41758428662393,-1.5897603194706738],"type":"Polygon","coordinates":[[[127.41754772897367,-1.5897602912741942],[127.4175842386693,-1.5898232853885808],[127.41750857160336,-1.5898676667594687],[127.41747206191076,-1.5898046726494637],[127.41754772897367,-1.5897602912741942]]]},"properties":{"id":null,"Pemilik":"","BLOK":"A2","No Rumah":1,"feature_id":"bangunan-196"}},{"type":"Feature","geometry":{"bbox":[127.41759057875923,-1.5897834500045538,127.41770113377113,-1.5896794139316603],"type":"Polygon","coordinates":[[[127.41766941661717,-1.589679389471686],[127.4177010838396,-1.5897449837390576],[127.41762229591504,-1.5897834744673485],[127.41759062869546,-1.589717880204792],[127.41766941661717,-1.589679389471686]]]},"properties":{"id":null,"Pemilik":"","BLOK":"A2","No Rumah":2,"feature_id":"bangunan-197"}},{"type":"Feature","geometry":{"bbox":[127.41771098918076,-1.5897104327720915,127.41781613530434,-1.5896148527532288],"type":"Polygon","coordinates":[[[127.41779475090148,-1.5896148362636977],[127.41781608225008,-1.5896845311023509],[127.41773237358579,-1.5897104492634877],[127.41771104223939,-1.5896407544303637],[127.41779475090148,-1.5896148362636977]]]},"properties":{"id":null,"Pemilik":"","BLOK":"A2","No Rumah":3,"feature_id":"bangunan-198"}},{"type":"Feature","geometry":{"bbox":[127.41783389412231,-1.5896514707895295,127.41793781421174,-1.5895576374110614],"type":"Polygon","coordinates":[[[127.41791832825454,-1.5895576223871286],[127.41793776073591,-1.5896278773650883],[127.41785338008175,-1.589651485815152],[127.41783394760245,-1.589581230842815],[127.41791832825454,-1.5895576223871286]]]},"properties":{"id":null,"Pemilik":"","BLOK":"A2","No Rumah":4,"feature_id":"bangunan-199"}},{"type":"Feature","geometry":{"bbox":[127.41796694042327,-1.5896095502079286,127.4180676955479,-1.5895200682454111],"type":"Polygon","coordinates":[[[127.41805269948091,-1.5895200566844827],[127.41806764123469,-1.589591415591617],[127.41798193649267,-1.5896095617701356],[127.41796699474052,-1.5895382028688099],[127.41805269948091,-1.5895200566844827]]]},"properties":{"id":null,"Pemilik":"","BLOK":"A2","No Rumah":5,"feature_id":"bangunan-200"}},{"type":"Feature","geometry":{"bbox":[127.41810492034219,-1.5895779634969376,127.4182018151601,-1.589493566295912],"type":"Polygon","coordinates":[[[127.41819171455785,-1.58949355850985],[127.41820176019269,-1.5895657803449417],[127.4181150209471,-1.589577971283842],[127.4181049753134,-1.5895057494547302],[127.41819171455785,-1.58949355850985]]]},"properties":{"id":null,"Pemilik":"","BLOK":"A2","No Rumah":6,"feature_id":"bangunan-201"}},{"type":"Feature","geometry":{"bbox":[127.41823388896717,-1.589560020299552,127.41832660227747,-1.5894809365154876],"type":"Polygon","coordinates":[[[127.41832129726865,-1.5894809324264763],[127.41832654692193,-1.5895536667661379],[127.41823919397882,-1.5895600243889945],[127.41823394432615,-1.5894872900554269],[127.41832129726865,-1.5894809324264763]]]},"properties":{"id":null,"Pemilik":"","BLOK":"A2","No Rumah":7,"feature_id":"bangunan-202"}},{"type":"Feature","geometry":{"bbox":[127.41838006557722,-1.5895581727724188,127.41846951296917,-1.5894830764111987],"type":"Polygon","coordinates":[[[127.41846951124711,-1.5894853392000148],[127.41846761778179,-1.5895582402551938],[127.41838006729944,-1.5895559099807368],[127.41838196076452,-1.589483008931692],[127.41846951124711,-1.5894853392000148]]]},"properties":{"id":null,"Pemilik":"","BLOK":"A2","No Rumah":8,"feature_id":"bangunan-203"}},{"type":"Feature","geometry":{"bbox":[127.41851992624755,-1.5895725220664636,127.41861164560858,-1.5894946192329824],"type":"Polygon","coordinates":[[[127.41861164167298,-1.589499791111091],[127.41860735641107,-1.5895725894498207],[127.41851993018355,-1.5895673501857588],[127.4185242154449,-1.5894945518531098],[127.41861164167298,-1.589499791111091]]]},"properties":{"id":null,"Pemilik":"","BLOK":"A2","No Rumah":9,"feature_id":"bangunan-204"}},{"type":"Feature","geometry":{"bbox":[127.41864391370682,-1.589607303413933,127.41874997967575,-1.589510306806989],"type":"Polygon","coordinates":[[[127.41874995845124,-1.5895382004742808],[127.41872699302539,-1.5896073674405125],[127.41864393493366,-1.5895794097462248],[127.41866690035623,-1.5895102427852452],[127.41874995845124,-1.5895382004742808]]]},"properties":{"id":null,"Pemilik":"","BLOK":"A2","No Rumah":10,"feature_id":"bangunan-205"}},{"type":"Feature","geometry":{"bbox":[127.4187744607204,-1.589662920703891,127.41888541479916,-1.5895580780327225],"type":"Polygon","coordinates":[[[127.41888538445016,-1.5895979654166685],[127.41885255969432,-1.5896629808895044],[127.41877449107278,-1.5896230333208023],[127.41880731582384,-1.5895580178523265],[127.41888538445016,-1.5895979654166685]]]},"properties":{"id":null,"Pemilik":"","BLOK":"A2","No Rumah":11,"feature_id":"bangunan-206"}},{"type":"Feature","geometry":{"bbox":[127.41890141298641,-1.5897178462966521,127.41901400286727,-1.5896097174555184],"type":"Polygon","coordinates":[[[127.41901396787195,-1.5896557135582108],[127.41897612181913,-1.5897179038671365],[127.41890144798558,-1.589671850195555],[127.41893929403288,-1.5896096598903264],[127.41901396787195,-1.5896557135582108]]]},"properties":{"id":null,"Pemilik":"","BLOK":"A2","No Rumah":12,"feature_id":"bangunan-207"}},{"type":"Feature","geometry":{"bbox":[127.41901742437906,-1.5897889904095706,127.4191308067058,-1.5896787414270044],"type":"Polygon","coordinates":[[[127.41913076818541,-1.5897293722332497],[127.41908911262692,-1.5897890456508645],[127.41901746290367,-1.5897383596054309],[127.41905911845602,-1.5896786861909953],[127.41913076818541,-1.5897293722332497]]]},"properties":{"id":null,"Pemilik":"","BLOK":"A2","No Rumah":13,"feature_id":"bangunan-208"}},{"type":"Feature","geometry":{"bbox":[127.41893948104688,-1.5899097702300475,127.4190519182931,-1.5898019860697843],"type":"Polygon","coordinates":[[[127.41905188381995,-1.5898472915492081],[127.41901460543139,-1.589909828126335],[127.41893951552389,-1.5898644647521112],[127.41897679390694,-1.5898019281787859],[127.41905188381995,-1.5898472915492081]]]},"properties":{"id":null,"Pemilik":"","BLOK":"A2","No Rumah":14,"feature_id":"bangunan-209"}},{"type":"Feature","geometry":{"bbox":[127.41883299846306,-1.5898488324309565,127.41894204556345,-1.5897472487485702],"type":"Polygon","coordinates":[[[127.41894201925035,-1.5897818289725392],[127.41891355709674,-1.5898488945169689],[127.41883302477909,-1.5898142522072882],[127.41886148692858,-1.5897471866676411],[127.41894201925035,-1.5897818289725392]]]},"properties":{"id":null,"Pemilik":"","BLOK":"A2","No Rumah":15,"feature_id":"bangunan-210"}},{"type":"Feature","geometry":{"bbox":[127.4187180127257,-1.5897952621688474,127.41882568106436,-1.589695854548726],"type":"Polygon","coordinates":[[[127.4188256572351,-1.5897271692449815],[127.41879987949741,-1.589795325265474],[127.41871803655758,-1.5897639474725291],[127.41874381429159,-1.5896957914570724],[127.4188256572351,-1.5897271692449815]]]},"properties":{"id":null,"Pemilik":"","BLOK":"A2","No Rumah":16,"feature_id":"bangunan-211"}},{"type":"Feature","geometry":{"bbox":[127.41860856396245,-1.5897544430187347,127.41871009590503,-1.5896638412153412],"type":"Polygon","coordinates":[[[127.41871008101278,-1.5896834105597897],[127.41869395894734,-1.5897545088374334],[127.41860857885631,-1.5897348736729717],[127.4186247009195,-1.5896637754010632],[127.41871008101278,-1.5896834105597897]]]},"properties":{"id":null,"Pemilik":"","BLOK":"A2","No Rumah":17,"feature_id":"bangunan-212"}},{"type":"Feature","geometry":{"bbox":[127.41849227672719,-1.5897192199880443,127.41859037907432,-1.589633188304133],"type":"Polygon","coordinates":[[[127.41859036832878,-1.589647307869202],[127.41857872666043,-1.5897192866232566],[127.41849228747391,-1.589705100421164],[127.41850392914068,-1.589633121673017],[127.41859036832878,-1.589647307869202]]]},"properties":{"id":null,"Pemilik":"","BLOK":"A2","No Rumah":18,"feature_id":"bangunan-213"}},{"type":"Feature","geometry":{"bbox":[127.41837333807018,-1.5896985890949822,127.41846111246495,-1.5896255358732274],"type":"Polygon","coordinates":[[[127.41846111231654,-1.5896257309125221],[127.41846091893446,-1.589698656606091],[127.41837333821864,-1.5896983940526805],[127.41837353160068,-1.5896254683652287],[127.41846111231654,-1.5896257309125221]]]},"properties":{"id":null,"Pemilik":"","BLOK":"A2","No Rumah":19,"feature_id":"bangunan-214"}},{"type":"Feature","geometry":{"bbox":[127.41824317790764,-1.5896999053605143,127.4183347242096,-1.5896222760530188],"type":"Polygon","coordinates":[[[127.41833068337041,-1.5896222729381486],[127.41833466878685,-1.589695088514712],[127.4182472187497,-1.5896999084757106],[127.41824323333377,-1.589627092905257],[127.41833068337041,-1.5896222729381486]]]},"properties":{"id":null,"Pemilik":"","BLOK":"A2","No Rumah":20,"feature_id":"bangunan-215"}},{"type":"Feature","geometry":{"bbox":[127.41812613907277,-1.5897190252762148,127.41822147315534,-1.5896366316456834],"type":"Polygon","coordinates":[[[127.41821321553736,-1.5896366252797987],[127.41822141800336,-1.5897090825513611],[127.41813439669345,-1.589719031642782],[127.41812619422842,-1.5896465743772628],[127.41821321553736,-1.5896366252797987]]]},"properties":{"id":null,"Pemilik":"","BLOK":"A2","No Rumah":21,"feature_id":"bangunan-216"}},{"type":"Feature","geometry":{"bbox":[127.41800675002447,-1.5897430544535294,127.41810611798901,-1.5896554234891145],"type":"Polygon","coordinates":[[[127.4180929432041,-1.5896554133316572],[127.418106063396,-1.5897271340492898],[127.41801992481189,-1.5897430646121014],[127.41800680462147,-1.5896713439003582],[127.4180929432041,-1.5896554133316572]]]},"properties":{"id":null,"Pemilik":"","BLOK":"A2","No Rumah":22,"feature_id":"bangunan-217"}},{"type":"Feature","geometry":{"bbox":[127.4178838237179,-1.589784209654895,127.41798680824402,-1.5896916839298278],"type":"Polygon","coordinates":[[[127.41796870521087,-1.5896916699714112],[127.41798675448074,-1.5897622976402446],[127.41790192675332,-1.5897842236148747],[127.41788387748541,-1.5897135959517268],[127.41796870521087,-1.5896916699714112]]]},"properties":{"id":null,"Pemilik":"","BLOK":"A2","No Rumah":23,"feature_id":"bangunan-218"}},{"type":"Feature","geometry":{"bbox":[127.41776909532686,-1.5898441999391166,127.41787932794429,-1.5897407251096336],"type":"Polygon","coordinates":[[[127.41784837596408,-1.5897407012415294],[127.41787927773527,-1.5898066642028936],[127.41780004730893,-1.5898442238099708],[127.41776914554057,-1.589778260853483],[127.41784837596408,-1.5897407012415294]]]},"properties":{"id":null,"Pemilik":"","BLOK":"A2","No Rumah":24,"feature_id":"bangunan-219"}},{"type":"Feature","geometry":{"bbox":[127.41766201916926,-1.5899001220786633,127.41777429184573,-1.5897928029711095],"type":"Polygon","coordinates":[[[127.41773773419153,-1.5897927747774392],[127.41777424389586,-1.5898557688948034],[127.41769857682513,-1.5899001502755874],[127.41766206712383,-1.5898371561626041],[127.41773773419153,-1.5897927747774392]]]},"properties":{"id":null,"Pemilik":"","BLOK":"A2","No Rumah":25,"feature_id":"bangunan-220"}},{"type":"Feature","geometry":{"bbox":[127.41755791654425,-1.589976101254895,127.41767018922843,-1.5898687821626734],"type":"Polygon","coordinates":[[[127.41763363157474,-1.5898687539658012],[127.41767014127315,-1.5899317480831394],[127.41759447419965,-1.5899761294550205],[127.41755796450427,-1.5899131353420644],[127.41763363157474,-1.5898687539658012]]]},"properties":{"id":null,"Pemilik":"","BLOK":"A2","No Rumah":26,"feature_id":"bangunan-221"}},{"type":"Feature","geometry":{"bbox":[127.41526365224271,-1.5924185896776315,127.41537733875492,-1.5923072619594048],"type":"Polygon","coordinates":[[[127.4153333875452,-1.592307227958651],[127.41537729446387,-1.5923652436217997],[127.41530760345395,-1.59241862368226],[127.41526369653843,-1.5923606080227324],[127.4153333875452,-1.592307227958651]]]},"properties":{"id":null,"Pemilik":"","BLOK":"E1","No Rumah":8,"feature_id":"bangunan-222"}},{"type":"Feature","geometry":{"bbox":[127.41537574097985,-1.592336010127797,127.41548942748328,-1.5922246823926387],"type":"Polygon","coordinates":[[[127.41544547627292,-1.5922246483960518],[127.41548938319764,-1.592282664058256],[127.41541969219172,-1.5923360441282568],[127.41537578527011,-1.592278028469708],[127.41544547627292,-1.5922246483960518]]]},"properties":{"id":null,"Pemilik":"","BLOK":"E1","No Rumah":7,"feature_id":"bangunan-223"}},{"type":"Feature","geometry":{"bbox":[127.41548473662078,-1.5922597423194773,127.41559761074646,-1.5921510529368967],"type":"Polygon","coordinates":[[[127.41555878094793,-1.5921510229052473],[127.41559756372317,-1.5922126258791973],[127.4155235664209,-1.5922597723545804],[127.4154847836488,-1.592198169384792],[127.41555878094793,-1.5921510229052473]]]},"properties":{"id":null,"Pemilik":"","BLOK":"E1","No Rumah":6,"feature_id":"bangunan-224"}},{"type":"Feature","geometry":{"bbox":[127.41561024941961,-1.5921913602781306,127.41571600412904,-1.5920948978663343],"type":"Polygon","coordinates":[[[127.41569363587186,-1.5920948805683235],[127.41571595116088,-1.5921642626129464],[127.41563261767891,-1.5921913775781005],[127.41561030239221,-1.5921219955389068],[127.41569363587186,-1.5920948805683235]]]},"properties":{"id":null,"Pemilik":"","BLOK":"E1","No Rumah":5,"feature_id":"bangunan-225"}},{"type":"Feature","geometry":{"bbox":[127.41573929521624,-1.5921354154780576,127.41583692100028,-1.5920500711140022],"type":"Polygon","coordinates":[[[127.41582593294928,-1.5920500626175473],[127.4158368659624,-1.5921221537283254],[127.41575028326979,-1.592135423975434],[127.41573935025795,-1.5920633328705809],[127.41582593294928,-1.5920500626175473]]]},"properties":{"id":null,"Pemilik":"","BLOK":"E1","No Rumah":4,"feature_id":"bangunan-226"}},{"type":"Feature","geometry":{"bbox":[127.41584517115348,-1.5921102336993105,127.41594304056638,-1.5920245720069728],"type":"Polygon","coordinates":[[[127.41593175291798,-1.5920245632795793],[127.41594298556889,-1.592096607728196],[127.41585645880441,-1.5921102424276519],[127.41584522615484,-1.5920381979850076],[127.41593175291798,-1.5920245632795793]]]},"properties":{"id":null,"Pemilik":"","BLOK":"E1","No Rumah":3,"feature_id":"bangunan-227"}},{"type":"Feature","geometry":{"bbox":[127.41596325309685,-1.5920896675433194,127.41605357665922,-1.592013551127003],"type":"Polygon","coordinates":[[[127.41605083045243,-1.5920135490038572],[127.41605352102638,-1.5920864245871447],[127.41596599930658,-1.5920896696666857],[127.41596330873296,-1.5920167940895429],[127.41605083045243,-1.5920135490038572]]]},"properties":{"id":null,"Pemilik":"","BLOK":"E1","No Rumah":2,"feature_id":"bangunan-228"}},{"type":"Feature","geometry":{"bbox":[127.41607339036531,-1.5920760200777753,127.4161613500176,-1.592002742015588],"type":"Polygon","coordinates":[[[127.41607339068665,-1.592075599177458],[127.41607376993818,-1.5920026743089863],[127.41616134969628,-1.5920031629189053],[127.41616097045086,-1.592076087787514],[127.41607339068665,-1.592075599177458]]]},"properties":{"id":null,"Pemilik":"","BLOK":"E1","No Rumah":1,"feature_id":"bangunan-229"}},{"type":"Feature","geometry":{"bbox":[127.4160904552672,-1.5922146876017904,127.41617997528871,-1.5921395590374123],"type":"Polygon","coordinates":[[[127.41617806401041,-1.5921395575597674],[127.4161799196353,-1.5922124595176093],[127.41609236654847,-1.5922146890795894],[127.41609051092382,-1.5921417871279309],[127.41617806401041,-1.5921395575597674]]]},"properties":{"id":null,"Pemilik":"","BLOK":"E1","No Rumah":16,"feature_id":"bangunan-230"}},{"type":"Feature","geometry":{"bbox":[127.41534957147779,-1.5925397501350431,127.41546334636239,-1.5924273483726388],"type":"Polygon","coordinates":[[[127.41541678491059,-1.5924273123518085],[127.41546330367566,-1.5924832286552972],[127.41539613293101,-1.5925397861599442],[127.41534961416907,-1.592483869859818],[127.41541678491059,-1.5924273123518085]]]},"properties":{"id":null,"Pemilik":"","BLOK":"E1","No Rumah":9,"feature_id":"bangunan-231"}},{"type":"Feature","geometry":{"bbox":[127.41544693240843,-1.5924537868798152,127.41555973849512,-1.592345263802213],"type":"Polygon","coordinates":[[[127.41552119493774,-1.5923452339876047],[127.41555969132608,-1.5924070186133341],[127.41548547596746,-1.592453816697853],[127.41544697958221,-1.5923920320762843],[127.41552119493774,-1.5923452339876047]]]},"properties":{"id":null,"Pemilik":"","BLOK":"E1","No Rumah":10,"feature_id":"bangunan-232"}},{"type":"Feature","geometry":{"bbox":[127.41556395565256,-1.592378274602642,127.41567510297124,-1.5922731726034105],"type":"Polygon","coordinates":[[[127.4156418877735,-1.592273146913527],[127.41567505347119,-1.5923379868116698],[127.41559717085211,-1.5923783002954863],[127.41556400515731,-1.5923134604020017],[127.4156418877735,-1.592273146913527]]]},"properties":{"id":null,"Pemilik":"","BLOK":"E1","No Rumah":11,"feature_id":"bangunan-233"}},{"type":"Feature","geometry":{"bbox":[127.41565910408823,-1.5923185983031314,127.41576814113672,-1.5922171165065429],"type":"Polygon","coordinates":[[[127.41573979490785,-1.592217094584595],[127.41576808988422,-1.592284231622778],[127.41568745031904,-1.5923186202275939],[127.41565915534537,-1.5922514831944488],[127.41573979490785,-1.592217094584595]]]},"properties":{"id":null,"Pemilik":"","BLOK":"E1","No Rumah":12,"feature_id":"bangunan-234"}},{"type":"Feature","geometry":{"bbox":[127.41577602787407,-1.5922677456473333,127.4158799511908,-1.5921739083900472],"type":"Polygon","coordinates":[[[127.41586046072399,-1.592173893318341],[127.41587989755821,-1.592244147006406],[127.41579551834316,-1.5922677607207332],[127.41577608151098,-1.59219750703831],[127.41586046072399,-1.592173893318341]]]},"properties":{"id":null,"Pemilik":"","BLOK":"E1","No Rumah":13,"feature_id":"bangunan-235"}},{"type":"Feature","geometry":{"bbox":[127.41589303501313,-1.5922410143559773,127.41599159061666,-1.5921544549206537],"type":"Polygon","coordinates":[[[127.41597944865194,-1.5921544455322398],[127.41599153572389,-1.5922263498039302],[127.41590517698039,-1.5922410237454157],[127.41589308990979,-1.592169119479655],[127.41597944865194,-1.5921544455322398]]]},"properties":{"id":null,"Pemilik":"","BLOK":"E1","No Rumah":14,"feature_id":"bangunan-236"}},{"type":"Feature","geometry":{"bbox":[127.41599870079506,-1.592222019698845,127.41608830537263,-1.5921467874091988],"type":"Polygon","coordinates":[[[127.41608630680318,-1.5921467858639713],[127.41608824971755,-1.5922196855154345],[127.41600069936752,-1.5922220212442333],[127.41599875645338,-1.5921491215988655],[127.41608630680318,-1.5921467858639713]]]},"properties":{"id":null,"Pemilik":"","BLOK":"E1","No Rumah":15,"feature_id":"bangunan-237"}},{"type":"Feature","geometry":{"bbox":[127.41516031689663,-1.5942555387999868,127.41526892421577,-1.5941419457908557],"type":"Polygon","coordinates":[[[127.41516037337321,-1.5941817024817668],[127.41522109975611,-1.5941419087485817],[127.41526886774447,-1.5942157821120402],[127.41520814136169,-1.5942555758463237],[127.41516037337321,-1.5941817024817668]]]},"properties":{"id":null,"Pemilik":"","BLOK":"E2","No Rumah":13,"feature_id":"bangunan-238"}},{"type":"Feature","geometry":{"bbox":[127.41507773733485,-1.5941418682406971,127.41518347557107,-1.5940295794606045],"type":"Polygon","coordinates":[[[127.41507779643445,-1.5940646010661457],[127.41514134149935,-1.5940295468263976],[127.41518341647674,-1.594106846637889],[127.41511987141168,-1.5941419008785158],[127.41507779643445,-1.5940646010661457]]]},"properties":{"id":null,"Pemilik":"","BLOK":"E2","No Rumah":12,"feature_id":"bangunan-239"}},{"type":"Feature","geometry":{"bbox":[127.41500412192899,-1.5940209384176134,127.41510221028982,-1.593913253953983],"type":"Polygon","coordinates":[[[127.41500418528963,-1.5939380977273077],[127.41507230824323,-1.5939132307944666],[127.41510214693407,-1.5939960946464042],[127.41503402398006,-1.594020961579694],[127.41500418528963,-1.5939380977273077]]]},"properties":{"id":null,"Pemilik":"","BLOK":"E2","No Rumah":11,"feature_id":"bangunan-240"}},{"type":"Feature","geometry":{"bbox":[127.41494560161698,-1.5938994626856415,127.41504208111107,-1.5937928668184063],"type":"Polygon","coordinates":[[[127.41494566557986,-1.5938158312668989],[127.4150144378067,-1.5937928454091321],[127.41504201715296,-1.5938764982391338],[127.41497324492565,-1.5938994840972798],[127.41494566557986,-1.5938158312668989]]]},"properties":{"id":null,"Pemilik":"","BLOK":"E2","No Rumah":10,"feature_id":"bangunan-241"}},{"type":"Feature","geometry":{"bbox":[127.41490691866834,-1.593768720513871,127.41499936082572,-1.5936649764456106],"type":"Polygon","coordinates":[[[127.41490698385385,-1.593683485548331],[127.41497707247562,-1.593664959184606],[127.41499929564473,-1.5937502114127706],[127.41492920702242,-1.5937687377767655],[127.41490698385385,-1.593683485548331]]]},"properties":{"id":null,"Pemilik":"","BLOK":"E2","No Rumah":9,"feature_id":"bangunan-242"}},{"type":"Feature","geometry":{"bbox":[127.41487084447732,-1.5936316322275756,127.41495852612474,-1.5935314253325423],"type":"Polygon","coordinates":[[[127.4148709106812,-1.5935450601620942],[127.41494209643402,-1.5935314126094828],[127.41495845992507,-1.593617997399281],[127.41488727417183,-1.5936316449520103],[127.4148709106812,-1.5935450601620942]]]},"properties":{"id":null,"Pemilik":"","BLOK":"E2","No Rumah":8,"feature_id":"bangunan-243"}},{"type":"Feature","geometry":{"bbox":[127.41485047225532,-1.5935029137077075,127.41493314034564,-1.5934065896739031],"type":"Polygon","coordinates":[[[127.41485053914909,-1.5934154335783137],[127.41492246931826,-1.5934065814108485],[127.41493307345576,-1.5934940698041384],[127.4148611432862,-1.5935029219716388],[127.41485053914909,-1.5934154335783137]]]},"properties":{"id":null,"Pemilik":"","BLOK":"E2","No Rumah":7,"feature_id":"bangunan-244"}},{"type":"Feature","geometry":{"bbox":[127.41484755931512,-1.5933587653040564,127.41492213201069,-1.5932689738476278],"type":"Polygon","coordinates":[[[127.41484762668638,-1.5932706528648273],[127.41492007346282,-1.5932689722537334],[127.41492206464265,-1.5933570862870692],[127.41484961786611,-1.5933587668981162],[127.41484762668638,-1.5932706528648273]]]},"properties":{"id":null,"Pemilik":"","BLOK":"E2","No Rumah":6,"feature_id":"bangunan-245"}},{"type":"Feature","geometry":{"bbox":[127.4148584904202,-1.5932114776205666,127.41493185592537,-1.593122729188464],"type":"Polygon","coordinates":[[[127.4148593930098,-1.5931226730860317],[127.41493185541135,-1.5931234015859603],[127.41493095333584,-1.593211533726155],[127.41485849093425,-1.593210805226245],[127.4148593930098,-1.5931226730860317]]]},"properties":{"id":null,"Pemilik":"","BLOK":"E2","No Rumah":5,"feature_id":"bangunan-246"}},{"type":"Feature","geometry":{"bbox":[127.41486703470366,-1.593086246160833,127.41496050597193,-1.5929818128184157],"type":"Polygon","coordinates":[[[127.41489071436865,-1.5929817587899708],[127.41496049096766,-1.5930014417650704],[127.41493682630758,-1.593086300193626],[127.41486704970963,-1.5930666172188763],[127.41489071436865,-1.5929817587899708]]]},"properties":{"id":null,"Pemilik":"","BLOK":"E2","No Rumah":4,"feature_id":"bangunan-247"}},{"type":"Feature","geometry":{"bbox":[127.41490754053723,-1.5929665553139598,127.415009536746,-1.5928564280146456],"type":"Polygon","coordinates":[[[127.41494337305677,-1.5928563768003838],[127.41500951401092,-1.5928861737474709],[127.41497370422734,-1.5929666065329193],[127.41490756327494,-1.592936809586692],[127.41494337305677,-1.5928563768003838]]]},"properties":{"id":null,"Pemilik":"","BLOK":"E2","No Rumah":3,"feature_id":"bangunan-248"}},{"type":"Feature","geometry":{"bbox":[127.41495230283856,-1.5928228729710414,127.41505797699502,-1.5927106678073089],"type":"Polygon","coordinates":[[[127.41499436645353,-1.5927106185753674],[127.41505795029792,-1.5927456014476966],[127.41501591338105,-1.5928229222077575],[127.41495232953872,-1.5927879393365842],[127.41499436645353,-1.5927106185753674]]]},"properties":{"id":null,"Pemilik":"","BLOK":"E2","No Rumah":2,"feature_id":"bangunan-249"}},{"type":"Feature","geometry":{"bbox":[127.41501491727726,-1.5927029953160248,127.41512303299791,-1.592589645697674],"type":"Polygon","coordinates":[[[127.41506173015813,-1.5925895982573832],[127.41512300328215,-1.5926285338941817],[127.41507622011808,-1.5927030427610926],[127.41501494699646,-1.592664107125834],[127.41506173015813,-1.5925895982573832]]]},"properties":{"id":null,"Pemilik":"","BLOK":"E2","No Rumah":1,"feature_id":"bangunan-250"}},{"type":"Feature","geometry":{"bbox":[127.4151412844118,-1.5927751410800153,127.41524656785299,-1.5926631397210949],"type":"Polygon","coordinates":[[[127.4151826419932,-1.59266309025247],[127.4152465416091,-1.59269748551399],[127.41520521027256,-1.5927751905534093],[127.41514131065873,-1.592740795293081],[127.4151826419932,-1.59266309025247]]]},"properties":{"id":null,"Pemilik":"","BLOK":"E2","No Rumah":26,"feature_id":"bangunan-251"}},{"type":"Feature","geometry":{"bbox":[127.41509262935683,-1.592884643229019,127.41519105236621,-1.5927767889650655],"type":"Polygon","coordinates":[[[127.41512307188984,-1.5927767363531398],[127.4151910330639,-1.5928020475309377],[127.41516060983399,-1.5928846958455172],[127.41509264866133,-1.5928593846683512],[127.41512307188984,-1.5927767363531398]]]},"properties":{"id":null,"Pemilik":"","BLOK":"E2","No Rumah":25,"feature_id":"bangunan-252"}},{"type":"Feature","geometry":{"bbox":[127.41504740692143,-1.593002693371433,127.41514347162608,-1.5928964355077597],"type":"Polygon","coordinates":[[[127.41507454292399,-1.5928963821563547],[127.41514345442543,-1.592918941549381],[127.41511633562428,-1.5930027467273091],[127.41504742412404,-1.5929801873347218],[127.41507454292399,-1.5928963821563547]]]},"properties":{"id":null,"Pemilik":"","BLOK":"E2","No Rumah":24,"feature_id":"bangunan-253"}},{"type":"Feature","geometry":{"bbox":[127.41502149437862,-1.5931141397748325,127.4151081611837,-1.5930147574924487],"type":"Polygon","coordinates":[[[127.41503679451085,-1.5930147022486607],[127.4151081515115,-1.5930274118157517],[127.41509286105189,-1.5931141950225993],[127.41502150405188,-1.5931014854555938],[127.41503679451085,-1.5930147022486607]]]},"properties":{"id":null,"Pemilik":"","BLOK":"E2","No Rumah":23,"feature_id":"bangunan-254"}},{"type":"Feature","geometry":{"bbox":[127.41499701140198,-1.5932324906789777,127.41507886476242,-1.5931368594068338],"type":"Polygon","coordinates":[[[127.41500684794795,-1.5931368036544709],[127.41507885856524,-1.5931449665666717],[127.41506902821679,-1.5932325464350316],[127.41499701759984,-1.5932243835229223],[127.41500684794795,-1.5931368036544709]]]},"properties":{"id":null,"Pemilik":"","BLOK":"E2","No Rumah":22,"feature_id":"bangunan-255"}},{"type":"Feature","geometry":{"bbox":[127.41499171988822,-1.5933558228453597,127.4150682870374,-1.5932643958047519],"type":"Polygon","coordinates":[[[127.41499178719754,-1.5932677832559985],[127.41506417485661,-1.5932643926210683],[127.41506821973147,-1.5933524353944766],[127.41499583207218,-1.5933558260293734],[127.41499178719754,-1.5932677832559985]]]},"properties":{"id":null,"Pemilik":"","BLOK":"E2","No Rumah":21,"feature_id":"bangunan-256"}},{"type":"Feature","geometry":{"bbox":[127.41499470002712,-1.5934867055806496,127.41507598981897,-1.5933914727244167],"type":"Polygon","coordinates":[[[127.41499476704742,-1.5933990510910985],[127.41506683999629,-1.5933914656400094],[127.41507592280244,-1.593479127214724],[127.41500384985325,-1.593486712665806],[127.41499476704742,-1.5933990510910985]]]},"properties":{"id":null,"Pemilik":"","BLOK":"E2","No Rumah":20,"feature_id":"bangunan-257"}},{"type":"Feature","geometry":{"bbox":[127.41501471982929,-1.5936033832954841,127.41510051521044,-1.5935046202944834],"type":"Polygon","coordinates":[[[127.41501478632834,-1.5935164158000061],[127.41508629636141,-1.5935046092846668],[127.41510044871548,-1.5935915877910527],[127.41502893868198,-1.5936033943064833],[127.41501478632834,-1.5935164158000061]]]},"properties":{"id":null,"Pemilik":"","BLOK":"E2","No Rumah":19,"feature_id":"bangunan-258"}},{"type":"Feature","geometry":{"bbox":[127.41503928029388,-1.593722162975662,127.41512999427164,-1.5936196836579064],"type":"Polygon","coordinates":[[[127.41503934589007,-1.5936363813403205],[127.41510988315301,-1.5936196680847752],[127.41512992867987,-1.5937054652946667],[127.41505939141643,-1.593722178550491],[127.41503934589007,-1.5936363813403205]]]},"properties":{"id":null,"Pemilik":"","BLOK":"E2","No Rumah":18,"feature_id":"bangunan-259"}},{"type":"Feature","geometry":{"bbox":[127.41508137348455,-1.5938436389016173,127.41517664381388,-1.5937378803818618],"type":"Polygon","coordinates":[[[127.41508143784758,-1.5937594741336034],[127.41515064796394,-1.5937378602509282],[127.41517657945559,-1.5938220451517333],[127.41510736933871,-1.5938436590347695],[127.41508143784758,-1.5937594741336034]]]},"properties":{"id":null,"Pemilik":"","BLOK":"E2","No Rumah":17,"feature_id":"bangunan-260"}},{"type":"Feature","geometry":{"bbox":[127.41513595691958,-1.5939557685546242,127.41524119705412,-1.5938437390826568],"type":"Polygon","coordinates":[[[127.41513601638577,-1.5938780101406924],[127.4151999649948,-1.5938437071519798],[127.41524113759316,-1.5939214974993108],[127.41517718898398,-1.5939558004888383],[127.41513601638577,-1.5938780101406924]]]},"properties":{"id":null,"Pemilik":"","BLOK":"E2","No Rumah":16,"feature_id":"bangunan-261"}},{"type":"Feature","geometry":{"bbox":[127.41519308165894,-1.5940604957551412,127.41530168895716,-1.593946902731931],"type":"Polygon","coordinates":[[[127.41519313812744,-1.5939866594355712],[127.41525386450127,-1.5939468656949538],[127.41530163249396,-1.5940207390544656],[127.41524090612026,-1.5940605327961817],[127.41519313812744,-1.5939866594355712]]]},"properties":{"id":null,"Pemilik":"","BLOK":"E2","No Rumah":15,"feature_id":"bangunan-262"}},{"type":"Feature","geometry":{"bbox":[127.4152736081332,-1.5941613971603263,127.41538221544204,-1.5940478041338444],"type":"Polygon","coordinates":[[[127.4152736646024,-1.5940875608379723],[127.41533439098194,-1.5940477670964046],[127.41538215897813,-1.5941216404591787],[127.41532143259873,-1.594161434201829],[127.4152736646024,-1.5940875608379723]]]},"properties":{"id":null,"Pemilik":"","BLOK":"E2","No Rumah":14,"feature_id":"bangunan-263"}}]}