{"type":"FeatureCollection","features":[{"type":"Feature","geometry":{"bbox":[127.4242327315704,-1.6599465684868688,127.42428054894688,-1.659899635555692],"type":"Polygon","coordinates":[[[127.4242327315704,-1.6599165265869624],[127.4242650714327,-1.659899635555692],[127.42428054894688,-1.6599296792342624],[127.42424829055282,-1.6599465684868688],[127.4242327315704,-1.6599165265869624]]]},"properties":{"feature_id":"bangunan-soligi-0","Pemilik":"","BLOK":"Dusun 1","No Rumah":null}},{"type":"Feature","geometry":{"bbox":[127.42361778260226,-1.6592303141235776,127.42379088773292,-1.6590547381857008],"type":"Polygon","coordinates":[[[127.42361778260226,-1.6591536598113885],[127.42370519056587,-1.6590547381857008],[127.42379088773292,-1.6591313328317887],[127.4237034798771,-1.6592303141235776],[127.42361778260226,-1.6591536598113885]]]},"properties":{"feature_id":"bangunan-soligi-1","Pemilik":"","BLOK":"Dusun 1","No Rumah":null}},{"type":"Feature","geometry":{"bbox":[127.42398215822695,-1.6592765408531767,127.42408023710716,-1.6591800962959522],"type":"Polygon","coordinates":[[[127.42398215822695,-1.6592218229959839],[127.42401897855349,-1.6591800962959522],[127.42408023710716,-1.6592348140992461],[127.42404341681655,-1.6592765408531767],[127.42398215822695,-1.6592218229959839]]]},"properties":{"feature_id":"bangunan-soligi-2","Pemilik":"","BLOK":"Dusun 1","No Rumah":null}},{"type":"Feature","geometry":{"bbox":[127.4248159058244,-1.6630608716473438,127.4248590795936,-1.6629918551800096],"type":"Polygon","coordinates":[[[127.4248159058244,-1.6630146331767641],[127.4248264141639,-1.6630136862716063],[127.42482478496133,-1.6629943352578291],[127.42485345886182,-1.6629918551800096],[127.4248590795936,-1.6630575040789395],[127.42481989736262,-1.6630608716473438],[127.4248159058244,-1.6630146331767641]]]},"properties":{"feature_id":"bangunan-soligi-3","Pemilik":"","BLOK":"Dusun 1","No Rumah":null}},{"type":"Feature","geometry":{"bbox":[127.42443377612102,-1.6595106970087092,127.42446717488141,-1.6594710482826098],"type":"Polygon","coordinates":[[[127.42443377612102,-1.6594769702554404],[127.424459517606,-1.6594710482826098],[127.42446717488141,-1.6595047732122985],[127.42444135193719,-1.6595106970087092],[127.42443377612102,-1.6594769702554404]]]},"properties":{"feature_id":"bangunan-soligi-4","Pemilik":"","BLOK":"Dusun 1","No Rumah":null}},{"type":"Feature","geometry":{"bbox":[127.42544200431358,-1.6627993353090753,127.42548607374803,-1.6627340516561568],"type":"Polygon","coordinates":[[[127.42544200431358,-1.6627353830402563],[127.42546179890645,-1.6627340516561568],[127.4254632651726,-1.6627553089847986],[127.42548314121572,-1.662753975786102],[127.42548607374803,-1.6627966094162614],[127.42544632165277,-1.6627993353090753],[127.42544200431358,-1.6627353830402563]]]},"properties":{"feature_id":"bangunan-soligi-5","Pemilik":"","BLOK":"Dusun 1","No Rumah":null}},{"type":"Feature","geometry":{"bbox":[127.42476238661625,-1.6594496980861342,127.42482926526391,-1.6593881232446472],"type":"Polygon","coordinates":[[[127.42476238661625,-1.6594290772677704],[127.42481264742827,-1.6593881232446472],[127.42482926526391,-1.6594087458416753],[127.42477908592012,-1.6594496980861342],[127.42476238661625,-1.6594290772677704]]]},"properties":{"feature_id":"bangunan-soligi-6","Pemilik":"","BLOK":"Dusun 1","No Rumah":null}},{"type":"Feature","geometry":{"bbox":[127.42529366688514,-1.6625380411655903,127.4253605450297,-1.6624483394257707],"type":"Polygon","coordinates":[[[127.42529366688514,-1.6624554255163948],[127.42535036260801,-1.6624483394257707],[127.4253605450297,-1.662531012656976],[127.42530376784762,-1.6625380411655903],[127.42529366688514,-1.6624554255163948]]]},"properties":{"feature_id":"bangunan-soligi-7","Pemilik":"","BLOK":"Dusun 1","No Rumah":null}},{"type":"Feature","geometry":{"bbox":[127.42460036244717,-1.6631829203910382,127.42465876938878,-1.6630992161274487],"type":"Polygon","coordinates":[[[127.42460036244717,-1.6631067796007812],[127.42464638745109,-1.6630992161274487],[127.42465876938878,-1.6631753010065624],[127.42461290732129,-1.6631829203910382],[127.42460036244717,-1.6631067796007812]]]},"properties":{"feature_id":"bangunan-soligi-8","Pemilik":"","BLOK":"Dusun 1","No Rumah":null}},{"type":"Feature","geometry":{"bbox":[127.42401466113346,-1.658523900606595,127.42412772874553,-1.6584111434253455],"type":"Polygon","coordinates":[[[127.42401466113346,-1.658467940118853],[127.42406345618238,-1.6584111434253455],[127.42412772874553,-1.6584671020266255],[127.4240788522733,-1.658523900606595],[127.42401466113346,-1.658467940118853]]]},"properties":{"feature_id":"bangunan-soligi-9","Pemilik":"","BLOK":"Dusun 1","No Rumah":null}},{"type":"Feature","geometry":{"bbox":[127.42507690305673,-1.6606001871701872,127.4252671925725,-1.6604603905910877],"type":"Polygon","coordinates":[[[127.42507690305673,-1.6604993687966927],[127.42511372281734,-1.6604779181865348],[127.42513555398979,-1.6605159083710914],[127.42523110602586,-1.6604603905910877],[127.4252671925725,-1.660523218528497],[127.4251348208567,-1.6606001871701872],[127.42507690305673,-1.6604993687966927]]]},"properties":{"feature_id":"bangunan-soligi-10","Pemilik":"","BLOK":"Dusun 1","No Rumah":null}},{"type":"Feature","geometry":{"bbox":[127.42528022607627,-1.6593610279805702,127.4253144390337,-1.659332737094782],"type":"Polygon","coordinates":[[[127.42528022607627,-1.659337985178436],[127.42531044752246,-1.659332737094782],[127.4253144390337,-1.6593557204194609],[127.42528421758752,-1.6593610279805702],[127.42528022607627,-1.659337985178436]]]},"properties":{"feature_id":"bangunan-soligi-11","Pemilik":"","BLOK":"Dusun 1","No Rumah":null}},{"type":"Feature","geometry":{"bbox":[127.42489272252507,-1.659504410760048,127.42498778613815,-1.6594087188832338],"type":"Polygon","coordinates":[[[127.42489272252507,-1.6594622252275184],[127.42494591580648,-1.6594087188832338],[127.42498778613815,-1.6594509025472672],[127.42493451143343,-1.659504410760048],[127.42489272252507,-1.6594622252275184]]]},"properties":{"feature_id":"bangunan-soligi-12","Pemilik":"","BLOK":"Dusun 1","No Rumah":null}},{"type":"Feature","geometry":{"bbox":[127.42520015141966,-1.6639398908676324,127.42523640089375,-1.6639039692067308],"type":"Polygon","coordinates":[[[127.42520015141966,-1.6639241473802384],[127.42521432537059,-1.6639039692067308],[127.42523640089375,-1.6639197739682101],[127.42522230840206,-1.6639398908676324],[127.42520015141966,-1.6639241473802384]]]},"properties":{"feature_id":"bangunan-soligi-13","Pemilik":"","BLOK":"Dusun 1","No Rumah":null}},{"type":"Feature","geometry":{"bbox":[127.424280223101,-1.6588701790949831,127.4243681190115,-1.6587783950064356],"type":"Polygon","coordinates":[[[127.424280223101,-1.658811880939343],[127.42432624831152,-1.6587783950064356],[127.4243681190115,-1.65883669309021],[127.42432209382793,-1.6588701790949831],[127.424280223101,-1.658811880939343]]]},"properties":{"feature_id":"bangunan-soligi-14","Pemilik":"","BLOK":"Dusun 1","No Rumah":null}},{"type":"Feature","geometry":{"bbox":[127.42485802061464,-1.6647294307889315,127.424927587345,-1.6646745697223162],"type":"Polygon","coordinates":[[[127.42485802061464,-1.6646830570590194],[127.42492147785781,-1.6646745697223162],[127.424927587345,-1.6647210010701705],[127.42486404865156,-1.6647294307889315],[127.42485802061464,-1.6646830570590194]]]},"properties":{"feature_id":"bangunan-soligi-15","Pemilik":"","BLOK":"Dusun 1","No Rumah":null}},{"type":"Feature","geometry":{"bbox":[127.42489842471608,-1.6629266194432286,127.42500147137861,-1.6628197271648395],"type":"Polygon","coordinates":[[[127.42489842471608,-1.6628318946387504],[127.42496701389076,-1.6628197271648395],[127.42497988453893,-1.6628931836542802],[127.42499772422705,-1.6628899925958458],[127.42500147137861,-1.6629111995200168],[127.42491496107449,-1.6629266194432286],[127.42489842471608,-1.6628318946387504]]]},"properties":{"feature_id":"bangunan-soligi-16","Pemilik":"","BLOK":"Dusun 1","No Rumah":null}},{"type":"Feature","geometry":{"bbox":[127.42416642258941,-1.6598344078498495,127.42426547873781,-1.6597252557156328],"type":"Polygon","coordinates":[[[127.42416642258941,-1.659757559366812],[127.424215380458,-1.6597252557156328],[127.42426547873781,-1.6598021635683278],[127.42421652090518,-1.6598344078498495],[127.42416642258941,-1.659757559366812]]]},"properties":{"feature_id":"bangunan-soligi-17","Pemilik":"","BLOK":"Dusun 1","No Rumah":null}},{"type":"Feature","geometry":{"bbox":[127.43115198541817,-1.6622965505262743,127.43117845752991,-1.662261930380489],"type":"Polygon","coordinates":[[[127.43115198541817,-1.6622645195946326],[127.43117487361124,-1.662261930380489],[127.43117845752991,-1.6622939613031478],[127.43115556933682,-1.6622965505262743],[127.43115198541817,-1.6622645195946326]]]},"properties":{"feature_id":"bangunan-soligi-18","Pemilik":"","BLOK":"Dusun 1","No Rumah":null}},{"type":"Feature","geometry":{"bbox":[127.42378909558497,-1.6589940903696545,127.4239564165713,-1.6588203964382304],"type":"Polygon","coordinates":[[[127.42378909558497,-1.6589349039329124],[127.42389027025723,-1.6588203964382304],[127.4239564165713,-1.6588795845009232],[127.42385532346604,-1.6589940903696545],[127.42378909558497,-1.6589349039329124]]]},"properties":{"feature_id":"bangunan-soligi-19","Pemilik":"","BLOK":"Dusun 1","No Rumah":null}},{"type":"Feature","geometry":{"bbox":[127.4235994537994,-1.6596743292519955,127.42366991783894,-1.6595889675068756],"type":"Polygon","coordinates":[[[127.4235994537994,-1.659601715175679],[127.42361656068687,-1.6595889675068756],[127.42366991783894,-1.6596615815472595],[127.42365281096944,-1.6596743292519955],[127.4235994537994,-1.659601715175679]]]},"properties":{"feature_id":"bangunan-soligi-20","Pemilik":"","BLOK":"Dusun 1","No Rumah":null}},{"type":"Feature","geometry":{"bbox":[127.4238047361254,-1.6592594770848603,127.42385385716398,-1.6592098495402081],"type":"Polygon","coordinates":[[[127.4238047361254,-1.6592305095880004],[127.4238327587473,-1.6592098495402081],[127.42385385716398,-1.6592388170101187],[127.42382583455105,-1.6592594770848603],[127.4238047361254,-1.6592305095880004]]]},"properties":{"feature_id":"bangunan-soligi-21","Pemilik":"","BLOK":"Dusun 1","No Rumah":null}},{"type":"Feature","geometry":{"bbox":[127.42368287017987,-1.659283719919433,127.42375504482732,-1.6592099966932348],"type":"Polygon","coordinates":[[[127.42368287017987,-1.659253604869713],[127.42372140134788,-1.6592099966932348],[127.42375504482732,-1.6592401135126356],[127.42371659513654,-1.659283719919433],[127.42368287017987,-1.659253604869713]]]},"properties":{"feature_id":"bangunan-soligi-22","Pemilik":"","BLOK":"Dusun 1","No Rumah":null}},{"type":"Feature","geometry":{"bbox":[127.42465714018624,-1.658187483994076,127.42470756399756,-1.6581413395232076],"type":"Polygon","coordinates":[[[127.42465714018624,-1.6581558721444807],[127.42469583374267,-1.6581413395232076],[127.42470756399756,-1.6581729513458536],[127.42466887045008,-1.658187483994076],[127.42465714018624,-1.6581558721444807]]]},"properties":{"feature_id":"bangunan-soligi-23","Pemilik":"","BLOK":"Dusun 1","No Rumah":null}},{"type":"Feature","geometry":{"bbox":[127.42542033615841,-1.65928172625239,127.4255061127096,-1.6591797988008796],"type":"Polygon","coordinates":[[[127.42542033615841,-1.659200376338413],[127.42547686886401,-1.6591797988008796],[127.4255061127096,-1.6592611504216557],[127.42544966148121,-1.65928172625239],[127.42542033615841,-1.659200376338413]]]},"properties":{"feature_id":"bangunan-soligi-24","Pemilik":"","BLOK":"Dusun 1","No Rumah":null}},{"type":"Feature","geometry":{"bbox":[127.42497662615177,-1.6624140653200161,127.42510386620559,-1.6623119151761467],"type":"Polygon","coordinates":[[[127.42497662615177,-1.662364099883053],[127.42499870174683,-1.662358317310788],[127.42499291809658,-1.662336025985322],[127.42508521194313,-1.6623119151761467],[127.42510386620559,-1.6623842312633172],[127.42498949679096,-1.6624140653200161],[127.42497662615177,-1.662364099883053]]]},"properties":{"feature_id":"bangunan-soligi-25","Pemilik":"","BLOK":"Dusun 1","No Rumah":null}},{"type":"Feature","geometry":{"bbox":[127.42447100351913,-1.6635091494434817,127.42450823089028,-1.6634735837400116],"type":"Polygon","coordinates":[[[127.42447100351913,-1.6634986488025638],[127.42448028999709,-1.6634735837400116],[127.42450823089028,-1.6634840843899128],[127.42449894441229,-1.6635091494434817],[127.42447100351913,-1.6634986488025638]]]},"properties":{"feature_id":"bangunan-soligi-26","Pemilik":"","BLOK":"Dusun 1","No Rumah":null}},{"type":"Feature","geometry":{"bbox":[127.42499088160686,-1.6593223551123297,127.42514158199974,-1.659177688703193],"type":"Polygon","coordinates":[[[127.42499088160686,-1.6592476472247826],[127.42508887762644,-1.659177688703193],[127.42514158199974,-1.659252396393111],[127.42504358605204,-1.6593223551123297],[127.42499088160686,-1.6592476472247826]]]},"properties":{"feature_id":"bangunan-soligi-27","Pemilik":"","BLOK":"Dusun 1","No Rumah":null}},{"type":"Feature","geometry":{"bbox":[127.42519143524612,-1.6621266201046996,127.4252544848967,-1.6620494863975759],"type":"Polygon","coordinates":[[[127.42519143524612,-1.6620614568439955],[127.42523778570965,-1.6620494863975759],[127.4252544848967,-1.6621146495953978],[127.42520813445115,-1.6621266201046996],[127.42519143524612,-1.6620614568439955]]]},"properties":{"feature_id":"bangunan-soligi-28","Pemilik":"","BLOK":"Dusun 1","No Rumah":null}},{"type":"Feature","geometry":{"bbox":[127.4247770494214,-1.662135414314887,127.4249098290981,-1.662027978959993],"type":"Polygon","coordinates":[[[127.4247770494214,-1.6620460306595264],[127.42489646968558,-1.662027978959993],[127.4249098290981,-1.6621174200985487],[127.42479032739266,-1.662135414314887],[127.4247770494214,-1.6620460306595264]]]},"properties":{"feature_id":"bangunan-soligi-29","Pemilik":"","BLOK":"Dusun 1","No Rumah":null}},{"type":"Feature","geometry":{"bbox":[127.42436722295098,-1.6581633569074279,127.42452411564672,-1.658021368834294],"type":"Polygon","coordinates":[[[127.42436722295098,-1.6580859995377648],[127.42446375354885,-1.658021368834294],[127.42452411564672,-1.6581127336162158],[127.42450871965463,-1.6581230639545224],[127.42449943317665,-1.6581089986727928],[127.42441838011096,-1.6581633569074279],[127.42436722295098,-1.6580859995377648]]]},"properties":{"feature_id":"bangunan-soligi-30","Pemilik":"","BLOK":"Dusun 1","No Rumah":null}},{"type":"Feature","geometry":{"bbox":[127.4245278628252,-1.6599244909424737,127.42458089345763,-1.6598783721903718],"type":"Polygon","coordinates":[[[127.4245278628252,-1.659893456125701],[127.42456989631785,-1.6598783721903718],[127.42458089345763,-1.659909406971212],[127.42453885996498,-1.6599244909424737],[127.4245278628252,-1.659893456125701]]]},"properties":{"feature_id":"bangunan-soligi-31","Pemilik":"","BLOK":"Dusun 1","No Rumah":null}},{"type":"Feature","geometry":{"bbox":[127.42410451242479,-1.6593218989927443,127.42415257426879,-1.6592748642015978],"type":"Polygon","coordinates":[[[127.42410451242479,-1.659290945653168],[127.42413791133791,-1.6592748642015978],[127.42415257426879,-1.6593058175142248],[127.42411917536468,-1.6593218989927443],[127.42410451242479,-1.659290945653168]]]},"properties":{"feature_id":"bangunan-soligi-32","Pemilik":"","BLOK":"Dusun 1","No Rumah":null}},{"type":"Feature","geometry":{"bbox":[127.42444558788004,-1.6634047275500903,127.42448208212711,-1.6633563132700608],"type":"Polygon","coordinates":[[[127.42444558788004,-1.6634012645716196],[127.42445055696494,-1.6633563132700608],[127.42448208212711,-1.66335983573497],[127.42447711304222,-1.6634047275500903],[127.42444558788004,-1.6634012645716196]]]},"properties":{"feature_id":"bangunan-soligi-33","Pemilik":"","BLOK":"Dusun 1","No Rumah":null}},{"type":"Feature","geometry":{"bbox":[127.42456891879813,-1.6590367827137007,127.42465371886263,-1.6589487193572288],"type":"Polygon","coordinates":[[[127.42456891879813,-1.658981082854172],[127.42461526966592,-1.6589487193572288],[127.42465371886263,-1.6590044173392786],[127.42460728656256,-1.6590367827137007],[127.42456891879813,-1.658981082854172]]]},"properties":{"feature_id":"bangunan-soligi-34","Pemilik":"","BLOK":"Dusun 1","No Rumah":null}},{"type":"Feature","geometry":{"bbox":[127.42419012764753,-1.6590636725959547,127.42438718075877,-1.6588708297088104],"type":"Polygon","coordinates":[[[127.42419012764753,-1.658983881510524],[127.42431688035634,-1.6588708297088104],[127.42438718075877,-1.6589506186921836],[127.42426034672549,-1.6590636725959547],[127.42419012764753,-1.658983881510524]]]},"properties":{"feature_id":"bangunan-soligi-35","Pemilik":"","BLOK":"Dusun 1","No Rumah":null}},{"type":"Feature","geometry":{"bbox":[127.42405930168081,-1.6606310612693724,127.42419314169295,-1.6605098427486638],"type":"Polygon","coordinates":[[[127.42405930168081,-1.6605552252415587],[127.42415900966473,-1.6605098427486638],[127.42419314169295,-1.6605856786057975],[127.42409343375394,-1.6606310612693724],[127.42405930168081,-1.6605552252415587]]]},"properties":{"feature_id":"bangunan-soligi-36","Pemilik":"","BLOK":"Dusun 1","No Rumah":null}},{"type":"Feature","geometry":{"bbox":[127.42481224013214,-1.6624744278940102,127.42494428661288,-1.6623616725453236],"type":"Polygon","coordinates":[[[127.42481224013214,-1.662390762069332],[127.4249225368368,-1.6623616725453236],[127.42494428661288,-1.662445338190339],[127.42483398993517,-1.6624744278940102],[127.42481224013214,-1.662390762069332]]]},"properties":{"feature_id":"bangunan-soligi-37","Pemilik":"","BLOK":"Dusun 1","No Rumah":null}},{"type":"Feature","geometry":{"bbox":[127.42434066682878,-1.6596886102461743,127.42453030662904,-1.6595063228061637],"type":"Polygon","coordinates":[[[127.42434066682878,-1.659617168372489],[127.42446970015347,-1.6595063228061637],[127.42453030662904,-1.659577704941883],[127.42440127342115,-1.6596886102461743],[127.42434066682878,-1.659617168372489]]]},"properties":{"feature_id":"bangunan-soligi-38","Pemilik":"","BLOK":"Dusun 1","No Rumah":null}},{"type":"Feature","geometry":{"bbox":[127.42360947354521,-1.6590229480744203,127.42365704695719,-1.658981013971356],"type":"Polygon","coordinates":[[[127.42360947354521,-1.6590045889983462],[127.42362144836642,-1.658981013971356],[127.42365704695719,-1.6589993135789582],[127.42364507214498,-1.6590229480744203],[127.42360947354521,-1.6590045889983462]]]},"properties":{"feature_id":"bangunan-soligi-39","Pemilik":"","BLOK":"Dusun 1","No Rumah":null}},{"type":"Feature","geometry":{"bbox":[127.42533594430634,-1.6620670673439677,127.42540673245804,-1.662011350317634],"type":"Polygon","coordinates":[[[127.42533594430634,-1.6620338094214457],[127.42539402480917,-1.662011350317634],[127.42540673245804,-1.6620446082042233],[127.42534865196419,-1.6620670673439677],[127.42533594430634,-1.6620338094214457]]]},"properties":{"feature_id":"bangunan-soligi-40","Pemilik":"","BLOK":"Dusun 1","No Rumah":null}},{"type":"Feature","geometry":{"bbox":[127.42439345321829,-1.6593239459298834,127.42446554566986,-1.6592496146700022],"type":"Polygon","coordinates":[[[127.42439345321829,-1.6592769346386647],[127.42442416379714,-1.6592496146700022],[127.42446554566986,-1.6592965664568164],[127.42443483510897,-1.6593239459298834],[127.42439345321829,-1.6592769346386647]]]},"properties":{"feature_id":"bangunan-soligi-41","Pemilik":"","BLOK":"Dusun 1","No Rumah":null}},{"type":"Feature","geometry":{"bbox":[127.4241087483856,-1.65878547511428,127.42419517820964,-1.6586979883324902],"type":"Polygon","coordinates":[[[127.4241087483856,-1.6587519332342966],[127.42416031303938,-1.6586979883324902],[127.42419517820964,-1.6587317644032682],[127.42414345066435,-1.65878547511428],[127.4241087483856,-1.6587519332342966]]]},"properties":{"feature_id":"bangunan-soligi-42","Pemilik":"","BLOK":"Dusun 1","No Rumah":null}},{"type":"Feature","geometry":{"bbox":[127.4263424490361,-1.6578109818496507,127.42636949315012,-1.6577890372738844],"type":"Polygon","coordinates":[[[127.4263424490361,-1.6578109818496507],[127.42634253049535,-1.657789039366959],[127.42636949315012,-1.6577890372738844],[127.4263694116909,-1.657810979747593],[127.4263424490361,-1.6578109818496507]]]},"properties":{"feature_id":"bangunan-soligi-43","Pemilik":"","BLOK":"Dusun 1","No Rumah":null}},{"type":"Feature","geometry":{"bbox":[127.42487203171898,-1.663349622096802,127.42490583756889,-1.663303454664995],"type":"Polygon","coordinates":[[[127.42487203171898,-1.6633056232789392],[127.42490274209119,-1.663303454664995],[127.42490583756889,-1.6633474534648915],[127.42487512719664,-1.663349622096802],[127.42487203171898,-1.6633056232789392]]]},"properties":{"feature_id":"bangunan-soligi-44","Pemilik":"","BLOK":"Dusun 1","No Rumah":null}},{"type":"Feature","geometry":{"bbox":[127.4242658045837,-1.6606557591455522,127.42441218911965,-1.6605273270273477],"type":"Polygon","coordinates":[[[127.4242658045837,-1.6605813325205203],[127.42437626506025,-1.6605273270273477],[127.42441218911965,-1.6606018147198527],[127.42430181015625,-1.6606557591455522],[127.4242658045837,-1.6605813325205203]]]},"properties":{"feature_id":"bangunan-soligi-45","Pemilik":"","BLOK":"Dusun 1","No Rumah":null}},{"type":"Feature","geometry":{"bbox":[127.42378518545208,-1.6584618027210338,127.4238293373788,-1.658420764669499],"type":"Polygon","coordinates":[[[127.42378518545208,-1.6584447157941493],[127.42379805631583,-1.658420764669499],[127.4238293373788,-1.6584378515874003],[127.42381646652403,-1.6584618027210338],[127.42378518545208,-1.6584447157941493]]]},"properties":{"feature_id":"bangunan-soligi-46","Pemilik":"","BLOK":"Dusun 1","No Rumah":null}},{"type":"Feature","geometry":{"bbox":[127.42505376850966,-1.662029157980837,127.42511926207193,-1.661946112011671],"type":"Polygon","coordinates":[[[127.42505376850966,-1.6619624046212318],[127.42508586362592,-1.661946112011671],[127.42511926207193,-1.662012867122991],[127.42508724843285,-1.662029157980837],[127.42505376850966,-1.6619624046212318]]]},"properties":{"feature_id":"bangunan-soligi-47","Pemilik":"","BLOK":"Dusun 1","No Rumah":null}},{"type":"Feature","geometry":{"bbox":[127.42447255126245,-1.6656517892121359,127.42451743590902,-1.6655821153217443],"type":"Polygon","coordinates":[[[127.42447255126245,-1.6655848591449314],[127.4245130370477,-1.6655821153217443],[127.42451743590902,-1.6656490453440331],[127.42447695012375,-1.6656517892121359],[127.42447255126245,-1.6655848591449314]]]},"properties":{"feature_id":"bangunan-soligi-48","Pemilik":"","BLOK":"Dusun 1","No Rumah":null}},{"type":"Feature","geometry":{"bbox":[127.42483480453646,-1.6588816019553547,127.4249420871957,-1.6587792679083804],"type":"Polygon","coordinates":[[[127.42483480453646,-1.6588095908641893],[127.42486152338846,-1.6587792679083804],[127.4249420871957,-1.658851277140033],[127.42491528691143,-1.6588816019553547],[127.42483480453646,-1.6588095908641893]]]},"properties":{"feature_id":"bangunan-soligi-49","Pemilik":"","BLOK":"Dusun 1","No Rumah":null}},{"type":"Feature","geometry":{"bbox":[127.42466308678188,-1.6623460634548795,127.42472890654038,-1.6622822523742737],"type":"Polygon","coordinates":[[[127.42466308678188,-1.6622944615210307],[127.4247175021314,-1.6622822523742737],[127.42472890654038,-1.6623338560688206],[127.42467457265907,-1.6623460634548795],[127.42466308678188,-1.6622944615210307]]]},"properties":{"feature_id":"bangunan-soligi-50","Pemilik":"","BLOK":"Dusun 1","No Rumah":null}},{"type":"Feature","geometry":{"bbox":[127.42414613887283,-1.6596482455178776,127.4241915124814,-1.6596022083148374],"type":"Polygon","coordinates":[[[127.42414613887283,-1.6596124986152316],[127.42418116697954,-1.6596022083148374],[127.4241915124814,-1.6596380146500227],[127.4241564843837,-1.6596482455178776],[127.42414613887283,-1.6596124986152316]]]},"properties":{"feature_id":"bangunan-soligi-51","Pemilik":"","BLOK":"Dusun 1","No Rumah":null}},{"type":"Feature","geometry":{"bbox":[127.42453112123933,-1.6599052405400083,127.424642070058,-1.659778453093359],"type":"Polygon","coordinates":[[[127.42453112123933,-1.6598117388995874],[127.42458415186277,-1.659778453093359],[127.424642070058,-1.6598719564136295],[127.42458912093868,-1.6599052405400083],[127.42453112123933,-1.6598117388995874]]]},"properties":{"feature_id":"bangunan-soligi-52","Pemilik":"","BLOK":"Dusun 1","No Rumah":null}},{"type":"Feature","geometry":{"bbox":[127.42478234431626,-1.662599415862432,127.42485516951463,-1.6625093723405961],"type":"Polygon","coordinates":[[[127.42478234431626,-1.6625248738218525],[127.4248323607416,-1.6625093723405961],[127.42485516951463,-1.662583916114924],[127.42480523457546,-1.662599415862432],[127.42478234431626,-1.6625248738218525]]]},"properties":{"feature_id":"bangunan-soligi-53","Pemilik":"","BLOK":"Dusun 1","No Rumah":null}},{"type":"Feature","geometry":{"bbox":[127.42444135193719,-1.659831956212692,127.42454570262113,-1.6597096415407242],"type":"Polygon","coordinates":[[[127.42444135193719,-1.6597389807604486],[127.42448802873176,-1.6597096415407242],[127.42454570262113,-1.6598026150705727],[127.42449894441229,-1.659831956212692],[127.42444135193719,-1.6597389807604486]]]},"properties":{"feature_id":"bangunan-soligi-54","Pemilik":"","BLOK":"Dusun 1","No Rumah":null}},{"type":"Feature","geometry":{"bbox":[127.42466813730803,-1.6622792062500273,127.42470829713959,-1.662239734968146],"type":"Polygon","coordinates":[[[127.42466813730803,-1.6622442767873404],[127.4247039797555,-1.662239734968146],[127.42470829713959,-1.6622746662274634],[127.42467253615136,-1.6622792062500273],[127.42466813730803,-1.6622442767873404]]]},"properties":{"feature_id":"bangunan-soligi-55","Pemilik":"","BLOK":"Dusun 1","No Rumah":null}},{"type":"Feature","geometry":{"bbox":[127.42508904054488,-1.66351221090197,127.42511877331656,-1.6634764837981928],"type":"Polygon","coordinates":[[[127.42508904054488,-1.6635101406984651],[127.425091565799,-1.6634764837981928],[127.42511877331656,-1.6634785558162946],[127.42511632952166,-1.66351221090197],[127.42508904054488,-1.6635101406984651]]]},"properties":{"feature_id":"bangunan-soligi-56","Pemilik":"","BLOK":"Dusun 1","No Rumah":null}},{"type":"Feature","geometry":{"bbox":[127.42531460195214,-1.6593665893247298,127.425351421578,-1.6593316621976624],"type":"Polygon","coordinates":[[[127.42531460195214,-1.6593412672451917],[127.42534286834986,-1.6593316621976624],[127.425351421578,-1.6593569824536207],[127.42532307372105,-1.6593665893247298],[127.42531460195214,-1.6593412672451917]]]},"properties":{"feature_id":"bangunan-soligi-57","Pemilik":"","BLOK":"Dusun 1","No Rumah":null}},{"type":"Feature","geometry":{"bbox":[127.42447988269197,-1.6629557734572908,127.4245319358406,-1.6628610933080654],"type":"Polygon","coordinates":[[[127.42447988269197,-1.6628662810159491],[127.42452069431417,-1.6628610933080654],[127.4245319358406,-1.6629505838809113],[127.42449104275919,-1.6629557734572908],[127.42447988269197,-1.6628662810159491]]]},"properties":{"feature_id":"bangunan-soligi-58","Pemilik":"","BLOK":"Dusun 1","No Rumah":null}},{"type":"Feature","geometry":{"bbox":[127.42464720205236,-1.6592782924781493,127.42473232786396,-1.659195435577401],"type":"Polygon","coordinates":[[[127.42464720205236,-1.6592458640060617],[127.42470373537782,-1.659195435577401],[127.42473232786396,-1.6592278045361013],[127.4246757945565,-1.6592782924781493],[127.42464720205236,-1.6592458640060617]]]},"properties":{"feature_id":"bangunan-soligi-59","Pemilik":"","BLOK":"Dusun 1","No Rumah":null}},{"type":"Feature","geometry":{"bbox":[127.42437569483666,-1.6665488569968372,127.42441895033456,-1.666497621845119],"type":"Polygon","coordinates":[[[127.42437569483666,-1.6665056100239515],[127.42440860485964,-1.666497621845119],[127.42441895033456,-1.6665408687910552],[127.42438604031157,-1.6665488569968372],[127.42437569483666,-1.6665056100239515]]]},"properties":{"feature_id":"bangunan-soligi-60","Pemilik":"","BLOK":"Dusun 1","No Rumah":null}},{"type":"Feature","geometry":{"bbox":[127.42456728959556,-1.659989266130975,127.4246544520047,-1.6599125405015354],"type":"Polygon","coordinates":[[[127.42456728959556,-1.659945446742607],[127.42463270213875,-1.6599125405015354],[127.4246544520047,-1.6599563598180382],[127.42458903947946,-1.659989266130975],[127.42456728959556,-1.659945446742607]]]},"properties":{"feature_id":"bangunan-soligi-61","Pemilik":"","BLOK":"Dusun 1","No Rumah":null}},{"type":"Feature","geometry":{"bbox":[127.42443752329949,-1.6628705346915331,127.42452069431417,-1.6627908763501518],"type":"Polygon","coordinates":[[[127.42443752329949,-1.662800317652771],[127.42451189660054,-1.6627908763501518],[127.42452069431417,-1.6628610933080654],[127.4244463210221,-1.6628705346915331],[127.42443752329949,-1.662800317652771]]]},"properties":{"feature_id":"bangunan-soligi-62","Pemilik":"","BLOK":"Dusun 1","No Rumah":null}},{"type":"Feature","geometry":{"bbox":[127.42497939578355,-1.6635773331635648,127.4250877371972,-1.663443508952783],"type":"Polygon","coordinates":[[[127.42497939578355,-1.6635523018237681],[127.42501784478266,-1.663443508952783],[127.4250877371972,-1.6634685403015625],[127.42504928823405,-1.6635773331635648],[127.42497939578355,-1.6635523018237681]]]},"properties":{"feature_id":"bangunan-soligi-63","Pemilik":"","BLOK":"Dusun 1","No Rumah":null}},{"type":"Feature","geometry":{"bbox":[127.42383226998294,-1.6598927066612594,127.42398908240523,-1.659755229613072],"type":"Polygon","coordinates":[[[127.42383226998294,-1.6598290063878443],[127.42394949239302,-1.659755229613072],[127.42398908240523,-1.6598189314944718],[127.42387194151726,-1.6598927066612594],[127.42383226998294,-1.6598290063878443]]]},"properties":{"feature_id":"bangunan-soligi-64","Pemilik":"","BLOK":"Dusun 1","No Rumah":null}},{"type":"Feature","geometry":{"bbox":[127.42557820403829,-1.6606792329503761,127.42562773114233,-1.6606147958518152],"type":"Polygon","coordinates":[[[127.42557820403829,-1.660626394611303],[127.42560516698948,-1.6606147958518152],[127.42562773114233,-1.6606676359605697],[127.4256008496593,-1.6606792329503761],[127.42557820403829,-1.660626394611303]]]},"properties":{"feature_id":"bangunan-soligi-65","Pemilik":"","BLOK":"Dusun 1","No Rumah":null}},{"type":"Feature","geometry":{"bbox":[127.42476002427166,-1.6597520406477122,127.42480376829135,-1.6597050057308016],"type":"Polygon","coordinates":[[[127.42476002427166,-1.6597178870329867],[127.42478853528063,-1.6597050057308016],[127.42480376829135,-1.6597391575309302],[127.42477517584112,-1.6597520406477122],[127.42476002427166,-1.6597178870329867]]]},"properties":{"feature_id":"bangunan-soligi-66","Pemilik":"","BLOK":"Dusun 1","No Rumah":null}},{"type":"Feature","geometry":{"bbox":[127.42445731817985,-1.6657290154457338,127.42451556231978,-1.6656430721851976],"type":"Polygon","coordinates":[[[127.42445731817985,-1.6656493709114588],[127.42450521686283,-1.6656430721851976],[127.42451556231978,-1.6657227166476078],[127.42446766364579,-1.6657290154457338],[127.42445731817985,-1.6656493709114588]]]},"properties":{"feature_id":"bangunan-soligi-67","Pemilik":"","BLOK":"Dusun 1","No Rumah":null}},{"type":"Feature","geometry":{"bbox":[127.42434017806443,-1.658937875191563,127.4244437142908,-1.658830667173318],"type":"Polygon","coordinates":[[[127.42434017806443,-1.6588683515354194],[127.42438245605156,-1.658830667173318],[127.4244437142908,-1.6589001312801415],[127.4244014363396,-1.658937875191563],[127.42434017806443,-1.6588683515354194]]]},"properties":{"feature_id":"bangunan-soligi-68","Pemilik":"","BLOK":"Dusun 1","No Rumah":null}},{"type":"Feature","geometry":{"bbox":[127.42512138002087,-1.6592189471833325,127.42525440343748,-1.6591040373781503],"type":"Polygon","coordinates":[[[127.42512138002087,-1.6591475346216744],[127.42522475218796,-1.6591040373781503],[127.42525440343748,-1.6591753903096398],[127.42515103131534,-1.6592189471833325],[127.42512138002087,-1.6591475346216744]]]},"properties":{"feature_id":"bangunan-soligi-69","Pemilik":"","BLOK":"Dusun 1","No Rumah":null}},{"type":"Feature","geometry":{"bbox":[127.42468703605601,-1.6593528235862316,127.42480661939135,-1.659230764700558],"type":"Polygon","coordinates":[[[127.42468703605601,-1.6592816113129496],[127.42474633898627,-1.659230764700558],[127.42480661939135,-1.6593019750514453],[127.42474723504678,-1.6593528235862316],[127.42468703605601,-1.6592816113129496]]]},"properties":{"feature_id":"bangunan-soligi-70","Pemilik":"","BLOK":"Dusun 1","No Rumah":null}},{"type":"Feature","geometry":{"bbox":[127.42546277641722,-1.662102287636228,127.42552460393685,-1.662029574044544],"type":"Polygon","coordinates":[[[127.42546277641722,-1.662038547899822],[127.42551344403131,-1.662029574044544],[127.42552460393685,-1.6620933137180678],[127.42547393633174,-1.662102287636228],[127.42546277641722,-1.662038547899822]]]},"properties":{"feature_id":"bangunan-soligi-71","Pemilik":"","BLOK":"Dusun 1","No Rumah":null}},{"type":"Feature","geometry":{"bbox":[127.42536315172508,-1.663423056442771,127.42541667048408,-1.663336703020459],"type":"Polygon","coordinates":[[[127.42536315172508,-1.6634229959322533],[127.42536323318433,-1.663336703020459],[127.42541667048408,-1.6633367653904894],[127.42541667048408,-1.663423056442771],[127.42536315172508,-1.6634229959322533]]]},"properties":{"feature_id":"bangunan-soligi-72","Pemilik":"","BLOK":"Dusun 1","No Rumah":null}},{"type":"Feature","geometry":{"bbox":[127.42435484095039,-1.659557405891071,127.42440624250602,-1.6595147870381979],"type":"Polygon","coordinates":[[[127.42435484095039,-1.6595421076626307],[127.42439630432727,-1.6595147870381979],[127.42440624250602,-1.6595300870542855],[127.42436486059738,-1.659557405891071],[127.42435484095039,-1.6595421076626307]]]},"properties":{"feature_id":"bangunan-soligi-73","Pemilik":"","BLOK":"Dusun 1","No Rumah":null}},{"type":"Feature","geometry":{"bbox":[127.42500969880575,-1.6628739971130484,127.42513172538801,-1.6627928483947456],"type":"Polygon","coordinates":[[[127.42500969880575,-1.6628159846576016],[127.42511966936806,-1.6627928483947456],[127.42513172538801,-1.662850920201883],[127.42502175485261,-1.6628739971130484],[127.42500969880575,-1.6628159846576016]]]},"properties":{"feature_id":"bangunan-soligi-74","Pemilik":"","BLOK":"Dusun 1","No Rumah":null}},{"type":"Feature","geometry":{"bbox":[127.42464141837517,-1.6593872938211622,127.42474487271114,-1.6592782924781493],"type":"Polygon","coordinates":[[[127.42464141837517,-1.6593089046375806],[127.4246757945565,-1.6592782924781493],[127.42474487271114,-1.6593566815898655],[127.42471049656577,-1.6593872938211622],[127.42464141837517,-1.6593089046375806]]]},"properties":{"feature_id":"bangunan-soligi-75","Pemilik":"","BLOK":"Dusun 1","No Rumah":null}},{"type":"Feature","geometry":{"bbox":[127.42331173169634,-1.6592660100737808,127.4234536378162,-1.6591271254284252],"type":"Polygon","coordinates":[[[127.42331173169634,-1.659194570302153],[127.42336598516049,-1.6591271254284252],[127.4234536378162,-1.6591985632776582],[127.42339930295572,-1.6592660100737808],[127.42331173169634,-1.659194570302153]]]},"properties":{"feature_id":"bangunan-soligi-76","Pemilik":"","BLOK":"Dusun 1","No Rumah":null}},{"type":"Feature","geometry":{"bbox":[127.42380506197132,-1.658432396361225,127.42391487147468,-1.6583280778279903],"type":"Polygon","coordinates":[[[127.42380506197132,-1.6583720879736088],[127.42384033462636,-1.6583280778279903],[127.42391487147468,-1.658388387949355],[127.42387968032378,-1.658432396361225],[127.42380506197132,-1.6583720879736088]]]},"properties":{"feature_id":"bangunan-soligi-77","Pemilik":"","BLOK":"Dusun 1","No Rumah":null}},{"type":"Feature","geometry":{"bbox":[127.42541072396031,-1.6631988957336068,127.42547222568791,-1.6631091044587027],"type":"Polygon","coordinates":[[[127.42541072396031,-1.6631164428771072],[127.4254600068034,-1.6631091044587027],[127.42547222568791,-1.6631914959692518],[127.42542286139454,-1.6631988957336068],[127.42541072396031,-1.6631164428771072]]]},"properties":{"feature_id":"bangunan-soligi-78","Pemilik":"","BLOK":"Dusun 1","No Rumah":null}},{"type":"Feature","geometry":{"bbox":[127.42512757094929,-1.6640119975754766,127.42518988752076,-1.6639582691586703],"type":"Polygon","coordinates":[[[127.42512757094929,-1.663990226329644],[127.42514190783668,-1.6639582691586703],[127.42518988752076,-1.6639800403955196],[127.42517555064238,-1.6640119975754766],[127.42512757094929,-1.663990226329644]]]},"properties":{"feature_id":"bangunan-soligi-79","Pemilik":"","BLOK":"Dusun 1","No Rumah":null}},{"type":"Feature","geometry":{"bbox":[127.42406329325493,-1.6601560676126175,127.42412984672141,-1.6600985036500595],"type":"Polygon","coordinates":[[[127.42406329325493,-1.6601234144449277],[127.42411404333437,-1.6600985036500595],[127.42412984672141,-1.6601311567907997],[127.42407909665994,-1.6601560676126175],[127.42406329325493,-1.6601234144449277]]]},"properties":{"feature_id":"bangunan-soligi-80","Pemilik":"","BLOK":"Dusun 1","No Rumah":null}},{"type":"Feature","geometry":{"bbox":[127.42422979899321,-1.659696076872136,127.4243223382146,-1.6596075421157357],"type":"Polygon","coordinates":[[[127.42422979899321,-1.6596587521236092],[127.42429203488696,-1.6596075421157357],[127.4243223382146,-1.6596449280754662],[127.42426018379804,-1.659696076872136],[127.42422979899321,-1.6596587521236092]]]},"properties":{"feature_id":"bangunan-soligi-81","Pemilik":"","BLOK":"Dusun 1","No Rumah":null}},{"type":"Feature","geometry":{"bbox":[127.42481199575445,-1.6644075815894366,127.42485125944465,-1.664369143837256],"type":"Polygon","coordinates":[[[127.42481199575445,-1.6644034290461873],[127.42481598729263,-1.664369143837256],[127.42485125944465,-1.6643733558669431],[127.42484726790643,-1.6644075815894366],[127.42481199575445,-1.6644034290461873]]]},"properties":{"feature_id":"bangunan-soligi-82","Pemilik":"","BLOK":"Dusun 1","No Rumah":null}},{"type":"Feature","geometry":{"bbox":[127.4243383859344,-1.6585384126384817,127.42446057659397,-1.6584154530659714],"type":"Polygon","coordinates":[[[127.4243383859344,-1.6584833693665773],[127.42440599811935,-1.6584154530659714],[127.42446057659397,-1.658470496230078],[127.42439296445392,-1.6585384126384817],[127.4243383859344,-1.6584833693665773]]]},"properties":{"feature_id":"bangunan-soligi-83","Pemilik":"","BLOK":"Dusun 1","No Rumah":null}},{"type":"Feature","geometry":{"bbox":[127.4244797197735,-1.663088208468401,127.42458521084174,-1.6629830796637632],"type":"Polygon","coordinates":[[[127.4244797197735,-1.6630825772802282],[127.42448525908199,-1.6629830796637632],[127.42458521084174,-1.6629887109597343],[127.42457967155123,-1.663088208468401],[127.4244797197735,-1.6630825772802282]]]},"properties":{"feature_id":"bangunan-soligi-84","Pemilik":"","BLOK":"Dusun 1","No Rumah":null}},{"type":"Feature","geometry":{"bbox":[127.4246536374034,-1.666534638040312,127.42476678545961,-1.6664448000799628],"type":"Polygon","coordinates":[[[127.4246536374034,-1.6664612436244577],[127.42475383330729,-1.6664448000799628],[127.42476678545961,-1.6665244475068133],[127.42470438705163,-1.666534638040312],[127.42469844046495,-1.6664982520941392],[127.42466056150982,-1.666504447550075],[127.4246536374034,-1.6664612436244577]]]},"properties":{"feature_id":"bangunan-soligi-85","Pemilik":"","BLOK":"Dusun 1","No Rumah":null}},{"type":"Feature","geometry":{"bbox":[127.42485109652618,-1.6598187690072033,127.42489923931734,-1.6597640127110993],"type":"Polygon","coordinates":[[[127.42485109652618,-1.6597770580815878],[127.42488164398894,-1.6597640127110993],[127.42489923931734,-1.6598056641412933],[127.4248686918636,-1.6598187690072033],[127.42485109652618,-1.6597770580815878]]]},"properties":{"feature_id":"bangunan-soligi-86","Pemilik":"","BLOK":"Dusun 1","No Rumah":null}},{"type":"Feature","geometry":{"bbox":[127.42380058160587,-1.6600871005975395,127.4239139754052,-1.6599817734089544],"type":"Polygon","coordinates":[[[127.42380058160587,-1.6600588286751874],[127.42386444710642,-1.6599817734089544],[127.4239139754052,-1.660023253216013],[127.42389686859859,-1.660043910002921],[127.42388106515762,-1.6600306425868605],[127.42383430650861,-1.6600871005975395],[127.42380058160587,-1.6600588286751874]]]},"properties":{"feature_id":"bangunan-soligi-87","Pemilik":"","BLOK":"Dusun 1","No Rumah":null}},{"type":"Feature","geometry":{"bbox":[127.42562830135692,-1.6607069073223846,127.42571358890117,-1.660567616198346],"type":"Polygon","coordinates":[[[127.42562830135692,-1.6605919835843326],[127.42569208374533,-1.660567616198346],[127.4257087828246,-1.6606117259042474],[127.42568988434611,-1.6606189833215628],[127.42571358890117,-1.6606819071900611],[127.4256480958959,-1.6607069073223846],[127.42564043874624,-1.6606863831447791],[127.42566088495906,-1.660678496727102],[127.42562830135692,-1.6605919835843326]]]},"properties":{"feature_id":"bangunan-soligi-88","Pemilik":"","BLOK":"Dusun 1","No Rumah":null}},{"type":"Feature","geometry":{"bbox":[127.42487023959794,-1.6597090601690385,127.42491724195092,-1.6596534160859058],"type":"Polygon","coordinates":[[[127.42487023959794,-1.6596665656789336],[127.42489475902377,-1.6596534160859058],[127.42491724195092,-1.6596959700085498],[127.42489272252507,-1.6597090601690385],[127.42487023959794,-1.6596665656789336]]]},"properties":{"feature_id":"bangunan-soligi-89","Pemilik":"","BLOK":"Dusun 1","No Rumah":null}},{"type":"Feature","geometry":{"bbox":[127.42390778436898,-1.659975597554258,127.42401327629061,-1.6598916967482678],"type":"Polygon","coordinates":[[[127.42390778436898,-1.6599466205711888],[127.42399535490067,-1.6598916967482678],[127.42401327629061,-1.6599206754740685],[127.42392578725406,-1.659975597554258],[127.42390778436898,-1.6599466205711888]]]},"properties":{"feature_id":"bangunan-soligi-90","Pemilik":"","BLOK":"Dusun 1","No Rumah":null}},{"type":"Feature","geometry":{"bbox":[127.42532030410725,-1.6624271178860102,127.42536722469556,-1.6623871349776418],"type":"Polygon","coordinates":[[[127.42532030410725,-1.6623984582507811],[127.42535891584512,-1.6623871349776418],[127.42536722469556,-1.6624157333118357],[127.42532853150745,-1.6624271178860102],[127.42532030410725,-1.6623984582507811]]]},"properties":{"feature_id":"bangunan-soligi-91","Pemilik":"","BLOK":"Dusun 1","No Rumah":null}},{"type":"Feature","geometry":{"bbox":[127.42503063395361,-1.663017630657238,127.42510354035969,-1.6629025374430244],"type":"Polygon","coordinates":[[[127.42503063395361,-1.6629106116445285],[127.42508895908566,-1.6629025374430244],[127.42510354035969,-1.663009556347936],[127.4250452152456,-1.663017630657238],[127.42503063395361,-1.6629106116445285]]]},"properties":{"feature_id":"bangunan-soligi-92","Pemilik":"","BLOK":"Dusun 1","No Rumah":null}},{"type":"Feature","geometry":{"bbox":[127.42451262975158,-1.659779011638853,127.42465950253086,-1.659621713874776],"type":"Polygon","coordinates":[[[127.42451262975158,-1.6596732989202974],[127.42458643274816,-1.659621713874776],[127.42465950253086,-1.659727368723861],[127.42458578106535,-1.659779011638853],[127.42451262975158,-1.6596732989202974]]]},"properties":{"feature_id":"bangunan-soligi-93","Pemilik":"","BLOK":"Dusun 1","No Rumah":null}},{"type":"Feature","geometry":{"bbox":[127.4244817562812,-1.663179901081503,127.4245835816392,-1.663095362768105],"type":"Polygon","coordinates":[[[127.4244817562812,-1.6630978159234155],[127.42458154513149,-1.663095362768105],[127.4245835816392,-1.6631774459948145],[127.42448371132969,-1.663179901081503],[127.4244817562812,-1.6630978159234155]]]},"properties":{"feature_id":"bangunan-soligi-94","Pemilik":"","BLOK":"Dusun 1","No Rumah":null}},{"type":"Feature","geometry":{"bbox":[127.42465037899825,-1.6641998413829804,127.42472133075115,-1.6641617632174246],"type":"Polygon","coordinates":[[[127.42465037899825,-1.6641857236755708],[127.42465542952442,-1.6641617632174246],[127.42472133075115,-1.6641758214653455],[127.424716280225,-1.6641998413829804],[127.42465037899825,-1.6641857236755708]]]},"properties":{"feature_id":"bangunan-soligi-95","Pemilik":"","BLOK":"Dusun 1","No Rumah":null}},{"type":"Feature","geometry":{"bbox":[127.4252044687768,-1.6593505852181056,127.42532291080258,-1.6592284792157952],"type":"Polygon","coordinates":[[[127.4252044687768,-1.6592669991189088],[127.42528177381061,-1.6592284792157952],[127.42532291080258,-1.6593121246217672],[127.4252456058137,-1.6593505852181056],[127.4252044687768,-1.6592669991189088]]]},"properties":{"feature_id":"bangunan-soligi-96","Pemilik":"","BLOK":"Dusun 1","No Rumah":null}},{"type":"Feature","geometry":{"bbox":[127.4233775527125,-1.659196116365639,127.42347367735272,-1.6591012214921113],"type":"Polygon","coordinates":[[[127.4233775527125,-1.6591274639046412],[127.42340256142373,-1.6591012214921113],[127.42347367735272,-1.6591698738992104],[127.42344866865945,-1.659196116365639],[127.4233775527125,-1.6591274639046412]]]},"properties":{"feature_id":"bangunan-soligi-97","Pemilik":"","BLOK":"Dusun 1","No Rumah":null}},{"type":"Feature","geometry":{"bbox":[127.42501197968217,-1.6620947085950917,127.42507942831084,-1.6620409752465344],"type":"Polygon","coordinates":[[[127.42501197968217,-1.662056458626738],[127.4250692458532,-1.6620409752465344],[127.42507942831084,-1.6620792251699725],[127.42502216214878,-1.6620947085950917],[127.42501197968217,-1.662056458626738]]]},"properties":{"feature_id":"bangunan-soligi-98","Pemilik":"","BLOK":"Dusun 1","No Rumah":null}},{"type":"Feature","geometry":{"bbox":[127.42344565458708,-1.658874249577131,127.42358234691196,-1.6587421761918215],"type":"Polygon","coordinates":[[[127.42344565458708,-1.6588023526348885],[127.42349396125793,-1.6587421761918215],[127.42358234691196,-1.6588140730262657],[127.42353404029502,-1.658874249577131],[127.42344565458708,-1.6588023526348885]]]},"properties":{"feature_id":"bangunan-soligi-99","Pemilik":"","BLOK":"Dusun 1","No Rumah":null}},{"type":"Feature","geometry":{"bbox":[127.42460630904283,-1.6646114887294914,127.42466748562519,-1.66450170191756],"type":"Polygon","coordinates":[[[127.42460630904283,-1.6646093730532667],[127.42461013767152,-1.66450170191756],[127.42466748562519,-1.66450381766565],[127.4246636569965,-1.6646114887294914],[127.42460630904283,-1.6646093730532667]]]},"properties":{"feature_id":"bangunan-soligi-100","Pemilik":"","BLOK":"Dusun 1","No Rumah":null}},{"type":"Feature","geometry":{"bbox":[127.4249693762264,-1.659621235629685,127.42510174824766,-1.6594595200049393],"type":"Polygon","coordinates":[[[127.4249693762264,-1.6594934701332866],[127.4250255834544,-1.6594595200049393],[127.42510174824766,-1.659587344781163],[127.42504554108254,-1.659621235629685],[127.4249693762264,-1.6594934701332866]]]},"properties":{"feature_id":"bangunan-soligi-101","Pemilik":"","BLOK":"Dusun 1","No Rumah":null}},{"type":"Feature","geometry":{"bbox":[127.4251814157249,-1.6620040663371358,127.42532144453644,-1.6619053718594508],"type":"Polygon","coordinates":[[[127.4251814157249,-1.6619331095986194],[127.42530588579659,-1.6619053718594508],[127.42532144453644,-1.6619763284362707],[127.42519697450071,-1.6620040663371358],[127.4251814157249,-1.6619331095986194]]]},"properties":{"feature_id":"bangunan-soligi-102","Pemilik":"","BLOK":"Dusun 1","No Rumah":null}},{"type":"Feature","geometry":{"bbox":[127.42403738870777,-1.659519316137248,127.424126832676,-1.659426596722827],"type":"Polygon","coordinates":[[[127.42403738870777,-1.659461786562199],[127.42408243655127,-1.659426596722827],[127.424126832676,-1.6594841856944824],[127.42408178485947,-1.659519316137248],[127.42403738870777,-1.659461786562199]]]},"properties":{"feature_id":"bangunan-soligi-103","Pemilik":"","BLOK":"Dusun 1","No Rumah":null}},{"type":"Feature","geometry":{"bbox":[127.42479334142011,-1.6645697868049953,127.42486160484768,-1.66448943851256],"type":"Polygon","coordinates":[[[127.42479334142011,-1.6644976313994795],[127.42485158528156,-1.66448943851256],[127.42486160484768,-1.6645616533146823],[127.42480336099521,-1.6645697868049953],[127.42479334142011,-1.6644976313994795]]]},"properties":{"feature_id":"bangunan-soligi-104","Pemilik":"","BLOK":"Dusun 1","No Rumah":null}},{"type":"Feature","geometry":{"bbox":[127.42359309980878,-1.6590518696853356,127.42363668162871,-1.6590092182954832],"type":"Polygon","coordinates":[[[127.42359309980878,-1.659039738018272],[127.4236045044064,-1.6590092182954832],[127.42363668162871,-1.6590213499625468],[127.42362527704906,-1.6590518696853356],[127.42359309980878,-1.659039738018272]]]},"properties":{"feature_id":"bangunan-soligi-105","Pemilik":"","BLOK":"Dusun 1","No Rumah":null}},{"type":"Feature","geometry":{"bbox":[127.42517555064238,-1.6640232228334353,127.4252146512075,-1.6639800403955196],"type":"Polygon","coordinates":[[[127.42517555064238,-1.6640119975754766],[127.42518988752076,-1.6639800403955196],[127.4252146512075,-1.6639912656534783],[127.42520031433813,-1.6640232228334353],[127.42517555064238,-1.6640119975754766]]]},"properties":{"feature_id":"bangunan-soligi-106","Pemilik":"","BLOK":"Dusun 1","No Rumah":null}},{"type":"Feature","geometry":{"bbox":[127.42536323318433,-1.6633367653904894,127.4254167519433,-1.6632489235675496],"type":"Polygon","coordinates":[[[127.42536323318433,-1.663336703020459],[127.42536331464355,-1.6632489235675496],[127.4254167519433,-1.6632489859914787],[127.42541667048408,-1.6633367653904894],[127.42536323318433,-1.663336703020459]]]},"properties":{"feature_id":"bangunan-soligi-107","Pemilik":"","BLOK":"Dusun 1","No Rumah":null}},{"type":"Feature","geometry":{"bbox":[127.42370519056587,-1.6591313328317887,127.4238305592942,-1.6590097969093407],"type":"Polygon","coordinates":[[[127.42370519056587,-1.6590547381857008],[127.42374486217204,-1.6590097969093407],[127.4238305592942,-1.659086391465597],[127.42379088773292,-1.6591313328317887],[127.42370519056587,-1.6590547381857008]]]},"properties":{"feature_id":"bangunan-soligi-108","Pemilik":"","BLOK":"Dusun 1","No Rumah":null}},{"type":"Feature","geometry":{"bbox":[127.4239586160244,-1.6588374950342306,127.42407917811919,-1.6587204184027518],"type":"Polygon","coordinates":[[[127.4239586160244,-1.6587585873161175],[127.4239932369158,-1.6587204184027518],[127.42407917811919,-1.6587993260400165],[127.42404455726374,-1.6588374950342306],[127.4239586160244,-1.6587585873161175]]]},"properties":{"feature_id":"bangunan-soligi-109","Pemilik":"","BLOK":"Dusun 1","No Rumah":null}},{"type":"Feature","geometry":{"bbox":[127.42505938923246,-1.6639803037635945,127.42512007666421,-1.6639273735448339],"type":"Polygon","coordinates":[[[127.42505938923246,-1.6639593289012111],[127.42507364466958,-1.6639273735448339],[127.42512007666421,-1.6639483465926206],[127.42510573977687,-1.6639803037635945],[127.42505938923246,-1.6639593289012111]]]},"properties":{"feature_id":"bangunan-soligi-110","Pemilik":"","BLOK":"Dusun 1","No Rumah":null}},{"type":"Feature","geometry":{"bbox":[127.42370176918837,-1.6598747377145304,127.42383226998294,-1.6597357994846678],"type":"Polygon","coordinates":[[[127.42370176918837,-1.6597815306316908],[127.42377435112296,-1.6597357994846678],[127.42383226998294,-1.6598290063878443],[127.42375968811122,-1.6598747377145304],[127.42370176918837,-1.6597815306316908]]]},"properties":{"feature_id":"bangunan-soligi-111","Pemilik":"","BLOK":"Dusun 1","No Rumah":null}},{"type":"Feature","geometry":{"bbox":[127.42361208031244,-1.658866719179767,127.42380335129157,-1.6586648367704977],"type":"Polygon","coordinates":[[[127.42361208031244,-1.6587973595020955],[127.42371586198547,-1.6586648367704977],[127.42380335129157,-1.6587342556920623],[127.42369956973526,-1.658866719179767],[127.42361208031244,-1.6587973595020955]]]},"properties":{"feature_id":"bangunan-soligi-112","Pemilik":"","BLOK":"Dusun 1","No Rumah":null}},{"type":"Feature","geometry":{"bbox":[127.42503348504464,-1.6600874152684004,127.42514280389717,-1.6599863200880345],"type":"Polygon","coordinates":[[[127.42503348504464,-1.6600446505920075],[127.42511111611299,-1.6599863200880345],[127.42514280389717,-1.6600290864802094],[127.42506525432397,-1.6600874152684004],[127.42503348504464,-1.6600446505920075]]]},"properties":{"feature_id":"bangunan-soligi-113","Pemilik":"","BLOK":"Dusun 1","No Rumah":null}},{"type":"Feature","geometry":{"bbox":[127.4245694075625,-1.6648895300749864,127.42462089041565,-1.6648182826146947],"type":"Polygon","coordinates":[[[127.4245694075625,-1.664822214172384],[127.4246151882067,-1.6648182826146947],[127.42462089041565,-1.6648855984723814],[127.42457510978045,-1.6648895300749864],[127.4245694075625,-1.664822214172384]]]},"properties":{"feature_id":"bangunan-soligi-114","Pemilik":"","BLOK":"Dusun 1","No Rumah":null}},{"type":"Feature","geometry":{"bbox":[127.42343400558482,-1.6590777285531717,127.42354112744566,-1.6589797816354999],"type":"Polygon","coordinates":[[[127.42343400558482,-1.6590169185193513],[127.42346227273711,-1.6589797816354999],[127.42354112744566,-1.659040651083893],[127.4235128603203,-1.6590777285531717],[127.42343400558482,-1.6590169185193513]]]},"properties":{"feature_id":"bangunan-soligi-115","Pemilik":"","BLOK":"Dusun 1","No Rumah":null}},{"type":"Feature","geometry":{"bbox":[127.42394289406064,-1.6588737517936825,127.42398395036597,-1.6588355739330967],"type":"Polygon","coordinates":[[[127.42394289406064,-1.6588453951332496],[127.4239755598946,-1.6588355739330967],[127.42398395036597,-1.6588639305755635],[127.423951284532,-1.6588737517936825],[127.42394289406064,-1.6588453951332496]]]},"properties":{"feature_id":"bangunan-soligi-116","Pemilik":"","BLOK":"Dusun 1","No Rumah":null}},{"type":"Feature","geometry":{"bbox":[127.42498102497714,-1.6600200898885717,127.42516821927572,-1.6598474886409098],"type":"Polygon","coordinates":[[[127.42498102497714,-1.6599508480878318],[127.42511567784784,-1.6598474886409098],[127.42516821927572,-1.6599167896406273],[127.42503356650386,-1.6600200898885717],[127.42498102497714,-1.6599508480878318]]]},"properties":{"feature_id":"bangunan-soligi-117","Pemilik":"","BLOK":"Dusun 1","No Rumah":null}},{"type":"Feature","geometry":{"bbox":[127.42392798669817,-1.6596339629606303,127.42396423682806,-1.6595976946218944],"type":"Polygon","coordinates":[[[127.42392798669817,-1.6596122173347498],[127.42395006261661,-1.6595976946218944],[127.42396423682806,-1.6596194420354224],[127.42394224236882,-1.6596339629606303],[127.42392798669817,-1.6596122173347498]]]},"properties":{"feature_id":"bangunan-soligi-118","Pemilik":"","BLOK":"Dusun 1","No Rumah":null}},{"type":"Feature","geometry":{"bbox":[127.42423517539224,-1.6592268125534824,127.42427313603119,-1.6591863532685187],"type":"Polygon","coordinates":[[[127.42423517539224,-1.659195704245536],[127.42426270907906,-1.6591863532685187],[127.42427313603119,-1.6592174597528848],[127.4242455208941,-1.6592268125534824],[127.42423517539224,-1.659195704245536]]]},"properties":{"feature_id":"bangunan-soligi-119","Pemilik":"","BLOK":"Dusun 1","No Rumah":null}},{"type":"Feature","geometry":{"bbox":[127.42507014190473,-1.6581771489216481,127.42518353367387,-1.6580625472206423],"type":"Polygon","coordinates":[[[127.42507014190473,-1.6581148000198471],[127.42512594175572,-1.6580625472206423],[127.42518353367387,-1.6581248960236286],[127.42512773386775,-1.6581771489216481],[127.42507014190473,-1.6581148000198471]]]},"properties":{"feature_id":"bangunan-soligi-120","Pemilik":"","BLOK":"Dusun 1","No Rumah":null}},{"type":"Feature","geometry":{"bbox":[127.42478283308061,-1.6595078053138435,127.42488384340612,-1.659406194069313],"type":"Polygon","coordinates":[[[127.42478283308061,-1.6594606753551757],[127.42483708541286,-1.659406194069313],[127.42488384340612,-1.6594533239561156],[127.42482959110082,-1.6595078053138435],[127.42478283308061,-1.6594606753551757]]]},"properties":{"feature_id":"bangunan-soligi-121","Pemilik":"","BLOK":"Dusun 1","No Rumah":null}},{"type":"Feature","geometry":{"bbox":[127.42495544659926,-1.6589280691639552,127.42503055249439,-1.658852923051263],"type":"Polygon","coordinates":[[[127.42495544659926,-1.6588845777415144],[127.42498591255789,-1.658852923051263],[127.42503055249439,-1.6588964126321575],[127.42500000510348,-1.6589280691639552],[127.42495544659926,-1.6588845777415144]]]},"properties":{"feature_id":"bangunan-soligi-122","Pemilik":"","BLOK":"Dusun 1","No Rumah":null}},{"type":"Feature","geometry":{"bbox":[127.42465901377545,-1.6596411130023196,127.42477558313729,-1.6595237919662016],"type":"Polygon","coordinates":[[[127.42465901377545,-1.6595850815566533],[127.42471994592627,-1.6595237919662016],[127.42477558313729,-1.6595798827815251],[127.42471465102243,-1.6596411130023196],[127.42465901377545,-1.6595850815566533]]]},"properties":{"feature_id":"bangunan-soligi-123","Pemilik":"","BLOK":"Dusun 1","No Rumah":null}},{"type":"Feature","geometry":{"bbox":[127.42367814542779,-1.6585797999999146,127.42383259582886,-1.6584132280468105],"type":"Polygon","coordinates":[[[127.42367814542779,-1.658526468467784],[127.42375439313551,-1.6584132280468105],[127.42383259582886,-1.65846655946216],[127.42375634820193,-1.6585797999999146],[127.42367814542779,-1.658526468467784]]]},"properties":{"feature_id":"bangunan-soligi-124","Pemilik":"","BLOK":"Dusun 1","No Rumah":null}},{"type":"Feature","geometry":{"bbox":[127.42398859364087,-1.6587924337159992,127.42413326807198,-1.6586503392284366],"type":"Polygon","coordinates":[[[127.42398859364087,-1.6587125531493827],[127.42404300951141,-1.6586503392284366],[127.42413326807198,-1.6587302214749025],[127.42407893373252,-1.6587924337159992],[127.42398859364087,-1.6587125531493827]]]},"properties":{"feature_id":"bangunan-soligi-125","Pemilik":"","BLOK":"Dusun 1","No Rumah":null}},{"type":"Feature","geometry":{"bbox":[127.42320672749705,-1.6591184242477686,127.42334635290217,-1.6589754289745546],"type":"Polygon","coordinates":[[[127.42320672749705,-1.6590600680699448],[127.42327482954231,-1.6589754289745546],[127.42334635290217,-1.659033725576109],[127.42327825092876,-1.6591184242477686],[127.42320672749705,-1.6590600680699448]]]},"properties":{"feature_id":"bangunan-soligi-126","Pemilik":"","BLOK":"Dusun 1","No Rumah":null}},{"type":"Feature","geometry":{"bbox":[127.42490078705171,-1.659163536698106,127.42503601029871,-1.659010971932682],"type":"Polygon","coordinates":[[[127.42490078705171,-1.6590749991569282],[127.42496994644999,-1.659010971932682],[127.42503601029871,-1.6590833024288296],[127.42494925566186,-1.659163536698106],[127.42491528691143,-1.6591263514938754],[127.42493288223086,-1.6591100851510534],[127.42490078705171,-1.6590749991569282]]]},"properties":{"feature_id":"bangunan-soligi-127","Pemilik":"","BLOK":"Dusun 1","No Rumah":null}},{"type":"Feature","geometry":{"bbox":[127.42514842460203,-1.6589434746871732,127.42523713402683,-1.6588595902484873],"type":"Polygon","coordinates":[[[127.42514842460203,-1.658897489146245],[127.42520846028803,-1.6588595902484873],[127.42523713402683,-1.6589056333804082],[127.42517701690852,-1.6589434746871732],[127.42514842460203,-1.658897489146245]]]},"properties":{"feature_id":"bangunan-soligi-128","Pemilik":"","BLOK":"Dusun 1","No Rumah":null}},{"type":"Feature","geometry":{"bbox":[127.43177892385904,-1.6585584250368868,127.43183504423794,-1.658493567131514],"type":"Polygon","coordinates":[[[127.43177892385904,-1.6585461779003763],[127.43179464408907,-1.658493567131514],[127.43183504423794,-1.6585058124713938],[127.43181924256666,-1.6585584250368868],[127.43177892385904,-1.6585461779003763]]]},"properties":{"feature_id":"bangunan-soligi-129","Pemilik":"","BLOK":"Dusun 1","No Rumah":null}},{"type":"Feature","geometry":{"bbox":[127.42366747399915,-1.659623644848395,127.42381125301652,-1.6594837356654746],"type":"Polygon","coordinates":[[[127.42366747399915,-1.6595510309158086],[127.42375789596325,-1.6594837356654746],[127.42381125301652,-1.6595563494183976],[127.4237208311243,-1.659623644848395],[127.42366747399915,-1.6595510309158086]]]},"properties":{"feature_id":"bangunan-soligi-130","Pemilik":"","BLOK":"Dusun 1","No Rumah":null}},{"type":"Feature","geometry":{"bbox":[127.42522043483977,-1.6624219393948412,127.42535891584512,-1.6623185927489124],"type":"Polygon","coordinates":[[[127.42522043483977,-1.6623533969954318],[127.42533903975709,-1.6623185927489124],[127.42535891584512,-1.6623871349776418],[127.42524031094578,-1.6624219393948412],[127.42522043483977,-1.6623533969954318]]]},"properties":{"feature_id":"bangunan-soligi-131","Pemilik":"","BLOK":"Dusun 1","No Rumah":null}},{"type":"Feature","geometry":{"bbox":[127.42406345618238,-1.6584671020266255,127.42415729898498,-1.6583891996131468],"type":"Polygon","coordinates":[[[127.42406345618238,-1.6584111434253455],[127.42408235509203,-1.6583891996131468],[127.4241111107482,-1.6584141914180874],[127.42412170064571,-1.6584017671697358],[127.42415729898498,-1.658432732124529],[127.42412772874553,-1.6584671020266255],[127.42406345618238,-1.6584111434253455]]]},"properties":{"feature_id":"bangunan-soligi-132","Pemilik":"","BLOK":"Dusun 1","No Rumah":null}},{"type":"Feature","geometry":{"bbox":[127.42423574561582,-1.663053941028146,127.42429855173317,-1.6630193733619396],"type":"Polygon","coordinates":[[[127.42423574561582,-1.6630491591701244],[127.42423802651021,-1.6630193733619396],[127.42429855173317,-1.6630241552379275],[127.42429627083878,-1.663053941028146],[127.42423574561582,-1.6630491591701244]]]},"properties":{"feature_id":"bangunan-soligi-133","Pemilik":"","BLOK":"Dusun 1","No Rumah":null}},{"type":"Feature","geometry":{"bbox":[127.42538547158102,-1.6620356538693364,127.42545919221112,-1.661954267492742],"type":"Polygon","coordinates":[[[127.42538547158102,-1.6619703884252688],[127.42543931615901,-1.661954267492742],[127.42545919221112,-1.662018884146562],[127.42540559202881,-1.6620356538693364],[127.42538547158102,-1.6619703884252688]]]},"properties":{"feature_id":"bangunan-soligi-134","Pemilik":"","BLOK":"Dusun 1","No Rumah":null}},{"type":"Feature","geometry":{"bbox":[127.4246096489072,-1.662243580646894,127.42470479435677,-1.6621701106108588],"type":"Polygon","coordinates":[[[127.4246096489072,-1.6621887224908203],[127.42469265680575,-1.6621701106108588],[127.42470479435677,-1.6622249686771011],[127.42462178647618,-1.662243580646894],[127.4246096489072,-1.6621887224908203]]]},"properties":{"feature_id":"bangunan-soligi-135","Pemilik":"","BLOK":"Dusun 1","No Rumah":null}},{"type":"Feature","geometry":{"bbox":[127.4241358748212,-1.6594231230813536,127.4242166023644,-1.6593382070084122],"type":"Polygon","coordinates":[[[127.4241358748212,-1.659365116330209],[127.42416682989455,-1.6593382070084122],[127.4242166023644,-1.6593962713685162],[127.42418556584981,-1.6594231230813536],[127.4241358748212,-1.659365116330209]]]},"properties":{"feature_id":"bangunan-soligi-136","Pemilik":"","BLOK":"Dusun 1","No Rumah":null}},{"type":"Feature","geometry":{"bbox":[127.4240939225183,-1.664488388974881,127.4241358748212,-1.6644423984123702],"type":"Polygon","coordinates":[[[127.4240939225183,-1.6644441232855134],[127.42413408268223,-1.6644423984123702],[127.4241358748212,-1.66448672536684],[127.42409579611649,-1.664488388974881],[127.4240939225183,-1.6644441232855134]]]},"properties":{"feature_id":"bangunan-soligi-137","Pemilik":"","BLOK":"Dusun 1","No Rumah":null}},{"type":"Feature","geometry":{"bbox":[127.42425122313003,-1.659591674049978,127.4243537005032,-1.6594894507293458],"type":"Polygon","coordinates":[[[127.42425122313003,-1.6595364347926282],[127.42431060789683,-1.6594894507293458],[127.4243537005032,-1.6595447493563529],[127.42429431578131,-1.659591674049978],[127.42425122313003,-1.6595364347926282]]]},"properties":{"feature_id":"bangunan-soligi-138","Pemilik":"","BLOK":"Dusun 1","No Rumah":null}},{"type":"Feature","geometry":{"bbox":[127.42484759374335,-1.6625416080971058,127.42492212954065,-1.6624849738010354],"type":"Polygon","coordinates":[[[127.42484759374335,-1.662504633583742],[127.42491080661785,-1.6624849738010354],[127.42492212954065,-1.662522009543569],[127.42485899813438,-1.6625416080971058],[127.42484759374335,-1.662504633583742]]]},"properties":{"feature_id":"bangunan-soligi-139","Pemilik":"","BLOK":"Dusun 1","No Rumah":null}},{"type":"Feature","geometry":{"bbox":[127.42481867546519,-1.6594542930855933,127.42493345245447,-1.6593434646950567],"type":"Polygon","coordinates":[[[127.42481867546519,-1.6593911412965412],[127.42485834645154,-1.6593434646950567],[127.42493345245447,-1.6594066164032606],[127.42489378150404,-1.6594542930855933],[127.42481867546519,-1.6593911412965412]]]},"properties":{"feature_id":"bangunan-soligi-140","Pemilik":"","BLOK":"Dusun 1","No Rumah":null}},{"type":"Feature","geometry":{"bbox":[127.42503576592102,-1.6632734564950769,127.42510207409354,-1.6632036246898414],"type":"Polygon","coordinates":[[[127.42503576592102,-1.663205586852967],[127.42510003760383,-1.6632036246898414],[127.42510207409354,-1.6632714942690692],[127.42503780241074,-1.6632734564950769],[127.42503576592102,-1.663205586852967]]]},"properties":{"feature_id":"bangunan-soligi-141","Pemilik":"","BLOK":"Dusun 1","No Rumah":null}},{"type":"Feature","geometry":{"bbox":[127.4240822736328,-1.6586182107667042,127.42423509393299,-1.6584598325898516],"type":"Polygon","coordinates":[[[127.4240822736328,-1.6585580159710558],[127.42416063887629,-1.6584598325898516],[127.42423509393299,-1.658520025436156],[127.42415664730214,-1.6586182107667042],[127.4240822736328,-1.6585580159710558]]]},"properties":{"feature_id":"bangunan-soligi-142","Pemilik":"","BLOK":"Dusun 1","No Rumah":null}},{"type":"Feature","geometry":{"bbox":[127.424805071657,-1.6591042760695045,127.42487634909408,-1.6590299496605259],"type":"Polygon","coordinates":[[[127.424805071657,-1.6590504794166694],[127.42482722876518,-1.6590299496605259],[127.42487634909408,-1.6590837462864116],[127.42485419200388,-1.6591042760695045],[127.424805071657,-1.6590504794166694]]]},"properties":{"feature_id":"bangunan-soligi-143","Pemilik":"","BLOK":"Dusun 1","No Rumah":null}},{"type":"Feature","geometry":{"bbox":[127.42489435172764,-1.6597031341268396,127.4249803732943,-1.6596145952022563],"type":"Polygon","coordinates":[[[127.42489435172764,-1.6596467056707334],[127.42494534558288,-1.6596145952022563],[127.4249803732943,-1.6596710235864975],[127.42492937946601,-1.6597031341268396],[127.42489435172764,-1.6596467056707334]]]},"properties":{"feature_id":"bangunan-soligi-144","Pemilik":"","BLOK":"Dusun 1","No Rumah":null}},{"type":"Feature","geometry":{"bbox":[127.42515551159094,-1.6621359805589433,127.42520813445115,-1.6620614568439955],"type":"Polygon","coordinates":[[[127.42515551159094,-1.6620708172533234],[127.42519143524612,-1.6620614568439955],[127.42520813445115,-1.6621266201046996],[127.42517221079598,-1.6621359805589433],[127.42515551159094,-1.6620708172533234]]]},"properties":{"feature_id":"bangunan-soligi-145","Pemilik":"","BLOK":"Dusun 1","No Rumah":null}},{"type":"Feature","geometry":{"bbox":[127.42394998115738,-1.659135386802902,127.42411436918029,-1.6589643033667103],"type":"Polygon","coordinates":[[[127.42394998115738,-1.6590788112925836],[127.42405115559609,-1.6589643033667103],[127.42411436918029,-1.6590208805029794],[127.42401327629061,-1.659135386802902],[127.42394998115738,-1.6590788112925836]]]},"properties":{"feature_id":"bangunan-soligi-146","Pemilik":"","BLOK":"Dusun 1","No Rumah":null}},{"type":"Feature","geometry":{"bbox":[127.42509482418615,-1.6587378955577958,127.42522760326997,-1.6586051355990976],"type":"Polygon","coordinates":[[[127.42509482418615,-1.658685443691924],[127.42517693544927,-1.6586051355990976],[127.42522760326997,-1.658657589144819],[127.42514557351996,-1.6587378955577958],[127.42509482418615,-1.658685443691924]]]},"properties":{"feature_id":"bangunan-soligi-147","Pemilik":"","BLOK":"Dusun 1","No Rumah":null}},{"type":"Feature","geometry":{"bbox":[127.42463131732288,-1.6643213052874921,127.42471766504985,-1.6642019140568522],"type":"Polygon","coordinates":[[[127.42463131732288,-1.6643069350097575],[127.4246551036875,-1.6642019140568522],[127.42471766504985,-1.6642162843615365],[127.42469387870318,-1.6643213052874921],[127.42463131732288,-1.6643069350097575]]]},"properties":{"feature_id":"bangunan-soligi-148","Pemilik":"","BLOK":"Dusun 1","No Rumah":null}},{"type":"Feature","geometry":{"bbox":[127.42327825092876,-1.6591650861212912,127.4233924601828,-1.6590476494899626],"type":"Polygon","coordinates":[[[127.42327825092876,-1.6591184242477686],[127.42333519265527,-1.6590476494899626],[127.4233924601828,-1.659094309477023],[127.42333543704194,-1.6591650861212912],[127.42327825092876,-1.6591184242477686]]]},"properties":{"feature_id":"bangunan-soligi-149","Pemilik":"","BLOK":"Dusun 1","No Rumah":null}},{"type":"Feature","geometry":{"bbox":[127.42487138003615,-1.6632900052412747,127.42502656097413,-1.6631873472977414],"type":"Polygon","coordinates":[[[127.42487138003615,-1.663205192483574],[127.42501621558907,-1.6631873472977414],[127.42502656097413,-1.6632721598578126],[127.42488172544819,-1.6632900052412747],[127.42487138003615,-1.663205192483574]]]},"properties":{"feature_id":"bangunan-soligi-150","Pemilik":"","BLOK":"Dusun 1","No Rumah":null}},{"type":"Feature","geometry":{"bbox":[127.42392798669817,-1.6591076349512002,127.42396399244139,-1.659074425672451],"type":"Polygon","coordinates":[[[127.42392798669817,-1.6590927372006967],[127.42393857662265,-1.659074425672451],[127.42396399244139,-1.6590893234229542],[127.42395340251693,-1.6591076349512002],[127.42392798669817,-1.6590927372006967]]]},"properties":{"feature_id":"bangunan-soligi-151","Pemilik":"","BLOK":"Dusun 1","No Rumah":null}},{"type":"Feature","geometry":{"bbox":[127.42509042536078,-1.6606187675462314,127.42511510763322,-1.660594802066503],"type":"Polygon","coordinates":[[[127.42509042536078,-1.6605979006703282],[127.42511217508297,-1.660594802066503],[127.42511510763322,-1.660615668933423],[127.42509335791102,-1.6606187675462314],[127.42509042536078,-1.6605979006703282]]]},"properties":{"feature_id":"bangunan-soligi-152","Pemilik":"","BLOK":"Dusun 1","No Rumah":null}},{"type":"Feature","geometry":{"bbox":[127.42363154957145,-1.6597508226938837,127.42367578304722,-1.6597098283723368],"type":"Polygon","coordinates":[[[127.42363154957145,-1.6597322435754807],[127.42364482775831,-1.6597098283723368],[127.42367578304722,-1.6597284092963536],[127.42366258632858,-1.6597508226938837],[127.42363154957145,-1.6597322435754807]]]},"properties":{"feature_id":"bangunan-soligi-153","Pemilik":"","BLOK":"Dusun 1","No Rumah":null}},{"type":"Feature","geometry":{"bbox":[127.4241911866355,-1.6586835078674027,127.42433716402799,-1.6585354869783149],"type":"Polygon","coordinates":[[[127.4241911866355,-1.6586003207818887],[127.4242645826773,-1.6585354869783149],[127.42433716402799,-1.6586186738841662],[127.42426376806704,-1.6586835078674027],[127.4241911866355,-1.6586003207818887]]]},"properties":{"feature_id":"bangunan-soligi-154","Pemilik":"","BLOK":"Dusun 1","No Rumah":null}},{"type":"Feature","geometry":{"bbox":[127.4235328183796,-1.6596026485611917,127.42357077939587,-1.6595566888468278],"type":"Polygon","coordinates":[[[127.4235328183796,-1.659564539062399],[127.42355970064415,-1.6595566888468278],[127.42357077939587,-1.6595947388591827],[127.42354389713132,-1.6596026485611917],[127.4235328183796,-1.659564539062399]]]},"properties":{"feature_id":"bangunan-soligi-155","Pemilik":"","BLOK":"Dusun 1","No Rumah":null}},{"type":"Feature","geometry":{"bbox":[127.42484490557082,-1.66448943851256,127.42488840515892,-1.664436016906356],"type":"Polygon","coordinates":[[[127.42484490557082,-1.6644411764340892],[127.42488172544819,-1.664436016906356],[127.42488840515892,-1.664484278948894],[127.42485158528156,-1.66448943851256],[127.42484490557082,-1.6644411764340892]]]},"properties":{"feature_id":"bangunan-soligi-156","Pemilik":"","BLOK":"Dusun 1","No Rumah":null}},{"type":"Feature","geometry":{"bbox":[127.42476230515703,-1.6597348417188782,127.42487594179792,-1.659618336227274],"type":"Polygon","coordinates":[[[127.42476230515703,-1.6596609886771383],[127.42483016132441,-1.659618336227274],[127.42487594179792,-1.6596921873286525],[127.42480800421623,-1.6597348417188782],[127.42476230515703,-1.6596609886771383]]]},"properties":{"feature_id":"bangunan-soligi-157","Pemilik":"","BLOK":"Dusun 1","No Rumah":null}},{"type":"Feature","geometry":{"bbox":[127.42399299252914,-1.6594911915206358,127.42403795894033,-1.65944435512242],"type":"Polygon","coordinates":[[[127.42399299252914,-1.6594737708965728],[127.424016290345,-1.65944435512242],[127.42403795894033,-1.659461773931886],[127.42401457966523,-1.6594911915206358],[127.42399299252914,-1.6594737708965728]]]},"properties":{"feature_id":"bangunan-soligi-158","Pemilik":"","BLOK":"Dusun 1","No Rumah":null}},{"type":"Feature","geometry":{"bbox":[127.42507038629141,-1.662040194754283,127.42511918061268,-1.6620204629266906],"type":"Polygon","coordinates":[[[127.42507038629141,-1.662033159634068],[127.42511730704143,-1.6620204629266906],[127.42511918061268,-1.6620274980469056],[127.42507225986266,-1.662040194754283],[127.42507038629141,-1.662033159634068]]]},"properties":{"feature_id":"bangunan-soligi-159","Pemilik":"","BLOK":"Dusun 1","No Rumah":null}},{"type":"Feature","geometry":{"bbox":[127.42442066099635,-1.659158810463767,127.42451450333184,-1.6590617502551457],"type":"Polygon","coordinates":[[[127.42442066099635,-1.6590967518076343],[127.42445992491113,-1.6590617502551457],[127.42451450333184,-1.6591238106360435],[127.42447532091221,-1.659158810463767],[127.42442066099635,-1.6590967518076343]]]},"properties":{"feature_id":"bangunan-soligi-160","Pemilik":"","BLOK":"Dusun 1","No Rumah":null}},{"type":"Feature","geometry":{"bbox":[127.42371675805501,-1.6589348462700544,127.42389010732978,-1.6587556964297354],"type":"Polygon","coordinates":[[[127.42371675805501,-1.658870203726788],[127.4238179328261,-1.6587556964297354],[127.42389010732978,-1.6588203405809865],[127.42378901412572,-1.6589348462700544],[127.42371675805501,-1.658870203726788]]]},"properties":{"feature_id":"bangunan-soligi-161","Pemilik":"","BLOK":"Dusun 1","No Rumah":null}},{"type":"Feature","geometry":{"bbox":[127.42403592241469,-1.659798231857925,127.42419452652682,-1.659633347929071],"type":"Polygon","coordinates":[[[127.42403592241469,-1.659692541705049],[127.42412569221985,-1.659633347929071],[127.42419452652682,-1.6597390378304187],[127.42410475680248,-1.659798231857925],[127.42403592241469,-1.659692541705049]]]},"properties":{"feature_id":"bangunan-soligi-162","Pemilik":"","BLOK":"Dusun 1","No Rumah":null}},{"type":"Feature","geometry":{"bbox":[127.42416226809682,-1.6592121782608853,127.42425244504543,-1.659120640131063],"type":"Polygon","coordinates":[[[127.42416226809682,-1.6591605108398524],[127.42420658270844,-1.659120640131063],[127.42425244504543,-1.6591723687543163],[127.42420821191999,-1.6592121782608853],[127.42416226809682,-1.6591605108398524]]]},"properties":{"feature_id":"bangunan-soligi-163","Pemilik":"","BLOK":"Dusun 1","No Rumah":null}},{"type":"Feature","geometry":{"bbox":[127.42457820526712,-1.659258425642753,127.42476059449524,-1.6591008893220687],"type":"Polygon","coordinates":[[[127.42457820526712,-1.659196075106018],[127.42468491808907,-1.6591008893220687],[127.42470275785807,-1.6591211279971105],[127.42472353017727,-1.6591026505859643],[127.42476059449524,-1.6591447622230782],[127.42463310944389,-1.659258425642753],[127.42457820526712,-1.659196075106018]]]},"properties":{"feature_id":"bangunan-soligi-164","Pemilik":"","BLOK":"Dusun 1","No Rumah":null}},{"type":"Feature","geometry":{"bbox":[127.42439247568956,-1.6630292442568941,127.42442538570356,-1.6629911507660795],"type":"Polygon","coordinates":[[[127.42439247568956,-1.6629942976813008],[127.42442171998431,-1.6629911507660795],[127.42442538570356,-1.6630261567921782],[127.4243961414088,-1.6630292442568941],[127.42439247568956,-1.6629942976813008]]]},"properties":{"feature_id":"bangunan-soligi-165","Pemilik":"","BLOK":"Dusun 1","No Rumah":null}},{"type":"Feature","geometry":{"bbox":[127.42403470049929,-1.6594444840665958,127.42407909665994,-1.6594078784194541],"type":"Polygon","coordinates":[[[127.42403470049929,-1.6594198047945257],[127.42407111349372,-1.6594078784194541],[127.42407909665994,-1.6594325576645745],[127.4240426836655,-1.6594444840665958],[127.42403470049929,-1.6594198047945257]]]},"properties":{"feature_id":"bangunan-soligi-166","Pemilik":"","BLOK":"Dusun 1","No Rumah":null}},{"type":"Feature","geometry":{"bbox":[127.42526507462357,-1.662443268301245,127.42530450098069,-1.662405534855196],"type":"Polygon","coordinates":[[[127.42526507462357,-1.6624146699131517],[127.42529619212127,-1.662405534855196],[127.42530450098069,-1.6624341332253225],[127.42527338349197,-1.662443268301245],[127.42526507462357,-1.6624146699131517]]]},"properties":{"feature_id":"bangunan-soligi-167","Pemilik":"","BLOK":"Dusun 1","No Rumah":null}},{"type":"Feature","geometry":{"bbox":[127.42508651529978,-1.6595093853156808,127.42514972795868,-1.6594436711451626],"type":"Polygon","coordinates":[[[127.42508651529978,-1.6594666140995527],[127.42511290822505,-1.6594436711451626],[127.42514972795868,-1.6594864423343414],[127.42512333505138,-1.6595093853156808],[127.42508651529978,-1.6594666140995527]]]},"properties":{"feature_id":"bangunan-soligi-168","Pemilik":"","BLOK":"Dusun 1","No Rumah":null}},{"type":"Feature","geometry":{"bbox":[127.42499593211502,-1.6625391601789736,127.42513270290775,-1.6624052195105987],"type":"Polygon","coordinates":[[[127.42499593211502,-1.6624359259482193],[127.42511209362375,-1.6624052195105987],[127.42513270290775,-1.6624842717856072],[127.42506378805783,-1.6625025118798218],[127.42507014190473,-1.6625266341604834],[127.42502289528184,-1.6625391601789736],[127.42499593211502,-1.6624359259482193]]]},"properties":{"feature_id":"bangunan-soligi-169","Pemilik":"","BLOK":"Dusun 1","No Rumah":null}},{"type":"Feature","geometry":{"bbox":[127.42404985222147,-1.6581049854941767,127.42420641978102,-1.657946782569653],"type":"Polygon","coordinates":[[[127.42404985222147,-1.6580339780188131],[127.42413155740118,-1.657946782569653],[127.42420641978102,-1.658017788068723],[127.42412463323188,-1.6581049854941767],[127.42404985222147,-1.6580339780188131]]]},"properties":{"feature_id":"bangunan-soligi-170","Pemilik":"","BLOK":"Dusun 1","No Rumah":null}},{"type":"Feature","geometry":{"bbox":[127.4250000865627,-1.66275809869393,127.42509588315613,-1.662667182288116],"type":"Polygon","coordinates":[[[127.4250000865627,-1.6626880416720697],[127.42507714744343,-1.662667182288116],[127.42509588315613,-1.6627372373875815],[127.42501874084314,-1.66275809869393],[127.4250000865627,-1.6626880416720697]]]},"properties":{"feature_id":"bangunan-soligi-171","Pemilik":"","BLOK":"Dusun 1","No Rumah":null}},{"type":"Feature","geometry":{"bbox":[127.42435500387784,-1.6640982838487208,127.42442978456485,-1.6640086172060793],"type":"Polygon","coordinates":[[[127.42435500387784,-1.6640822022534203],[127.42437724258899,-1.6640086172060793],[127.42442978456485,-1.6640246970137322],[127.42440746441244,-1.6640982838487208],[127.42435500387784,-1.6640822022534203]]]},"properties":{"feature_id":"bangunan-soligi-172","Pemilik":"","BLOK":"Dusun 1","No Rumah":null}},{"type":"Feature","geometry":{"bbox":[127.42538881140946,-1.6628325955851835,127.42546016972187,-1.6627451019851804],"type":"Polygon","coordinates":[[[127.42538881140946,-1.6627602918139155],[127.42543817572978,-1.6627451019851804],[127.42546016972187,-1.6628175228069304],[127.42541072396031,-1.6628325955851835],[127.42538881140946,-1.6627602918139155]]]},"properties":{"feature_id":"bangunan-soligi-173","Pemilik":"","BLOK":"Dusun 1","No Rumah":null}},{"type":"Feature","geometry":{"bbox":[127.42352499807794,-1.6587985343457734,127.42371545468036,-1.6585965025826048],"type":"Polygon","coordinates":[[[127.42352499807794,-1.6587304882565754],[127.42362772088883,-1.6585965025826048],[127.42371545468036,-1.6586646079336622],[127.42361273199523,-1.6587985343457734],[127.42352499807794,-1.6587304882565754]]]},"properties":{"feature_id":"bangunan-soligi-174","Pemilik":"","BLOK":"Dusun 1","No Rumah":null}},{"type":"Feature","geometry":{"bbox":[127.42487227609666,-1.6594087188832338,127.42498126935483,-1.6592990259901654],"type":"Polygon","coordinates":[[[127.42487227609666,-1.659334474472474],[127.4249075482217,-1.6592990259901654],[127.42498126935483,-1.6593732685054798],[127.42494591580648,-1.6594087188832338],[127.42487227609666,-1.659334474472474]]]},"properties":{"feature_id":"bangunan-soligi-175","Pemilik":"","BLOK":"Dusun 1","No Rumah":null}},{"type":"Feature","geometry":{"bbox":[127.42348369711647,-1.659395801046566,127.4236304091063,-1.6592437025876228],"type":"Polygon","coordinates":[[[127.42348369711647,-1.659343407184912],[127.4235715125469,-1.6592437025876228],[127.4236304091063,-1.6592959161214664],[127.42354251228848,-1.659395801046566],[127.42348369711647,-1.659343407184912]]]},"properties":{"feature_id":"bangunan-soligi-176","Pemilik":"","BLOK":"Dusun 1","No Rumah":null}},{"type":"Feature","geometry":{"bbox":[127.42414736077927,-1.658833060887106,127.42424169223843,-1.6587388962450895],"type":"Polygon","coordinates":[[[127.42414736077927,-1.6587864588683308],[127.4242007175361,-1.6587388962450895],[127.42424169223843,-1.6587854999886302],[127.42418841697676,-1.658833060887106],[127.42414736077927,-1.6587864588683308]]]},"properties":{"feature_id":"bangunan-soligi-177","Pemilik":"","BLOK":"Dusun 1","No Rumah":null}},{"type":"Feature","geometry":{"bbox":[127.4254324735837,-1.6632234685553158,127.4254746694648,-1.6631983528547312],"type":"Polygon","coordinates":[[[127.4254324735837,-1.6631993959604727],[127.42547409925021,-1.6631983528547312],[127.4254746694648,-1.6632224254405912],[127.4254330437983,-1.6632234685553158],[127.4254324735837,-1.6631993959604727]]]},"properties":{"feature_id":"bangunan-soligi-178","Pemilik":"","BLOK":"Dusun 1","No Rumah":null}},{"type":"Feature","geometry":{"bbox":[127.42514190783668,-1.6639800403955196,127.42522010899386,-1.663890873045496],"type":"Polygon","coordinates":[[[127.42514190783668,-1.6639582691586703],[127.42517204787751,-1.663890873045496],[127.42522010899386,-1.6639125829992767],[127.42518988752076,-1.6639800403955196],[127.42514190783668,-1.6639582691586703]]]},"properties":{"feature_id":"bangunan-soligi-179","Pemilik":"","BLOK":"Dusun 1","No Rumah":null}},{"type":"Feature","geometry":{"bbox":[127.42349656802516,-1.6594082763192257,127.42354039428562,-1.6593740434910587],"type":"Polygon","coordinates":[[[127.42349656802516,-1.6593925967020486],[127.42350463271349,-1.6593740434910587],[127.42354039428562,-1.6593897230992525],[127.42353232960626,-1.6594082763192257],[127.42349656802516,-1.6593925967020486]]]},"properties":{"feature_id":"bangunan-soligi-180","Pemilik":"","BLOK":"Dusun 1","No Rumah":null}},{"type":"Feature","geometry":{"bbox":[127.42402158530273,-1.6603552495963112,127.42406736629727,-1.6602950014946338],"type":"Polygon","coordinates":[[[127.42402158530273,-1.660314212685637],[127.42402443643869,-1.6602950014946338],[127.4240456977199,-1.6602981577253846],[127.42406736629727,-1.6603344868620988],[127.42406427079266,-1.6603552495963112],[127.42403918084678,-1.6603515241121483],[127.42402158530273,-1.660314212685637]]]},"properties":{"feature_id":"bangunan-soligi-181","Pemilik":"","BLOK":"Dusun 1","No Rumah":null}},{"type":"Feature","geometry":{"bbox":[127.42440722002577,-1.6584432012525467,127.42455018294167,-1.6583045076429193],"type":"Polygon","coordinates":[[[127.42440722002577,-1.6583822460509765],[127.42449951463587,-1.6583045076429193],[127.42455018294167,-1.6583654644794235],[127.42445796986264,-1.6584432012525467],[127.42440722002577,-1.6583822460509765]]]},"properties":{"feature_id":"bangunan-soligi-182","Pemilik":"","BLOK":"Dusun 1","No Rumah":null}},{"type":"Feature","geometry":{"bbox":[127.42488139960227,-1.6656031126240436,127.42492603961063,-1.665541069715378],"type":"Polygon","coordinates":[[[127.42488139960227,-1.6655433558289612],[127.42492269975527,-1.665541069715378],[127.42492603961063,-1.6656008264745275],[127.42488473945765,-1.6656031126240436],[127.42488139960227,-1.6655433558289612]]]},"properties":{"feature_id":"bangunan-soligi-183","Pemilik":"","BLOK":"Dusun 1","No Rumah":null}},{"type":"Feature","geometry":{"bbox":[127.42455702559784,-1.6652683671204982,127.42462830329542,-1.665170961249139],"type":"Polygon","coordinates":[[[127.42455702559784,-1.6651763564858195],[127.42462048311054,-1.665170961249139],[127.42462830329542,-1.6652629123255143],[127.42456484578274,-1.6652683671204982],[127.42455702559784,-1.6651763564858195]]]},"properties":{"feature_id":"bangunan-soligi-184","Pemilik":"","BLOK":"Dusun 1","No Rumah":null}},{"type":"Feature","geometry":{"bbox":[127.42544827667429,-1.6620166623254033,127.42551458446054,-1.6619357364881058],"type":"Polygon","coordinates":[[[127.42544827667429,-1.661943007730493],[127.42550529811732,-1.6619357364881058],[127.42551458446054,-1.6620093892055372],[127.42545748156729,-1.6620166623254033],[127.42544827667429,-1.661943007730493]]]},"properties":{"feature_id":"bangunan-soligi-185","Pemilik":"","BLOK":"Dusun 1","No Rumah":null}},{"type":"Feature","geometry":{"bbox":[127.42438514425105,-1.658906527734122,127.42451059324387,-1.6587764663235205],"type":"Polygon","coordinates":[[[127.42438514425105,-1.658822699062849],[127.42443752329949,-1.6587764663235205],[127.42451059324387,-1.65886029666566],[127.42445829569958,-1.658906527734122],[127.42438514425105,-1.658822699062849]]]},"properties":{"feature_id":"bangunan-soligi-186","Pemilik":"","BLOK":"Dusun 1","No Rumah":null}},{"type":"Feature","geometry":{"bbox":[127.42530238304073,-1.6626500973015923,127.42538335364107,-1.662544138579396],"type":"Polygon","coordinates":[[[127.42530238304073,-1.662555674636477],[127.42536665448097,-1.662544138579396],[127.42538335364107,-1.6626386206141686],[127.42531908221879,-1.6626500973015923],[127.42530238304073,-1.662555674636477]]]},"properties":{"feature_id":"bangunan-soligi-187","Pemilik":"","BLOK":"Dusun 1","No Rumah":null}},{"type":"Feature","geometry":{"bbox":[127.42497336775561,-1.6649542991100283,127.42502851600464,-1.664890404495084],"type":"Polygon","coordinates":[[[127.42497336775561,-1.6648952501784064],[127.42502281382262,-1.664890404495084],[127.42502851600464,-1.66494945338179],[127.42497906993765,-1.6649542991100283],[127.42497336775561,-1.6648952501784064]]]},"properties":{"feature_id":"bangunan-soligi-188","Pemilik":"","BLOK":"Dusun 1","No Rumah":null}},{"type":"Feature","geometry":{"bbox":[127.42415900966473,-1.6605856786057975,127.42432160506353,-1.6604513352316639],"type":"Polygon","coordinates":[[[127.42415900966473,-1.6605098427486638],[127.42428747309822,-1.6604513352316639],[127.42432160506353,-1.6605271708642189],[127.42419314169295,-1.6605856786057975],[127.42415900966473,-1.6605098427486638]]]},"properties":{"feature_id":"bangunan-soligi-189","Pemilik":"","BLOK":"Dusun 1","No Rumah":null}},{"type":"Feature","geometry":{"bbox":[127.42393458503955,-1.6600423838461016,127.42397808518461,-1.6600060529666558],"type":"Polygon","coordinates":[[[127.42393458503955,-1.6600158390875968],[127.42397099807889,-1.6600060529666558],[127.42397808518461,-1.6600326553610691],[127.42394159067705,-1.6600423838461016],[127.42393458503955,-1.6600158390875968]]]},"properties":{"feature_id":"bangunan-soligi-190","Pemilik":"","BLOK":"Dusun 1","No Rumah":null}},{"type":"Feature","geometry":{"bbox":[127.4241843439434,-1.6582043487675908,127.42431109666119,-1.6580745012997578],"type":"Polygon","coordinates":[[[127.4241843439434,-1.6581616988689416],[127.42426613042063,-1.6580745012997578],[127.42431109666119,-1.6581171510906088],[127.42422931022885,-1.6582043487675908],[127.4241843439434,-1.6581616988689416]]]},"properties":{"feature_id":"bangunan-soligi-191","Pemilik":"","BLOK":"Dusun 1","No Rumah":null}},{"type":"Feature","geometry":{"bbox":[127.42501157238601,-1.6594460634845283,127.42510647290993,-1.6593452539414735],"type":"Polygon","coordinates":[[[127.42501157238601,-1.659373072987158],[127.42504334167432,-1.6593452539414735],[127.42510647290993,-1.6594182443759613],[127.42507470364853,-1.6594460634845283],[127.42501157238601,-1.659373072987158]]]},"properties":{"feature_id":"bangunan-soligi-192","Pemilik":"","BLOK":"Dusun 1","No Rumah":null}},{"type":"Feature","geometry":{"bbox":[127.4238735707378,-1.660029783689651,127.42394598957426,-1.6599466205711888],"type":"Polygon","coordinates":[[[127.4238735707378,-1.6599681320691568],[127.42390778436898,-1.6599466205711888],[127.42394598957426,-1.660008272137784],[127.42391177596105,-1.660029783689651],[127.4238735707378,-1.6599681320691568]]]},"properties":{"feature_id":"bangunan-soligi-193","Pemilik":"","BLOK":"Dusun 1","No Rumah":null}},{"type":"Feature","geometry":{"bbox":[127.42427680175942,-1.6600872393064026,127.42437276225947,-1.6599971967637304],"type":"Polygon","coordinates":[[[127.42427680175942,-1.6600341830001086],[127.42434384378366,-1.6599971967637304],[127.42437276225947,-1.6600502529801926],[127.42430572026217,-1.6600872393064026],[127.42427680175942,-1.6600341830001086]]]},"properties":{"feature_id":"bangunan-soligi-194","Pemilik":"","BLOK":"Dusun 1","No Rumah":null}},{"type":"Feature","geometry":{"bbox":[127.42477566459651,-1.6654984421308805,127.42484221738928,-1.6654575556341171],"type":"Polygon","coordinates":[[[127.42477566459651,-1.6654666059450092],[127.42483765563644,-1.6654575556341171],[127.42484221738928,-1.6654893323245674],[127.42478022635831,-1.6654984421308805],[127.42477566459651,-1.6654666059450092]]]},"properties":{"feature_id":"bangunan-soligi-195","Pemilik":"","BLOK":"Dusun 1","No Rumah":null}},{"type":"Feature","geometry":{"bbox":[127.42491398355476,-1.6629580411374447,127.4249434720116,-1.6629301498492446],"type":"Polygon","coordinates":[[[127.42491398355476,-1.6629580411374447],[127.42491398355476,-1.6629301498492446],[127.4249434720116,-1.6629302089134745],[127.4249434720116,-1.6629580407152365],[127.42491398355476,-1.6629580411374447]]]},"properties":{"feature_id":"bangunan-soligi-196","Pemilik":"","BLOK":"Dusun 1","No Rumah":null}},{"type":"Feature","geometry":{"bbox":[127.42543271796139,-1.6634090597474134,127.4255263960399,-1.6633302454720562],"type":"Polygon","coordinates":[[[127.42543271796139,-1.6634036696760455],[127.42543711675978,-1.6633302454720562],[127.4255263960399,-1.6633356374209027],[127.42552207870071,-1.6634090597474134],[127.42543271796139,-1.6634036696760455]]]},"properties":{"feature_id":"bangunan-soligi-197","Pemilik":"","BLOK":"Dusun 1","No Rumah":null}},{"type":"Feature","geometry":{"bbox":[127.42349909333313,-1.659523873739842,127.42366999929816,-1.6593698684539946],"type":"Polygon","coordinates":[[[127.42349909333313,-1.6594634822131464],[127.42362601020007,-1.6593698684539946],[127.42366999929816,-1.65943032103918],[127.4235431639803,-1.659523873739842],[127.42349909333313,-1.6594634822131464]]]},"properties":{"feature_id":"bangunan-soligi-198","Pemilik":"","BLOK":"Dusun 1","No Rumah":null}},{"type":"Feature","geometry":{"bbox":[127.42468915401393,-1.6622453241061805,127.42473110595755,-1.6622138914615014],"type":"Polygon","coordinates":[[[127.42468915401393,-1.6622159791372384],[127.42472963968243,-1.6622138914615014],[127.42473110595755,-1.6622432364214603],[127.42469062029804,-1.6622453241061805],[127.42468915401393,-1.6622159791372384]]]},"properties":{"feature_id":"bangunan-soligi-199","Pemilik":"","BLOK":"Dusun 1","No Rumah":null}},{"type":"Feature","geometry":{"bbox":[127.42427305457197,-1.6643410451280567,127.4243501977024,-1.6642510484982787],"type":"Polygon","coordinates":[[[127.42427305457197,-1.664320127685986],[127.42430392813218,-1.6642510484982787],[127.4243501977024,-1.664272025399838],[127.42431932416918,-1.6643410451280567],[127.42427305457197,-1.664320127685986]]]},"properties":{"feature_id":"bangunan-soligi-200","Pemilik":"","BLOK":"Dusun 1","No Rumah":null}},{"type":"Feature","geometry":{"bbox":[127.42437039990587,-1.658629367968297,127.42454008186242,-1.6584587350641702],"type":"Polygon","coordinates":[[[127.42437039990587,-1.658562162064401],[127.42447344733195,-1.6584587350641702],[127.42454008186242,-1.658525879496351],[127.4244369530759,-1.658629367968297],[127.42437039990587,-1.658562162064401]]]},"properties":{"feature_id":"bangunan-soligi-201","Pemilik":"","BLOK":"Dusun 1","No Rumah":null}},{"type":"Feature","geometry":{"bbox":[127.42503943160433,-1.663381205712348,127.4251722922552,-1.6632995259190324],"type":"Polygon","coordinates":[[[127.42503943160433,-1.6633811209473177],[127.42503951306355,-1.6632995259190324],[127.4251722922552,-1.663299610827793],[127.42517221079598,-1.663381205712348],[127.42503943160433,-1.6633811209473177]]]},"properties":{"feature_id":"bangunan-soligi-202","Pemilik":"","BLOK":"Dusun 1","No Rumah":null}},{"type":"Feature","geometry":{"bbox":[127.42574299556644,-1.6625224618902303,127.42576816636068,-1.6624973500973173],"type":"Polygon","coordinates":[[[127.42574299556644,-1.662497607752107],[127.42576800344222,-1.6624973500973173],[127.42576816636068,-1.6625222637039125],[127.4257431584849,-1.6625224618902303],[127.42574299556644,-1.662497607752107]]]},"properties":{"feature_id":"bangunan-soligi-203","Pemilik":"","BLOK":"Dusun 1","No Rumah":null}},{"type":"Feature","geometry":{"bbox":[127.42432054607559,-1.659908034075963,127.42443173961334,-1.6597805866640238],"type":"Polygon","coordinates":[[[127.42432054607559,-1.6598137879118346],[127.42437512461308,-1.6597805866640238],[127.42443173961334,-1.659874892161877],[127.42437716112076,-1.659908034075963],[127.42432054607559,-1.6598137879118346]]]},"properties":{"feature_id":"bangunan-soligi-204","Pemilik":"","BLOK":"Dusun 1","No Rumah":null}},{"type":"Feature","geometry":{"bbox":[127.42445886592317,-1.663280889119805,127.42455718852528,-1.6632101551365297],"type":"Polygon","coordinates":[[[127.42445886592317,-1.6632746539673169],[127.4244630203978,-1.6632101551365297],[127.42455718852528,-1.663216330883428],[127.42455303405063,-1.663280889119805],[127.42445886592317,-1.6632746539673169]]]},"properties":{"feature_id":"bangunan-soligi-205","Pemilik":"","BLOK":"Dusun 1","No Rumah":null}},{"type":"Feature","geometry":{"bbox":[127.4247258110537,-1.6590242115009686,127.42484066965491,-1.6589086608646124],"type":"Polygon","coordinates":[[[127.4247258110537,-1.6589585803257996],[127.42477550167807,-1.6589086608646124],[127.42484066965491,-1.6589743514004556],[127.42479097907547,-1.6590242115009686],[127.4247258110537,-1.6589585803257996]]]},"properties":{"feature_id":"bangunan-soligi-206","Pemilik":"","BLOK":"Dusun 1","No Rumah":null}},{"type":"Feature","geometry":{"bbox":[127.42526833300174,-1.663005904938851,127.42535019968955,-1.6629307481541733],"type":"Polygon","coordinates":[[[127.42526833300174,-1.6629364377777556],[127.42534514920833,-1.6629307481541733],[127.42535019968955,-1.6630002152344203],[127.42527338349197,-1.663005904938851],[127.42526833300174,-1.6629364377777556]]]},"properties":{"feature_id":"bangunan-soligi-207","Pemilik":"","BLOK":"Dusun 1","No Rumah":null}},{"type":"Feature","geometry":{"bbox":[127.4254297854291,-1.662691970939055,127.42557046542042,-1.662611168970452],"type":"Polygon","coordinates":[[[127.4254297854291,-1.6626234365256685],[127.42551629510434,-1.662611168970452],[127.42552126410841,-1.6626466209651733],[127.42556582225332,-1.662640279838431],[127.42557046542042,-1.66267341979419],[127.42543931615901,-1.662691970939055],[127.4254297854291,-1.6626234365256685]]]},"properties":{"feature_id":"bangunan-soligi-208","Pemilik":"","BLOK":"Dusun 1","No Rumah":null}},{"type":"Feature","geometry":{"bbox":[127.42483480453646,-1.659544855456371,127.42492424748961,-1.6594570069319994],"type":"Polygon","coordinates":[[[127.42483480453646,-1.659502338077193],[127.42488938267867,-1.6594570069319994],[127.42492424748961,-1.6594995837077844],[127.42486966938333,-1.659544855456371],[127.42483480453646,-1.659502338077193]]]},"properties":{"feature_id":"bangunan-soligi-209","Pemilik":"","BLOK":"Dusun 1","No Rumah":null}},{"type":"Feature","geometry":{"bbox":[127.42441772842814,-1.6639836630585152,127.42449364949049,-1.6638911009570667],"type":"Polygon","coordinates":[[[127.42441772842814,-1.6639685260058033],[127.42443882666515,-1.6638911009570667],[127.42449364949049,-1.6639062380367282],[127.42447255126245,-1.6639836630585152],[127.42441772842814,-1.6639685260058033]]]},"properties":{"feature_id":"bangunan-soligi-210","Pemilik":"","BLOK":"Dusun 1","No Rumah":null}},{"type":"Feature","geometry":{"bbox":[127.42470308369498,-1.6595697651283454,127.42482959110082,-1.6594424637645049],"type":"Polygon","coordinates":[[[127.42470308369498,-1.6595044829217145],[127.4247647489519,-1.6594424637645049],[127.42482959110082,-1.6595078053138435],[127.4247679258978,-1.6595697651283454],[127.42470308369498,-1.6595044829217145]]]},"properties":{"feature_id":"bangunan-soligi-211","Pemilik":"","BLOK":"Dusun 1","No Rumah":null}},{"type":"Feature","geometry":{"bbox":[127.42525244840698,-1.6623084894777604,127.42534816320881,-1.6622183786721094],"type":"Polygon","coordinates":[[[127.42525244840698,-1.6622402914654812],[127.42532877588513,-1.6622183786721094],[127.42534816320881,-1.6622865153114883],[127.42527175429838,-1.6623084894777604],[127.42525244840698,-1.6622402914654812]]]},"properties":{"feature_id":"bangunan-soligi-212","Pemilik":"","BLOK":"Dusun 1","No Rumah":null}},{"type":"Feature","geometry":{"bbox":[127.42487805974689,-1.6631768097091157,127.42501841499725,-1.6630874922506083],"type":"Polygon","coordinates":[[[127.42487805974689,-1.6631004957955373],[127.42501108362164,-1.6630874922506083],[127.42501841499725,-1.663163807817087],[127.4248854725997,-1.6631768097091157],[127.42487805974689,-1.6631004957955373]]]},"properties":{"feature_id":"bangunan-soligi-213","Pemilik":"","BLOK":"Dusun 1","No Rumah":null}},{"type":"Feature","geometry":{"bbox":[127.42499870174683,-1.6589448261216695,127.42505792295734,-1.6588968174040415],"type":"Polygon","coordinates":[[[127.42499870174683,-1.6589264330713114],[127.42505792295734,-1.6588968174040415],[127.425030063739,-1.6589448261216695],[127.42499870174683,-1.6589264330713114]]]},"properties":{"feature_id":"bangunan-soligi-214","Pemilik":"","BLOK":"Dusun 1","No Rumah":null}},{"type":"Feature","geometry":{"bbox":[127.42492359581577,-1.666676530892026,127.42499275517811,-1.6665848613386776],"type":"Polygon","coordinates":[[[127.42492359581577,-1.6665912001477663],[127.42498395752739,-1.6665848613386776],[127.42499275517811,-1.6666701919931057],[127.4249323934755,-1.666676530892026],[127.42492359581577,-1.6665912001477663]]]},"properties":{"feature_id":"bangunan-soligi-215","Pemilik":"","BLOK":"Dusun 1","No Rumah":null}},{"type":"Feature","geometry":{"bbox":[127.42377435112296,-1.6597851887152582,127.42392228442631,-1.6596620229973564],"type":"Polygon","coordinates":[[[127.42377435112296,-1.6597357994846678],[127.42389157363186,-1.6596620229973564],[127.42392228442631,-1.6597114120752334],[127.42380506197132,-1.6597851887152582],[127.42377435112296,-1.6597357994846678]]]},"properties":{"feature_id":"bangunan-soligi-216","Pemilik":"","BLOK":"Dusun 1","No Rumah":null}},{"type":"Feature","geometry":{"bbox":[127.42449796689255,-1.6585043972834614,127.42459938492742,-1.6584025471948634],"type":"Polygon","coordinates":[[[127.42449796689255,-1.6584496296775684],[127.42455384865194,-1.6584025471948634],[127.42459938492742,-1.6584573741704136],[127.42454350319498,-1.6585043972834614],[127.42449796689255,-1.6584496296775684]]]},"properties":{"feature_id":"bangunan-soligi-217","Pemilik":"","BLOK":"Dusun 1","No Rumah":null}},{"type":"Feature","geometry":{"bbox":[127.423356779998,-1.6590147778789452,127.42353746168149,-1.6588179659923306],"type":"Polygon","coordinates":[[[127.423356779998,-1.6589573211303161],[127.42346292442892,-1.6588179659923306],[127.42353746168149,-1.658875422552313],[127.42343131735836,-1.6590147778789452],[127.423356779998,-1.6589573211303161]]]},"properties":{"feature_id":"bangunan-soligi-218","Pemilik":"","BLOK":"Dusun 1","No Rumah":null}},{"type":"Feature","geometry":{"bbox":[127.4242517118944,-1.6582883728583708,127.4243537005032,-1.6581873597840218],"type":"Polygon","coordinates":[[[127.4242517118944,-1.6582256755180376],[127.42428763601669,-1.6581873597840218],[127.4243537005032,-1.658250057061473],[127.42431777641687,-1.6582883728583708],[127.4242517118944,-1.6582256755180376]]]},"properties":{"feature_id":"bangunan-soligi-219","Pemilik":"","BLOK":"Dusun 1","No Rumah":null}},{"type":"Feature","geometry":{"bbox":[127.42421570630388,-1.6650423752495265,127.42427061075914,-1.6650147289947865],"type":"Polygon","coordinates":[[[127.42421570630388,-1.665016643017196],[127.42426971468964,-1.6650147289947865],[127.42427061075914,-1.6650404612091505],[127.4242166023644,-1.6650423752495265],[127.42421570630388,-1.665016643017196]]]},"properties":{"feature_id":"bangunan-soligi-220","Pemilik":"","BLOK":"Dusun 1","No Rumah":null}},{"type":"Feature","geometry":{"bbox":[127.42407070619757,-1.6603008234849734,127.42423436078195,-1.6601507151087949],"type":"Polygon","coordinates":[[[127.42407070619757,-1.6602302287854827],[127.4241864619193,-1.6601507151087949],[127.42423436078195,-1.6602213095837066],[127.42411860514108,-1.6603008234849734],[127.42407070619757,-1.6602302287854827]]]},"properties":{"feature_id":"bangunan-soligi-221","Pemilik":"","BLOK":"Dusun 1","No Rumah":null}},{"type":"Feature","geometry":{"bbox":[127.42492131493937,-1.6656011184180117,127.42500130845116,-1.6655126691991926],"type":"Polygon","coordinates":[[[127.42492131493937,-1.665517191920204],[127.42499633941118,-1.6655126691991926],[127.42500130845116,-1.6655965956071688],[127.42492628398831,-1.6656011184180117],[127.42492131493937,-1.665517191920204]]]},"properties":{"feature_id":"bangunan-soligi-222","Pemilik":"","BLOK":"Dusun 1","No Rumah":null}},{"type":"Feature","geometry":{"bbox":[127.42432209382793,-1.6588336783890323,127.42445854008626,-1.6586998787741234],"type":"Polygon","coordinates":[[[127.42432209382793,-1.658775692236257],[127.4244079531768,-1.6586998787741234],[127.42445854008626,-1.65875792425164],[127.42437268080025,-1.6588336783890323],[127.42432209382793,-1.658775692236257]]]},"properties":{"feature_id":"bangunan-soligi-223","Pemilik":"","BLOK":"Dusun 1","No Rumah":null}},{"type":"Feature","geometry":{"bbox":[127.42475114513473,-1.659290254938546,127.4248721131782,-1.6591641010736664],"type":"Polygon","coordinates":[[[127.42475114513473,-1.659208537856163],[127.42480295369008,-1.6591641010736664],[127.4248721131782,-1.6592457585707967],[127.42482030466776,-1.659290254938546],[127.42475114513473,-1.659208537856163]]]},"properties":{"feature_id":"bangunan-soligi-224","Pemilik":"","BLOK":"Dusun 1","No Rumah":null}},{"type":"Feature","geometry":{"bbox":[127.42486355988717,-1.6630101545899825,127.42499430291248,-1.662950841239257],"type":"Polygon","coordinates":[[[127.42486355988717,-1.6629618960598571],[127.42499185912658,-1.662950841239257],[127.42499430291248,-1.662979748719673],[127.42497141272511,-1.662981743590458],[127.4249730419187,-1.6630010945503364],[127.4248676328846,-1.6630101545899825],[127.42486355988717,-1.6629618960598571]]]},"properties":{"feature_id":"bangunan-soligi-225","Pemilik":"","BLOK":"Dusun 1","No Rumah":null}},{"type":"Feature","geometry":{"bbox":[127.42482722876518,-1.6590912654817838,127.42496994644999,-1.6589497157326094],"type":"Polygon","coordinates":[[[127.42482722876518,-1.6590299496605259],[127.42491398355476,-1.6589497157326094],[127.42496994644999,-1.659010971932682],[127.42488319172331,-1.6590912654817838],[127.42482722876518,-1.6590299496605259]]]},"properties":{"feature_id":"bangunan-soligi-226","Pemilik":"","BLOK":"Dusun 1","No Rumah":null}},{"type":"Feature","geometry":{"bbox":[127.42346227273711,-1.659040651083893,127.42360271224945,-1.6588990335927631],"type":"Polygon","coordinates":[[[127.42346227273711,-1.6589797816354999],[127.42352385762176,-1.6588990335927631],[127.42360271224945,-1.6589598434648867],[127.42354112744566,-1.659040651083893],[127.42346227273711,-1.6589797816354999]]]},"properties":{"feature_id":"bangunan-soligi-227","Pemilik":"","BLOK":"Dusun 1","No Rumah":null}},{"type":"Feature","geometry":{"bbox":[127.42460264333255,-1.6585183493954314,127.42465249695621,-1.658466503973225],"type":"Polygon","coordinates":[[[127.42460264333255,-1.6585029690879238],[127.42461942413155,-1.658466503973225],[127.42465249695621,-1.6584818860773631],[127.42463579762543,-1.6585183493954314],[127.42460264333255,-1.6585029690879238]]]},"properties":{"feature_id":"bangunan-soligi-228","Pemilik":"","BLOK":"Dusun 1","No Rumah":null}},{"type":"Feature","geometry":{"bbox":[127.424081621941,-1.660067491488798,127.42414369505103,-1.6599934015164022],"type":"Polygon","coordinates":[[[127.424081621941,-1.6600103213386777],[127.4241098888328,-1.6599934015164022],[127.42414369505103,-1.6600505121531353],[127.42411542816824,-1.660067491488798],[127.42410337197761,-1.660047183625513],[127.424081621941,-1.6600103213386777]]]},"properties":{"feature_id":"bangunan-soligi-229","Pemilik":"","BLOK":"Dusun 1","No Rumah":null}},{"type":"Feature","geometry":{"bbox":[127.42501971835391,-1.6589509275329781,127.42504839217354,-1.6589270121612762],"type":"Polygon","coordinates":[[[127.42501971835391,-1.6589313193225521],[127.42504505232716,-1.6589270121612762],[127.42504839217354,-1.6589466203627192],[127.42502305820031,-1.6589509275329781],[127.42501971835391,-1.6589313193225521]]]},"properties":{"feature_id":"bangunan-soligi-230","Pemilik":"","BLOK":"Dusun 1","No Rumah":null}},{"type":"Feature","geometry":{"bbox":[127.4248707283623,-1.6622326350973653,127.42494778937775,-1.6621338934042291],"type":"Polygon","coordinates":[[[127.4248707283623,-1.6621470702970582],[127.42492856486474,-1.6621338934042291],[127.42494778937775,-1.6622194581057212],[127.42488995289327,-1.6622326350973653],[127.4248707283623,-1.6621470702970582]]]},"properties":{"feature_id":"bangunan-soligi-231","Pemilik":"","BLOK":"Dusun 1","No Rumah":null}},{"type":"Feature","geometry":{"bbox":[127.42390827314232,-1.6594280339733825,127.42404032130293,-1.6592711186400881],"type":"Polygon","coordinates":[[[127.42390827314232,-1.6593360845409242],[127.42398484644441,-1.6592711186400881],[127.42404032130293,-1.6593373222936214],[127.42399788018173,-1.659373405705173],[127.42401946731786,-1.6593990918449462],[127.42398533520878,-1.6594280339733825],[127.42390827314232,-1.6593360845409242]]]},"properties":{"feature_id":"bangunan-soligi-232","Pemilik":"","BLOK":"Dusun 1","No Rumah":null}},{"type":"Feature","geometry":{"bbox":[127.42427623153583,-1.6579586152055248,127.42436950383636,-1.6578662477600152],"type":"Polygon","coordinates":[[[127.42427623153583,-1.6579048713287126],[127.4243341499826,-1.6578662477600152],[127.42436950383636,-1.6579199915559792],[127.42431158541658,-1.6579586152055248],[127.42427623153583,-1.6579048713287126]]]},"properties":{"feature_id":"bangunan-soligi-233","Pemilik":"","BLOK":"Dusun 1","No Rumah":null}},{"type":"Feature","geometry":{"bbox":[127.42426971468964,-1.658409183166648,127.42440493914039,-1.6582839565877205],"type":"Polygon","coordinates":[[[127.42426971468964,-1.658333438793943],[127.42430775677883,-1.6582839565877205],[127.42440493914039,-1.6583597008795774],[127.42436689710506,-1.658409183166648],[127.42426971468964,-1.658333438793943]]]},"properties":{"feature_id":"bangunan-soligi-234","Pemilik":"","BLOK":"Dusun 1","No Rumah":null}},{"type":"Feature","geometry":{"bbox":[127.4253571237331,-1.6623785771052224,127.42550480936193,-1.6622560173818282],"type":"Polygon","coordinates":[[[127.4253571237331,-1.6622931553256917],[127.42547906826323,-1.6622560173818282],[127.42550480936193,-1.6623414371401495],[127.42538278342647,-1.6623785771052224],[127.4253571237331,-1.6622931553256917]]]},"properties":{"feature_id":"bangunan-soligi-235","Pemilik":"","BLOK":"Dusun 1","No Rumah":null}},{"type":"Feature","geometry":{"bbox":[127.42407991126125,-1.659438393219475,127.42412601806575,-1.6593948640498257],"type":"Polygon","coordinates":[[[127.42407991126125,-1.6594166626493585],[127.424094900056,-1.6593948640498257],[127.42412601806575,-1.6594165928053453],[127.42411094782973,-1.659438393219475],[127.42407991126125,-1.6594166626493585]]]},"properties":{"feature_id":"bangunan-soligi-236","Pemilik":"","BLOK":"Dusun 1","No Rumah":null}},{"type":"Feature","geometry":{"bbox":[127.42497344921486,-1.6592334115056941,127.42507307445497,-1.6591359939023371],"type":"Polygon","coordinates":[[[127.42497344921486,-1.6591804235881429],[127.4250356844618,-1.6591359939023371],[127.42507307445497,-1.6591889204649546],[127.4250107577847,-1.6592334115056941],[127.42497344921486,-1.6591804235881429]]]},"properties":{"feature_id":"bangunan-soligi-237","Pemilik":"","BLOK":"Dusun 1","No Rumah":null}},{"type":"Feature","geometry":{"bbox":[127.4237744325822,-1.6586525252517312,127.42392204004862,-1.658500152096957],"type":"Polygon","coordinates":[[[127.4237744325822,-1.6585933734630094],[127.42384888804314,-1.658500152096957],[127.42392204004862,-1.6585593632194031],[127.4238475846685,-1.6586525252517312],[127.4237744325822,-1.6585933734630094]]]},"properties":{"feature_id":"bangunan-soligi-238","Pemilik":"","BLOK":"Dusun 1","No Rumah":null}},{"type":"Feature","geometry":{"bbox":[127.42466601934109,-1.6632179879697,127.42473020989704,-1.6631936081869625],"type":"Polygon","coordinates":[[[127.42466601934109,-1.663214033630735],[127.4246672412475,-1.6631936081869625],[127.42473020989704,-1.6631975625349105],[127.4247289879996,-1.6632179879697],[127.42466601934109,-1.663214033630735]]]},"properties":{"feature_id":"bangunan-soligi-239","Pemilik":"","BLOK":"Dusun 1","No Rumah":null}},{"type":"Feature","geometry":{"bbox":[127.42388204268637,-1.6585177764050276,127.42400219761075,-1.6583998495989811],"type":"Polygon","coordinates":[[[127.42388204268637,-1.6584585671510772],[127.4239289642269,-1.6583998495989811],[127.42400219761075,-1.6584590587630996],[127.42395527612413,-1.6585177764050276],[127.42388204268637,-1.6584585671510772]]]},"properties":{"feature_id":"bangunan-soligi-240","Pemilik":"","BLOK":"Dusun 1","No Rumah":null}},{"type":"Feature","geometry":{"bbox":[127.42448338549275,-1.659391347594646,127.42464141837517,-1.6592343625071697],"type":"Polygon","coordinates":[[[127.42448338549275,-1.6593168647260943],[127.42457584292252,-1.6592343625071697],[127.42464141837517,-1.6593089046375806],[127.42454896103527,-1.659391347594646],[127.42448338549275,-1.6593168647260943]]]},"properties":{"feature_id":"bangunan-soligi-241","Pemilik":"","BLOK":"Dusun 1","No Rumah":null}},{"type":"Feature","geometry":{"bbox":[127.42404781569583,-1.6582848930454719,127.42422931022885,-1.6581235229756663],"type":"Polygon","coordinates":[[[127.42404781569583,-1.6582262046706555],[127.42414410235617,-1.6581235229756663],[127.42422931022885,-1.6582043487675908],[127.42419232709165,-1.6582438177677514],[127.42416894787047,-1.658221620702508],[127.42410964445511,-1.6582848930454719],[127.42404781569583,-1.6582262046706555]]]},"properties":{"feature_id":"bangunan-soligi-242","Pemilik":"","BLOK":"Dusun 1","No Rumah":null}},{"type":"Feature","geometry":{"bbox":[127.42366731108069,-1.6597574954157468,127.4238410677774,-1.6595991610497305],"type":"Polygon","coordinates":[[[127.42366731108069,-1.6596891716123785],[127.42379259842166,-1.6595991610497305],[127.4238410677774,-1.6596674828049398],[127.42371569906703,-1.6597574954157468],[127.42366731108069,-1.6596891716123785]]]},"properties":{"feature_id":"bangunan-soligi-243","Pemilik":"","BLOK":"Dusun 1","No Rumah":null}},{"type":"Feature","geometry":{"bbox":[127.42522173818745,-1.66292522580588,127.42527884126935,-1.662838196455216],"type":"Polygon","coordinates":[[[127.42522173818745,-1.6628455324481688],[127.42526556337894,-1.662838196455216],[127.42527884126935,-1.6629178284669761],[127.42523493462761,-1.66292522580588],[127.42522173818745,-1.6628455324481688]]]},"properties":{"feature_id":"bangunan-soligi-244","Pemilik":"","BLOK":"Dusun 1","No Rumah":null}},{"type":"Feature","geometry":{"bbox":[127.42405351795871,-1.6589011299911416,127.42417065854124,-1.6587810972466084],"type":"Polygon","coordinates":[[[127.42405351795871,-1.6588287339000118],[127.42410752647021,-1.6587810972466084],[127.42417065854124,-1.6588534337524854],[127.42411665008362,-1.6589011299911416],[127.42405351795871,-1.6588287339000118]]]},"properties":{"feature_id":"bangunan-soligi-245","Pemilik":"","BLOK":"Dusun 1","No Rumah":null}},{"type":"Feature","geometry":{"bbox":[127.42455767728066,-1.6625032492529397,127.42466585642262,-1.662408667415339],"type":"Polygon","coordinates":[[[127.42455767728066,-1.6624198417298381],[127.4246565699716,-1.662408667415339],[127.42466585642262,-1.6624920748126766],[127.42456696374964,-1.6625032492529397],[127.42455767728066,-1.6624198417298381]]]},"properties":{"feature_id":"bangunan-soligi-246","Pemilik":"","BLOK":"Dusun 1","No Rumah":null}},{"type":"Feature","geometry":{"bbox":[127.4244081975545,-1.6590491886993028,127.42458789903229,-1.65887117149981],"type":"Polygon","coordinates":[[[127.4244081975545,-1.6589744737689636],[127.42442245312637,-1.65896173025936],[127.42441080428578,-1.6589484900532694],[127.42449747812819,-1.65887117149981],[127.42451458479105,-1.6588905938937193],[127.42452753697931,-1.6588790685715065],[127.42458789903229,-1.6589476010355486],[127.42447401754656,-1.6590491886993028],[127.4244081975545,-1.6589744737689636]]]},"properties":{"feature_id":"bangunan-soligi-247","Pemilik":"","BLOK":"Dusun 1","No Rumah":null}},{"type":"Feature","geometry":{"bbox":[127.42532388832235,-1.6591269799372816,127.42538644909182,-1.6590782318522759],"type":"Polygon","coordinates":[[[127.42532388832235,-1.6590916142077772],[127.42537773294522,-1.6590782318522759],[127.42538644909182,-1.6591136570053366],[127.42533260446895,-1.6591269799372816],[127.42532388832235,-1.6590916142077772]]]},"properties":{"feature_id":"bangunan-soligi-248","Pemilik":"","BLOK":"Dusun 1","No Rumah":null}},{"type":"Feature","geometry":{"bbox":[127.42526735549097,-1.6628023521931592,127.42531077335937,-1.6627465659875653],"type":"Polygon","coordinates":[[[127.42526735549097,-1.662750677531705],[127.42530523412275,-1.6627465659875653],[127.42531077335937,-1.6627982406310533],[127.42527289472761,-1.6628023521931592],[127.42526735549097,-1.662750677531705]]]},"properties":{"feature_id":"bangunan-soligi-249","Pemilik":"","BLOK":"Dusun 1","No Rumah":null}},{"type":"Feature","geometry":{"bbox":[127.43115011200858,-1.6623199829187638,127.43117910914984,-1.6622855592075818],"type":"Polygon","coordinates":[[[127.43115011200858,-1.6622897738423834],[127.43117389618132,-1.6622855592075818],[127.43117910914984,-1.6623158295400815],[127.43115540642734,-1.6623199829187638],[127.43115011200858,-1.6622897738423834]]]},"properties":{"feature_id":"bangunan-soligi-250","Pemilik":"","BLOK":"Dusun 1","No Rumah":null}},{"type":"Feature","geometry":{"bbox":[127.4245130370477,-1.6595335429180993,127.42467644623933,-1.659354698621758],"type":"Polygon","coordinates":[[[127.4245130370477,-1.6594234213579606],[127.42459009845841,-1.659354698621758],[127.42467644623933,-1.659452744713437],[127.42458578106535,-1.6595335429180993],[127.42451352581207,-1.6594514180724425],[127.42452704822392,-1.6594393446701081],[127.4245130370477,-1.6594234213579606]]]},"properties":{"feature_id":"bangunan-soligi-251","Pemilik":"","BLOK":"Dusun 1","No Rumah":null}},{"type":"Feature","geometry":{"bbox":[127.42485899813438,-1.6625791755255068,127.42493369683216,-1.662522009543569],"type":"Polygon","coordinates":[[[127.42485899813438,-1.6625416080971058],[127.42492212954065,-1.662522009543569],[127.42493369683216,-1.6625595751124573],[127.4248704839846,-1.6625791755255068],[127.42485899813438,-1.6625416080971058]]]},"properties":{"feature_id":"bangunan-soligi-252","Pemilik":"","BLOK":"Dusun 1","No Rumah":null}},{"type":"Feature","geometry":{"bbox":[127.42390395570432,-1.658555696044885,127.42395299521178,-1.658502628446768],"type":"Polygon","coordinates":[[[127.42390395570432,-1.658542400394775],[127.42391967767706,-1.658502628446768],[127.42395299521178,-1.6585159835563668],[127.42393727324803,-1.658555696044885],[127.42390395570432,-1.658542400394775]]]},"properties":{"feature_id":"bangunan-soligi-253","Pemilik":"","BLOK":"Dusun 1","No Rumah":null}},{"type":"Feature","geometry":{"bbox":[127.42452859596725,-1.6591824648030136,127.4246385672752,-1.6590769178595604],"type":"Polygon","coordinates":[[[127.42452859596725,-1.6591112490622344],[127.42456712667709,-1.6590769178595604],[127.4245893653164,-1.6591021729966433],[127.42459816302102,-1.6590943668434368],[127.4246385672752,-1.6591403291629152],[127.42459132036485,-1.6591824648030136],[127.42452859596725,-1.6591112490622344]]]},"properties":{"feature_id":"bangunan-soligi-254","Pemilik":"","BLOK":"Dusun 1","No Rumah":null}},{"type":"Feature","geometry":{"bbox":[127.42421285517696,-1.665016643017196,127.42426971468964,-1.664935097674729],"type":"Polygon","coordinates":[[[127.42421285517696,-1.6649370116342563],[127.42426686357167,-1.664935097674729],[127.42426971468964,-1.6650147289947865],[127.42421570630388,-1.665016643017196],[127.42421285517696,-1.6649370116342563]]]},"properties":{"feature_id":"bangunan-soligi-255","Pemilik":"","BLOK":"Dusun 1","No Rumah":null}},{"type":"Feature","geometry":{"bbox":[127.42539858652604,-1.6591468618553917,127.42546652354179,-1.659086675288311],"type":"Polygon","coordinates":[[[127.42539858652604,-1.6591002469278258],[127.425455608005,-1.659086675288311],[127.42546652354179,-1.6591332901709615],[127.42540950207186,-1.6591468618553917],[127.42539858652604,-1.6591002469278258]]]},"properties":{"feature_id":"bangunan-soligi-256","Pemilik":"","BLOK":"Dusun 1","No Rumah":null}},{"type":"Feature","geometry":{"bbox":[127.42465355594418,-1.659722959756514,127.42473363122062,-1.6596372054925304],"type":"Polygon","coordinates":[[[127.42465355594418,-1.659663992553617],[127.42468703605601,-1.6596372054925304],[127.42473363122062,-1.6596961726505117],[127.42470015112677,-1.659722959756514],[127.42465355594418,-1.659663992553617]]]},"properties":{"feature_id":"bangunan-soligi-257","Pemilik":"","BLOK":"Dusun 1","No Rumah":null}},{"type":"Feature","geometry":{"bbox":[127.42418906865959,-1.66032452477916,127.42429170904106,-1.6602334302374249],"type":"Polygon","coordinates":[[[127.42418906865959,-1.6602902825456316],[127.42426702649014,-1.6602334302374249],[127.42429170904106,-1.6602676705934745],[127.4242136697872,-1.66032452477916],[127.42418906865959,-1.6602902825456316]]]},"properties":{"feature_id":"bangunan-soligi-258","Pemilik":"","BLOK":"Dusun 1","No Rumah":null}},{"type":"Feature","geometry":{"bbox":[127.42416650404866,-1.6593958045230461,127.42431549552248,-1.6592503273933485],"type":"Polygon","coordinates":[[[127.42416650404866,-1.6593304838954706],[127.42426042818471,-1.6592503273933485],[127.42431549552248,-1.6593155883817723],[127.42422157146727,-1.6593958045230461],[127.42416650404866,-1.6593304838954706]]]},"properties":{"feature_id":"bangunan-soligi-259","Pemilik":"","BLOK":"Dusun 1","No Rumah":null}},{"type":"Feature","geometry":{"bbox":[127.42401897855349,-1.6592348140992461,127.4241787231577,-1.6590685612546803],"type":"Polygon","coordinates":[[[127.42401897855349,-1.6591800962959522],[127.42411746468493,-1.6590685612546803],[127.4241787231577,-1.6591233383557662],[127.42408023710716,-1.6592348140992461],[127.42401897855349,-1.6591800962959522]]]},"properties":{"feature_id":"bangunan-soligi-260","Pemilik":"","BLOK":"Dusun 1","No Rumah":null}},{"type":"Feature","geometry":{"bbox":[127.42462537072721,-1.6583549851285775,127.42466023567289,-1.6583230266999622],"type":"Polygon","coordinates":[[[127.42462537072721,-1.6583341879709235],[127.42465143797725,-1.6583230266999622],[127.42466023567289,-1.6583438220430196],[127.42463408696364,-1.6583549851285775],[127.42462537072721,-1.6583341879709235]]]},"properties":{"feature_id":"bangunan-soligi-261","Pemilik":"","BLOK":"Dusun 1","No Rumah":null}},{"type":"Feature","geometry":{"bbox":[127.42423713044968,-1.6644768865058086,127.4242824225451,-1.6644197506892981],"type":"Polygon","coordinates":[[[127.42423713044968,-1.6644722837449053],[127.42424332145896,-1.6644197506892981],[127.4242824225451,-1.664424353468168],[127.42427623153583,-1.6644768865058086],[127.42423713044968,-1.6644722837449053]]]},"properties":{"feature_id":"bangunan-soligi-262","Pemilik":"","BLOK":"Dusun 1","No Rumah":null}},{"type":"Feature","geometry":{"bbox":[127.42535459849695,-1.6622621767254895,127.425503424555,-1.6621481870916026],"type":"Polygon","coordinates":[[[127.42535459849695,-1.662176594318203],[127.42548509623724,-1.6621481870916026],[127.425503424555,-1.6622337710889072],[127.42537300830989,-1.6622621767254895],[127.42535459849695,-1.662176594318203]]]},"properties":{"feature_id":"bangunan-soligi-263","Pemilik":"","BLOK":"Dusun 1","No Rumah":null}},{"type":"Feature","geometry":{"bbox":[127.42424649842282,-1.6591723004104895,127.42446456815013,-1.6589806560106817],"type":"Polygon","coordinates":[[[127.42424649842282,-1.6590950192718614],[127.42436217239785,-1.658991845389928],[127.42437927909667,-1.6590112678646862],[127.42441365540375,-1.6589806560106817],[127.42446456815013,-1.659038516165755],[127.42431459946197,-1.6591723004104895],[127.42424649842282,-1.6590950192718614]]]},"properties":{"feature_id":"bangunan-soligi-264","Pemilik":"","BLOK":"Dusun 1","No Rumah":null}},{"type":"Feature","geometry":{"bbox":[127.42406573708574,-1.6604530892820877,127.42415428493959,-1.6603519551777204],"type":"Polygon","coordinates":[[[127.42406573708574,-1.6603777546848826],[127.4241163242377,-1.6603519551777204],[127.42415428493959,-1.660427289685094],[127.42410369781454,-1.6604530892820877],[127.42406573708574,-1.6603777546848826]]]},"properties":{"feature_id":"bangunan-soligi-265","Pemilik":"","BLOK":"Dusun 1","No Rumah":null}},{"type":"Feature","geometry":{"bbox":[127.42400244199744,-1.6593949239315224,127.42405596178051,-1.6593440183716819],"type":"Polygon","coordinates":[[[127.42400244199744,-1.6593732451941983],[127.42403869208239,-1.6593440183716819],[127.42405596178051,-1.659365697082057],[127.42401971170453,-1.6593949239315224],[127.42400244199744,-1.6593732451941983]]]},"properties":{"feature_id":"bangunan-soligi-266","Pemilik":"","BLOK":"Dusun 1","No Rumah":null}},{"type":"Feature","geometry":{"bbox":[127.4242511416708,-1.6623035443150032,127.42434881287754,-1.6621842038032444],"type":"Polygon","coordinates":[[[127.4242511416708,-1.6621863292890717],[127.4243469392883,-1.6621842038032444],[127.42434881287754,-1.662271403097194],[127.42427419501917,-1.6622730587551446],[127.42427484671094,-1.662303076166976],[127.42425374841106,-1.6623035443150032],[127.4242511416708,-1.6621863292890717]]]},"properties":{"feature_id":"bangunan-soligi-267","Pemilik":"","BLOK":"Dusun 1","No Rumah":null}},{"type":"Feature","geometry":{"bbox":[127.42380766872957,-1.659530431207854,127.42397922564078,-1.6593559314966033],"type":"Polygon","coordinates":[[[127.42380766872957,-1.6594294718258094],[127.42389817197324,-1.6593559314966033],[127.42397922564078,-1.6594568906181364],[127.42388872249595,-1.659530431207854],[127.42380766872957,-1.6594294718258094]]]},"properties":{"feature_id":"bangunan-soligi-268","Pemilik":"","BLOK":"Dusun 1","No Rumah":null}},{"type":"Feature","geometry":{"bbox":[127.42378746636443,-1.65924049651834,127.4239524249882,-1.6590555304997814],"type":"Polygon","coordinates":[[[127.42378746636443,-1.6591702386421652],[127.42384734028182,-1.6591165843004372],[127.42382762669905,-1.6590941867222393],[127.42387080107007,-1.6590555304997814],[127.4239524249882,-1.6591478541973366],[127.42385051726367,-1.65924049651834],[127.42378746636443,-1.6591702386421652]]]},"properties":{"feature_id":"bangunan-soligi-269","Pemilik":"","BLOK":"Dusun 1","No Rumah":null}},{"type":"Feature","geometry":{"bbox":[127.42356695071322,-1.6596754165189167,127.42360254933098,-1.6596384972070268],"type":"Polygon","coordinates":[[[127.42356695071322,-1.6596478664827268],[127.42359261104441,-1.6596384972070268],[127.42360254933098,-1.6596660472252505],[127.42357688899979,-1.6596754165189167],[127.42356695071322,-1.6596478664827268]]]},"properties":{"feature_id":"bangunan-soligi-270","Pemilik":"","BLOK":"Dusun 1","No Rumah":null}},{"type":"Feature","geometry":{"bbox":[127.4231989071684,-1.6591347253284423,127.42327205983865,-1.659059476762892],"type":"Polygon","coordinates":[[[127.4231989071684,-1.6590771885938207],[127.42321731753829,-1.659059476762892],[127.42327205983865,-1.659117015276178],[127.42325373094597,-1.6591347253284423],[127.4231989071684,-1.6590771885938207]]]},"properties":{"feature_id":"bangunan-soligi-271","Pemilik":"","BLOK":"Dusun 1","No Rumah":null}},{"type":"Feature","geometry":{"bbox":[127.42387642188271,-1.6590685405664793,127.42399331837503,-1.658963942531427],"type":"Polygon","coordinates":[[[127.42387642188271,-1.6590130083415657],[127.42391975913628,-1.658963942531427],[127.42399331837503,-1.6590297453926135],[127.42397751496102,-1.6590476966245653],[127.42396594750781,-1.6590374277040747],[127.42393849516343,-1.6590685405664793],[127.42387642188271,-1.6590130083415657]]]},"properties":{"feature_id":"bangunan-soligi-272","Pemilik":"","BLOK":"Dusun 1","No Rumah":null}},{"type":"Feature","geometry":{"bbox":[127.42353542513784,-1.6591777126432954,127.42363627432357,-1.6590803579220084],"type":"Polygon","coordinates":[[[127.42353542513784,-1.6591256326799513],[127.42357134962843,-1.6590803579220084],[127.42363627432357,-1.6591324378314534],[127.42360034987789,-1.6591777126432954],[127.42353542513784,-1.6591256326799513]]]},"properties":{"feature_id":"bangunan-soligi-273","Pemilik":"","BLOK":"Dusun 1","No Rumah":null}},{"type":"Feature","geometry":{"bbox":[127.42431720619325,-1.6595418607876242,127.4243946751247,-1.6594573908989014],"type":"Polygon","coordinates":[[[127.42431720619325,-1.6594833581484765],[127.4243566330804,-1.6594573908989014],[127.4243946751247,-1.6595158340156786],[127.42435524825554,-1.6595418607876242],[127.42431720619325,-1.6594833581484765]]]},"properties":{"feature_id":"bangunan-soligi-274","Pemilik":"","BLOK":"Dusun 1","No Rumah":null}},{"type":"Feature","geometry":{"bbox":[127.43029583119647,-1.658438082903586,127.43032637631464,-1.6584060560952114],"type":"Polygon","coordinates":[[[127.43029583119647,-1.6584069486073787],[127.43032539886674,-1.6584060560952114],[127.43032637631464,-1.6584371903824355],[127.43029680864433,-1.658438082903586],[127.43029583119647,-1.6584069486073787]]]},"properties":{"feature_id":"bangunan-soligi-275","Pemilik":"","BLOK":"Dusun 1","No Rumah":null}},{"type":"Feature","geometry":{"bbox":[127.42440868631886,-1.6640015676948534,127.42447548383964,-1.663970144877743],"type":"Polygon","coordinates":[[[127.42440868631886,-1.66399281292969],[127.42441178181451,-1.663970144877743],[127.42447548383964,-1.6639788996518898],[127.42447238834399,-1.6640015676948534],[127.42440868631886,-1.66399281292969]]]},"properties":{"feature_id":"bangunan-soligi-276","Pemilik":"","BLOK":"Dusun 1","No Rumah":null}},{"type":"Feature","geometry":{"bbox":[127.42380506197132,-1.6598290063878443,127.4239308378341,-1.659723123681087],"type":"Polygon","coordinates":[[[127.42380506197132,-1.6597851887152582],[127.4239036298584,-1.659723123681087],[127.4239308378341,-1.659766941245875],[127.42383226998294,-1.6598290063878443],[127.42380506197132,-1.6597851887152582]]]},"properties":{"feature_id":"bangunan-soligi-277","Pemilik":"","BLOK":"Dusun 1","No Rumah":null}},{"type":"Feature","geometry":{"bbox":[127.42393947269214,-1.6595830447435274,127.42397564135382,-1.6595467202690695],"type":"Polygon","coordinates":[[[127.42393947269214,-1.6595557687653644],[127.4239667621181,-1.6595467202690695],[127.42397564135382,-1.6595739962382492],[127.42394835193684,-1.6595830447435274],[127.42393947269214,-1.6595557687653644]]]},"properties":{"feature_id":"bangunan-soligi-278","Pemilik":"","BLOK":"Dusun 1","No Rumah":null}},{"type":"Feature","geometry":{"bbox":[127.42452615215443,-1.6581894943338504,127.4246157584213,-1.6580930062891832],"type":"Polygon","coordinates":[[[127.42452615215443,-1.6581199428748488],[127.42455841042272,-1.6580930062891832],[127.4246157584213,-1.6581625558707058],[127.42458341872073,-1.6581894943338504],[127.42452615215443,-1.6581199428748488]]]},"properties":{"feature_id":"bangunan-soligi-279","Pemilik":"","BLOK":"Dusun 1","No Rumah":null}},{"type":"Feature","geometry":{"bbox":[127.42516716030575,-1.6588257344073118,127.4253065374704,-1.6586925161281558],"type":"Polygon","coordinates":[[[127.42516716030575,-1.6587707759543364],[127.42526149040846,-1.6586925161281558],[127.4253065374704,-1.6587474726228038],[127.42521212596239,-1.6588257344073118],[127.42516716030575,-1.6587707759543364]]]},"properties":{"feature_id":"bangunan-soligi-280","Pemilik":"","BLOK":"Dusun 1","No Rumah":null}},{"type":"Feature","geometry":{"bbox":[127.42354275667515,-1.659601715175679,127.42366747399915,-1.6594739716880051],"type":"Polygon","coordinates":[[[127.42354275667515,-1.659524655804145],[127.42361077692881,-1.6594739716880051],[127.42366747399915,-1.6595510309158086],[127.4235994537994,-1.659601715175679],[127.42354275667515,-1.659524655804145]]]},"properties":{"feature_id":"bangunan-soligi-281","Pemilik":"","BLOK":"Dusun 1","No Rumah":null}},{"type":"Feature","geometry":{"bbox":[127.42385841898864,-1.6587307209831161,127.4240822736328,-1.6584885614043405],"type":"Polygon","coordinates":[[[127.42385841898864,-1.658661264314343],[127.42399641388864,-1.6584885614043405],[127.4240822736328,-1.6585580159710558],[127.42394419743528,-1.6587307209831161],[127.42385841898864,-1.658661264314343]]]},"properties":{"feature_id":"bangunan-soligi-282","Pemilik":"","BLOK":"Dusun 1","No Rumah":null}},{"type":"Feature","geometry":{"bbox":[127.42479578521495,-1.6622497979318913,127.42486307113178,-1.6621766491873005],"type":"Polygon","coordinates":[[[127.42479578521495,-1.662189766315214],[127.42484824542618,-1.6621766491873005],[127.42486307113178,-1.6622366807321125],[127.42481061092957,-1.6622497979318913],[127.42479578521495,-1.662189766315214]]]},"properties":{"feature_id":"bangunan-soligi-283","Pemilik":"","BLOK":"Dusun 1","No Rumah":null}},{"type":"Feature","geometry":{"bbox":[127.42544681040815,-1.6635274052761801,127.42550888232341,-1.6634429001016329],"type":"Polygon","coordinates":[[[127.42544681040815,-1.6635217024114306],[127.42545503779039,-1.6634429001016329],[127.42550888232341,-1.6634485435428266],[127.4255006549412,-1.6635274052761801],[127.42544681040815,-1.6635217024114306]]]},"properties":{"feature_id":"bangunan-soligi-284","Pemilik":"","BLOK":"Dusun 1","No Rumah":null}},{"type":"Feature","geometry":{"bbox":[127.42413318661274,-1.6579244170433443,127.42428910230977,-1.6577700564558357],"type":"Polygon","coordinates":[[[127.42413318661274,-1.6578524403127386],[127.42422588887833,-1.6577700564558357],[127.42428910230977,-1.6578420329888122],[127.42419640012504,-1.6579244170433443],[127.42413318661274,-1.6578524403127386]]]},"properties":{"feature_id":"bangunan-soligi-285","Pemilik":"","BLOK":"Dusun 1","No Rumah":null}},{"type":"Feature","geometry":{"bbox":[127.42443630139307,-1.6658581746782954,127.4245949860751,-1.665737486729543],"type":"Polygon","coordinates":[[[127.42443630139307,-1.665766587177065],[127.42457616875943,-1.665737486729543],[127.4245949860751,-1.6658290758118084],[127.42445520020392,-1.6658581746782954],[127.42443630139307,-1.665766587177065]]]},"properties":{"feature_id":"bangunan-soligi-286","Pemilik":"","BLOK":"Dusun 1","No Rumah":null}},{"type":"Feature","geometry":{"bbox":[127.42361656068687,-1.6596615815472595,127.4237208311243,-1.6595510309158086],"type":"Polygon","coordinates":[[[127.42361656068687,-1.6595889675068756],[127.42366747399915,-1.6595510309158086],[127.4237208311243,-1.659623644848395],[127.42366991783894,-1.6596615815472595],[127.42361656068687,-1.6595889675068756]]]},"properties":{"feature_id":"bangunan-soligi-287","Pemilik":"","BLOK":"Dusun 1","No Rumah":null}},{"type":"Feature","geometry":{"bbox":[127.42389882366503,-1.6604216248550134,127.42395266937484,-1.6603625084688973],"type":"Polygon","coordinates":[[[127.42389882366503,-1.6603801457306742],[127.42392456533867,-1.6603625084688973],[127.42395266937484,-1.660403987566287],[127.42392692770123,-1.6604216248550134],[127.42389882366503,-1.6603801457306742]]]},"properties":{"feature_id":"bangunan-soligi-288","Pemilik":"","BLOK":"Dusun 1","No Rumah":null}},{"type":"Feature","geometry":{"bbox":[127.42417188045664,-1.6593066022555076,127.42422043102007,-1.659263619944271],"type":"Polygon","coordinates":[[[127.42417188045664,-1.6592877885510513],[127.42420796753332,-1.659263619944271],[127.42422043102007,-1.659282372356675],[127.42418426248418,-1.6593066022555076],[127.42417188045664,-1.6592877885510513]]]},"properties":{"feature_id":"bangunan-soligi-289","Pemilik":"","BLOK":"Dusun 1","No Rumah":null}},{"type":"Feature","geometry":{"bbox":[127.42448094167992,-1.6599952810255385,127.42455914356476,-1.6599332068016022],"type":"Polygon","coordinates":[[[127.42448094167992,-1.6599723352773879],[127.42454537678422,-1.6599332068016022],[127.42455914356476,-1.6599560930543316],[127.42449470847842,-1.6599952810255385],[127.42448094167992,-1.6599723352773879]]]},"properties":{"feature_id":"bangunan-soligi-290","Pemilik":"","BLOK":"Dusun 1","No Rumah":null}},{"type":"Feature","geometry":{"bbox":[127.42424674280052,-1.6662724637634445,127.42431020059169,-1.666180141296581],"type":"Polygon","coordinates":[[[127.42424674280052,-1.666192244594848],[127.42428551804076,-1.666180141296581],[127.42431020059169,-1.6662603604022954],[127.42427142536042,-1.6662724637634445],[127.42424674280052,-1.666192244594848]]]},"properties":{"feature_id":"bangunan-soligi-291","Pemilik":"","BLOK":"Dusun 1","No Rumah":null}},{"type":"Feature","geometry":{"bbox":[127.4244369530759,-1.658741433087452,127.42465119359956,-1.658525879496351],"type":"Polygon","coordinates":[[[127.4244369530759,-1.658629367968297],[127.42454008186242,-1.658525879496351],[127.42465119359956,-1.6586379442741461],[127.42454806497474,-1.658741433087452],[127.4244369530759,-1.658629367968297]]]},"properties":{"feature_id":"bangunan-soligi-292","Pemilik":"","BLOK":"Dusun 1","No Rumah":null}},{"type":"Feature","geometry":{"bbox":[127.42509498710461,-1.6631713361123928,127.4251808455103,-1.6630818695515146],"type":"Polygon","coordinates":[[[127.42509498710461,-1.6630865811163653],[127.42517595793854,-1.6630818695515146],[127.4251808455103,-1.6631666244487275],[127.42509987467638,-1.6631713361123928],[127.42509498710461,-1.6630865811163653]]]},"properties":{"feature_id":"bangunan-soligi-293","Pemilik":"","BLOK":"Dusun 1","No Rumah":null}},{"type":"Feature","geometry":{"bbox":[127.42447401754656,-1.6591112490622344,127.42460101412999,-1.658984674624105],"type":"Polygon","coordinates":[[[127.42447401754656,-1.6590491886993028],[127.42454635430397,-1.658984674624105],[127.42460101412999,-1.6590466735871872],[127.42452859596725,-1.6591112490622344],[127.42447401754656,-1.6590491886993028]]]},"properties":{"feature_id":"bangunan-soligi-294","Pemilik":"","BLOK":"Dusun 1","No Rumah":null}},{"type":"Feature","geometry":{"bbox":[127.4242824225451,-1.6580832969652157,127.42445039404647,-1.6579157029718634],"type":"Polygon","coordinates":[[[127.4242824225451,-1.6580123004403153],[127.42438327066183,-1.6579157029718634],[127.42445039404647,-1.65798664161831],[127.42434962747882,-1.6580832969652157],[127.4242824225451,-1.6580123004403153]]]},"properties":{"feature_id":"bangunan-soligi-295","Pemilik":"","BLOK":"Dusun 1","No Rumah":null}},{"type":"Feature","geometry":{"bbox":[127.42404195052346,-1.6582077624285525,127.42409579611649,-1.6581524384331217],"type":"Polygon","coordinates":[[[127.42404195052346,-1.6581884570402088],[127.4240770601343,-1.6581532513276056],[127.42409498151522,-1.6581524384331217],[127.42409579611649,-1.6581690698063594],[127.42406687753294,-1.6582066359052536],[127.42404284659297,-1.6582077624285525],[127.42404195052346,-1.6581884570402088]]]},"properties":{"feature_id":"bangunan-soligi-296","Pemilik":"","BLOK":"Dusun 1","No Rumah":null}},{"type":"Feature","geometry":{"bbox":[127.42419045349345,-1.6588118610955584,127.4244079531768,-1.6586186738841662],"type":"Polygon","coordinates":[[[127.42419045349345,-1.6587079054098333],[127.42423142820476,-1.6586716772078243],[127.42425130459824,-1.6586944871396871],[127.42433716402799,-1.6586186738841662],[127.4244079531768,-1.6586998787741234],[127.42428111917047,-1.6588118610955584],[127.42419045349345,-1.6587079054098333]]]},"properties":{"feature_id":"bangunan-soligi-297","Pemilik":"","BLOK":"Dusun 1","No Rumah":null}},{"type":"Feature","geometry":{"bbox":[127.42362063374718,-1.6590437124345834,127.42373264300011,-1.6589340672420567],"type":"Polygon","coordinates":[[[127.42362063374718,-1.6589790696936877],[127.4236603868665,-1.6589340672420567],[127.42373264300011,-1.6589986504336325],[127.42369288991671,-1.6590437124345834],[127.42362063374718,-1.6589790696936877]]]},"properties":{"feature_id":"bangunan-soligi-298","Pemilik":"","BLOK":"Dusun 1","No Rumah":null}},{"type":"Feature","geometry":{"bbox":[127.4248676328846,-1.6630563948212602,127.42499992363527,-1.662979748719673],"type":"Polygon","coordinates":[[[127.4248676328846,-1.6630101545899825],[127.4249730419187,-1.6630010945503364],[127.42497141272511,-1.662981743590458],[127.42499430291248,-1.662979748719673],[127.42499992363527,-1.6630453974838553],[127.42487154296357,-1.6630563948212602],[127.4248676328846,-1.6630101545899825]]]},"properties":{"feature_id":"bangunan-soligi-299","Pemilik":"","BLOK":"Dusun 1","No Rumah":null}},{"type":"Feature","geometry":{"bbox":[127.42490029829634,-1.6626961288452464,127.42498819343427,-1.6626042907949001],"type":"Polygon","coordinates":[[[127.42490029829634,-1.6626126491245454],[127.4249794772428,-1.6626042907949001],[127.42498819343427,-1.6626877704167864],[127.4249090145058,-1.6626961288452464],[127.42490029829634,-1.6626126491245454]]]},"properties":{"feature_id":"bangunan-soligi-300","Pemilik":"","BLOK":"Dusun 1","No Rumah":null}},{"type":"Feature","geometry":{"bbox":[127.42505800441658,-1.6598178502821956,127.42515070546943,-1.6597210577805124],"type":"Polygon","coordinates":[[[127.42505800441658,-1.6597532075053674],[127.4250946612677,-1.6597210577805124],[127.42515070546943,-1.6597857023000724],[127.4251141301135,-1.6598178502821956],[127.42505800441658,-1.6597532075053674]]]},"properties":{"feature_id":"bangunan-soligi-301","Pemilik":"","BLOK":"Dusun 1","No Rumah":null}},{"type":"Feature","geometry":{"bbox":[127.42375162345883,-1.6594075326399347,127.42397824810308,-1.6592007419257842],"type":"Polygon","coordinates":[[[127.42375162345883,-1.6593303371916015],[127.42385051726367,-1.65924049651834],[127.42386289934511,-1.6592543152933725],[127.42392179566193,-1.6592007419257842],[127.42397824810308,-1.6592646048032493],[127.42382094688948,-1.6594075326399347],[127.42375162345883,-1.6593303371916015]]]},"properties":{"feature_id":"bangunan-soligi-302","Pemilik":"","BLOK":"Dusun 1","No Rumah":null}},{"type":"Feature","geometry":{"bbox":[127.4245190651116,-1.658347365465624,127.42466927774623,-1.6581894943338504],"type":"Polygon","coordinates":[[[127.4245190651116,-1.658243126316511],[127.42458341872073,-1.6581894943338504],[127.42466927774623,-1.6582937332853342],[127.42460492421795,-1.658347365465624],[127.4245190651116,-1.658243126316511]]]},"properties":{"feature_id":"bangunan-soligi-303","Pemilik":"","BLOK":"Dusun 1","No Rumah":null}},{"type":"Feature","geometry":{"bbox":[127.42541935863868,-1.6605882082257049,127.42553217963624,-1.6605054147370326],"type":"Polygon","coordinates":[[[127.42541935863868,-1.6605393502048746],[127.42551507321592,-1.6605054147370326],[127.42553217963624,-1.6605542726590483],[127.42543646508595,-1.6605882082257049],[127.42541935863868,-1.6605393502048746]]]},"properties":{"feature_id":"bangunan-soligi-304","Pemilik":"","BLOK":"Dusun 1","No Rumah":null}},{"type":"Feature","geometry":{"bbox":[127.42427378772301,-1.6600252013474541,127.42434384378366,-1.6599617671101101],"type":"Polygon","coordinates":[[[127.42427378772301,-1.6599897698433044],[127.42432453764071,-1.6599617671101101],[127.42434384378366,-1.6599971967637304],[127.42429301241567,-1.6600252013474541],[127.42427378772301,-1.6599897698433044]]]},"properties":{"feature_id":"bangunan-soligi-305","Pemilik":"","BLOK":"Dusun 1","No Rumah":null}},{"type":"Feature","geometry":{"bbox":[127.42427085513684,-1.6663633984409918,127.42434750951189,-1.6662837539426487],"type":"Polygon","coordinates":[[[127.42427085513684,-1.6663021549161476],[127.4243280404505,-1.6662837539426487],[127.42434750951189,-1.6663450568640992],[127.42429032421619,-1.6663633984409918],[127.42427085513684,-1.6663021549161476]]]},"properties":{"feature_id":"bangunan-soligi-306","Pemilik":"","BLOK":"Dusun 1","No Rumah":null}},{"type":"Feature","geometry":{"bbox":[127.42495642411899,-1.663801117981681,127.42506672059908,-1.6636902263587314],"type":"Polygon","coordinates":[[[127.42495642411899,-1.6637675018200069],[127.42498957825018,-1.6636902263587314],[127.42506672059908,-1.6637238983507006],[127.42503340358539,-1.663801117981681],[127.42495642411899,-1.6637675018200069]]]},"properties":{"feature_id":"bangunan-soligi-307","Pemilik":"","BLOK":"Dusun 1","No Rumah":null}},{"type":"Feature","geometry":{"bbox":[127.42411583547337,-1.6589837067343023,127.42430335790856,-1.6587864910190349],"type":"Polygon","coordinates":[[[127.42411583547337,-1.658899542515321],[127.42424258830793,-1.6587864910190349],[127.42430335790856,-1.6588554308600754],[127.42428926522824,-1.6588680517945584],[127.42430262475753,-1.6588832164075833],[127.4241899647291,-1.6589837067343023],[127.42411583547337,-1.658899542515321]]]},"properties":{"feature_id":"bangunan-soligi-308","Pemilik":"","BLOK":"Dusun 1","No Rumah":null}},{"type":"Feature","geometry":{"bbox":[127.42431215564015,-1.660118645271118,127.42435997296272,-1.6600735192292704],"type":"Polygon","coordinates":[[[127.42431215564015,-1.6600875724196762],[127.42434791680805,-1.6600735192292704],[127.42435997296272,-1.6601046497166208],[127.42432413034459,-1.660118645271118],[127.42431215564015,-1.6600875724196762]]]},"properties":{"feature_id":"bangunan-soligi-309","Pemilik":"","BLOK":"Dusun 1","No Rumah":null}},{"type":"Feature","geometry":{"bbox":[127.42431093373374,-1.663452561213019,127.42437984932026,-1.6633226600259319],"type":"Polygon","coordinates":[[[127.42431093373374,-1.6634430294500506],[127.4243377342516,-1.6633226600259319],[127.42437984932026,-1.6633321323473778],[127.4243530488204,-1.663452561213019],[127.42431093373374,-1.6634430294500506]]]},"properties":{"feature_id":"bangunan-soligi-310","Pemilik":"","BLOK":"Dusun 1","No Rumah":null}},{"type":"Feature","geometry":{"bbox":[127.42486201215283,-1.6623365167708943,127.42495512076233,-1.6622437703890485],"type":"Polygon","coordinates":[[[127.42486201215283,-1.6622591238728617],[127.42494021361547,-1.6622437703890485],[127.42495512076233,-1.662321224462352],[127.42487700076792,-1.6623365167708943],[127.42486201215283,-1.6622591238728617]]]},"properties":{"feature_id":"bangunan-soligi-311","Pemilik":"","BLOK":"Dusun 1","No Rumah":null}},{"type":"Feature","geometry":{"bbox":[127.42455759582141,-1.6628880787800489,127.42458578106535,-1.6628414187031568],"type":"Polygon","coordinates":[[[127.42455759582141,-1.6628435632063188],[127.4245818709774,-1.6628414187031568],[127.42458578106535,-1.6628859342679037],[127.42456150591838,-1.6628880787800489],[127.42455759582141,-1.6628435632063188]]]},"properties":{"feature_id":"bangunan-soligi-312","Pemilik":"","BLOK":"Dusun 1","No Rumah":null}},{"type":"Feature","geometry":{"bbox":[127.424894840483,-1.6625900474311486,127.42493736252445,-1.6625618781413176],"type":"Polygon","coordinates":[[[127.424894840483,-1.6625669195765236],[127.4249344299742,-1.6625618781413176],[127.42493736252445,-1.662585065446448],[127.42489777304222,-1.6625900474311486],[127.424894840483,-1.6625669195765236]]]},"properties":{"feature_id":"bangunan-soligi-313","Pemilik":"","BLOK":"Dusun 1","No Rumah":null}},{"type":"Feature","geometry":{"bbox":[127.42489207085123,-1.6596397282672755,127.42500424101037,-1.6595172674124614],"type":"Polygon","coordinates":[[[127.42489207085123,-1.6595531004006612],[127.42493931756394,-1.6595172674124614],[127.42500424101037,-1.6596038356938232],[127.42495699434261,-1.6596397282672755],[127.42489207085123,-1.6595531004006612]]]},"properties":{"feature_id":"bangunan-soligi-314","Pemilik":"","BLOK":"Dusun 1","No Rumah":null}},{"type":"Feature","geometry":{"bbox":[127.42461217417925,-1.6632092639448857,127.42465542952442,-1.663175631119463],"type":"Polygon","coordinates":[[[127.42461217417925,-1.663176692281342],[127.42465461492314,-1.663175631119463],[127.42465542952442,-1.6632082027650406],[127.42461298878054,-1.6632092639448857],[127.42461217417925,-1.663176692281342]]]},"properties":{"feature_id":"bangunan-soligi-315","Pemilik":"","BLOK":"Dusun 1","No Rumah":null}},{"type":"Feature","geometry":{"bbox":[127.42494062092058,-1.6622044259942008,127.4251085908589,-1.6620786084495804],"type":"Polygon","coordinates":[[[127.42494062092058,-1.6621167963892638],[127.4250857821667,-1.6620786084495804],[127.4251085908589,-1.6621662936602335],[127.42496326673924,-1.6622044259942008],[127.42494062092058,-1.6621167963892638]]]},"properties":{"feature_id":"bangunan-soligi-316","Pemilik":"","BLOK":"Dusun 1","No Rumah":null}},{"type":"Feature","geometry":{"bbox":[127.42422556304139,-1.663243188839557,127.42430026240392,-1.6631808326883515],"type":"Polygon","coordinates":[[[127.42422556304139,-1.66323755003367],[127.42423012483015,-1.6631808326883515],[127.42430026240392,-1.663186471539154],[127.4242957006152,-1.663243188839557],[127.42422556304139,-1.66323755003367]]]},"properties":{"feature_id":"bangunan-soligi-317","Pemilik":"","BLOK":"Dusun 1","No Rumah":null}},{"type":"Feature","geometry":{"bbox":[127.4247704511519,-1.6596021594464858,127.42485793915539,-1.6595193845349736],"type":"Polygon","coordinates":[[[127.4247704511519,-1.6595667954507296],[127.42483032424288,-1.6595193845349736],[127.42485793915539,-1.659554748467848],[127.42479806609137,-1.6596021594464858],[127.4247704511519,-1.6595667954507296]]]},"properties":{"feature_id":"bangunan-soligi-318","Pemilik":"","BLOK":"Dusun 1","No Rumah":null}},{"type":"Feature","geometry":{"bbox":[127.42465257842444,-1.6631480531995666,127.42467058111187,-1.6630931790534806],"type":"Polygon","coordinates":[[[127.42465257842444,-1.6630935479646185],[127.424669196287,-1.6630931790534806],[127.42467058111187,-1.663147622996377],[127.4246538817811,-1.6631480531995666],[127.42465257842444,-1.6630935479646185]]]},"properties":{"feature_id":"bangunan-soligi-319","Pemilik":"","BLOK":"Dusun 1","No Rumah":null}},{"type":"Feature","geometry":{"bbox":[127.42411420625284,-1.659451541896221,127.42413506021096,-1.659429456689197],"type":"Polygon","coordinates":[[[127.42411420625284,-1.6594311853352646],[127.42413318661274,-1.659429456689197],[127.42413506021096,-1.65944981144454],[127.42411599839181,-1.659451541896221],[127.42411420625284,-1.6594311853352646]]]},"properties":{"feature_id":"bangunan-soligi-320","Pemilik":"","BLOK":"Dusun 1","No Rumah":null}},{"type":"Feature","geometry":{"bbox":[127.42398109923901,-1.6596881104504997,127.4241466276372,-1.6595353892614353],"type":"Polygon","coordinates":[[[127.42398109923901,-1.6596083648377886],[127.42409172308317,-1.6595353892614353],[127.4241466276372,-1.6596195640715536],[127.4240426836655,-1.6596881104504997],[127.42403184937231,-1.6596715219358844],[127.4240250881215,-1.6596760126499224],[127.42398109923901,-1.6596083648377886]]]},"properties":{"feature_id":"bangunan-soligi-321","Pemilik":"","BLOK":"Dusun 1","No Rumah":null}},{"type":"Feature","geometry":{"bbox":[127.42461901683542,-1.6625340539932019,127.42465893230725,-1.6625063553756638],"type":"Polygon","coordinates":[[[127.42461901683542,-1.662513928469953],[127.42465477784158,-1.6625063553756638],[127.42465893230725,-1.6625264826955433],[127.42462325276028,-1.6625340539932019],[127.42461901683542,-1.662513928469953]]]},"properties":{"feature_id":"bangunan-soligi-322","Pemilik":"","BLOK":"Dusun 1","No Rumah":null}},{"type":"Feature","geometry":{"bbox":[127.42459009845841,-1.659452744713437,127.42472776609318,-1.6593089046375806],"type":"Polygon","coordinates":[[[127.42459009845841,-1.659354698621758],[127.42464141837517,-1.6593089046375806],[127.42472776609318,-1.6594068911170576],[127.42467644623933,-1.659452744713437],[127.42459009845841,-1.659354698621758]]]},"properties":{"feature_id":"bangunan-soligi-323","Pemilik":"","BLOK":"Dusun 1","No Rumah":null}},{"type":"Feature","geometry":{"bbox":[127.42414499841668,-1.6583583706722709,127.42429675960315,-1.6582044082270795],"type":"Polygon","coordinates":[[[127.42414499841668,-1.6582942785357622],[127.42422931022885,-1.6582044082270795],[127.42429675960315,-1.6582683830795446],[127.42421252933104,-1.6583583706722709],[127.42414499841668,-1.6582942785357622]]]},"properties":{"feature_id":"bangunan-soligi-324","Pemilik":"","BLOK":"Dusun 1","No Rumah":null}},{"type":"Feature","geometry":{"bbox":[127.42387511849908,-1.6583510145031568,127.42397450090662,-1.6582519916463194],"type":"Polygon","coordinates":[[[127.42387511849908,-1.658299182070589],[127.4239170709278,-1.6582519916463194],[127.42397450090662,-1.6583038204047778],[127.4239323855954,-1.6583510145031568],[127.42387511849908,-1.658299182070589]]]},"properties":{"feature_id":"bangunan-soligi-325","Pemilik":"","BLOK":"Dusun 1","No Rumah":null}},{"type":"Feature","geometry":{"bbox":[127.42449332365354,-1.6649467871730435,127.42456036547118,-1.6648397709451115],"type":"Polygon","coordinates":[[[127.42449332365354,-1.6648428174466503],[127.42455547785451,-1.6648397709451115],[127.42456036547118,-1.6649439189960717],[127.42449821127023,-1.6649467871730435],[127.42449332365354,-1.6648428174466503]]]},"properties":{"feature_id":"bangunan-soligi-326","Pemilik":"","BLOK":"Dusun 1","No Rumah":null}},{"type":"Feature","geometry":{"bbox":[127.42432958819386,-1.6602748225845079,127.42445984345188,-1.6601411253146592],"type":"Polygon","coordinates":[[[127.42432958819386,-1.6601898233096046],[127.42440722002577,-1.6601411253146592],[127.42445984345188,-1.6602261244188823],[127.42438221167386,-1.6602748225845079],[127.42432958819386,-1.6601898233096046]]]},"properties":{"feature_id":"bangunan-soligi-327","Pemilik":"","BLOK":"Dusun 1","No Rumah":null}},{"type":"Feature","geometry":{"bbox":[127.4316086890793,-1.6632373679182124,127.43163141422816,-1.6632094319837427],"type":"Polygon","coordinates":[[[127.4316086890793,-1.6632101527919267],[127.43163043679824,-1.6632094319837427],[127.43163141422816,-1.6632365858269598],[127.43160958504997,-1.6632373679182124],[127.4316086890793,-1.6632101527919267]]]},"properties":{"feature_id":"bangunan-soligi-328","Pemilik":"","BLOK":"Dusun 1","No Rumah":null}},{"type":"Feature","geometry":{"bbox":[127.42435313027961,-1.6634680991568929,127.42444876483492,-1.6633320710643094],"type":"Polygon","coordinates":[[[127.42435313027961,-1.6634524999299505],[127.42437993077951,-1.6633320710643094],[127.42444876483492,-1.663347729804639],[127.424421964362,-1.6634680991568929],[127.42435313027961,-1.6634524999299505]]]},"properties":{"feature_id":"bangunan-soligi-329","Pemilik":"","BLOK":"Dusun 1","No Rumah":null}},{"type":"Feature","geometry":{"bbox":[127.42380188498947,-1.660017344376552,127.42386346956869,-1.659957184291806],"type":"Polygon","coordinates":[[[127.42380188498947,-1.6599963015027182],[127.42384432621847,-1.659957184291806],[127.42386346956869,-1.6599782271386905],[127.4238210283487,-1.660017344376552],[127.42380188498947,-1.6599963015027182]]]},"properties":{"feature_id":"bangunan-soligi-330","Pemilik":"","BLOK":"Dusun 1","No Rumah":null}},{"type":"Feature","geometry":{"bbox":[127.42548297829725,-1.6627168308353792,127.42553307568777,-1.6626791660655342],"type":"Polygon","coordinates":[[[127.42548297829725,-1.6626858280704961],[127.4255285954391,-1.6626791660655342],[127.42553307568777,-1.6627101688034682],[127.42548745855493,-1.6627168308353792],[127.42548297829725,-1.6626858280704961]]]},"properties":{"feature_id":"bangunan-soligi-331","Pemilik":"","BLOK":"Dusun 1","No Rumah":null}},{"type":"Feature","geometry":{"bbox":[127.42530816665501,-1.6627625925251224,127.42538424969258,-1.6626755535445181],"type":"Polygon","coordinates":[[[127.42530816665501,-1.6626875671190544],[127.42536983139094,-1.6626755535445181],[127.42538424969258,-1.6627505212158624],[127.42532266642492,-1.6627625925251224],[127.42530816665501,-1.6626875671190544]]]},"properties":{"feature_id":"bangunan-soligi-332","Pemilik":"","BLOK":"Dusun 1","No Rumah":null}},{"type":"Feature","geometry":{"bbox":[127.42428494781718,-1.6599341500775664,127.42435777352757,-1.6598589975239533],"type":"Polygon","coordinates":[[[127.42428494781718,-1.659887123775499],[127.42431712473403,-1.6598589975239533],[127.42435777352757,-1.6599060255867184],[127.42432567808794,-1.6599341500775664],[127.42428494781718,-1.659887123775499]]]},"properties":{"feature_id":"bangunan-soligi-333","Pemilik":"","BLOK":"Dusun 1","No Rumah":null}},{"type":"Feature","geometry":{"bbox":[127.42499088160686,-1.6620494234885566,127.42506737228192,-1.661961815703698],"type":"Polygon","coordinates":[[[127.42499088160686,-1.6619772395255978],[127.42504814779585,-1.661961815703698],[127.42506737228192,-1.6620339401173363],[127.42501010611089,-1.6620494234885566],[127.42499088160686,-1.6619772395255978]]]},"properties":{"feature_id":"bangunan-soligi-334","Pemilik":"","BLOK":"Dusun 1","No Rumah":null}},{"type":"Feature","geometry":{"bbox":[127.42389686859859,-1.6602306401150684,127.42406060505543,-1.6600594810946288],"type":"Polygon","coordinates":[[[127.42389686859859,-1.6601197880718899],[127.42398851218165,-1.6600594810946288],[127.42406060505543,-1.6601703328683124],[127.42396896156221,-1.6602306401150684],[127.42389686859859,-1.6601197880718899]]]},"properties":{"feature_id":"bangunan-soligi-335","Pemilik":"","BLOK":"Dusun 1","No Rumah":null}},{"type":"Feature","geometry":{"bbox":[127.42537300830989,-1.6627425581808746,127.42541365649258,-1.6626836853998972],"type":"Polygon","coordinates":[[[127.42537300830989,-1.662687257874018],[127.42540803580572,-1.6626836853998972],[127.42541365649258,-1.6627389856798043],[127.42537862899675,-1.6627425581808746],[127.42537300830989,-1.662687257874018]]]},"properties":{"feature_id":"bangunan-soligi-336","Pemilik":"","BLOK":"Dusun 1","No Rumah":null}},{"type":"Feature","geometry":{"bbox":[127.42339571865078,-1.6593613821323876,127.4235705350092,-1.6591788776324548],"type":"Polygon","coordinates":[[[127.42339571865078,-1.6592979624747006],[127.4234967309526,-1.6591788776324548],[127.4235705350092,-1.6592422376330236],[127.4234695228152,-1.6593613821323876],[127.42339571865078,-1.6592979624747006]]]},"properties":{"feature_id":"bangunan-soligi-337","Pemilik":"","BLOK":"Dusun 1","No Rumah":null}},{"type":"Feature","geometry":{"bbox":[127.42536665448097,-1.6626252925618266,127.42548167495856,-1.6625260854695079],"type":"Polygon","coordinates":[[[127.42536665448097,-1.662544138579396],[127.42546733813411,-1.6625260854695079],[127.42548167495856,-1.6626072392992246],[127.42538099131441,-1.6626252925618266],[127.42536665448097,-1.662544138579396]]]},"properties":{"feature_id":"bangunan-soligi-338","Pemilik":"","BLOK":"Dusun 1","No Rumah":null}},{"type":"Feature","geometry":{"bbox":[127.42525073776315,-1.6591818496726396,127.42533920267556,-1.6590410133385145],"type":"Polygon","coordinates":[[[127.42525073776315,-1.659052026522201],[127.42531843053597,-1.6590410133385145],[127.42533920267556,-1.6591708958047113],[127.42527150992069,-1.6591818496726396],[127.42525073776315,-1.659052026522201]]]},"properties":{"feature_id":"bangunan-soligi-339","Pemilik":"","BLOK":"Dusun 1","No Rumah":null}},{"type":"Feature","geometry":{"bbox":[127.42358446490584,-1.6593860035888859,127.42366405263064,-1.6593085584448366],"type":"Polygon","coordinates":[[[127.42358446490584,-1.65935485214384],[127.42363684455613,-1.6593085584448366],[127.42366405263064,-1.6593397098449667],[127.42361167299832,-1.6593860035888859],[127.42358446490584,-1.65935485214384]]]},"properties":{"feature_id":"bangunan-soligi-340","Pemilik":"","BLOK":"Dusun 1","No Rumah":null}},{"type":"Feature","geometry":{"bbox":[127.42361077692881,-1.6595510309158086,127.42375879204174,-1.6594060008686449],"type":"Polygon","coordinates":[[[127.42361077692881,-1.6594739716880051],[127.42370217650249,-1.6594060008686449],[127.42375879204174,-1.6594830617044325],[127.42366747399915,-1.6595510309158086],[127.42361077692881,-1.6594739716880051]]]},"properties":{"feature_id":"bangunan-soligi-341","Pemilik":"","BLOK":"Dusun 1","No Rumah":null}},{"type":"Feature","geometry":{"bbox":[127.42455409302963,-1.6629244207177563,127.42457787942122,-1.6628878740629787],"type":"Polygon","coordinates":[[[127.42455409302963,-1.6628890164325592],[127.42457608730018,-1.6628878740629787],[127.42457787942122,-1.662923337798681],[127.42455588515965,-1.6629244207177563],[127.42455409302963,-1.6628890164325592]]]},"properties":{"feature_id":"bangunan-soligi-342","Pemilik":"","BLOK":"Dusun 1","No Rumah":null}},{"type":"Feature","geometry":{"bbox":[127.42519860368529,-1.658981978169083,127.4252811221368,-1.6589014148199688],"type":"Polygon","coordinates":[[[127.42519860368529,-1.6589450778475785],[127.42525041192624,-1.6589014148199688],[127.4252811221368,-1.6589383150875745],[127.42522931392278,-1.658981978169083],[127.42519860368529,-1.6589450778475785]]]},"properties":{"feature_id":"bangunan-soligi-343","Pemilik":"","BLOK":"Dusun 1","No Rumah":null}},{"type":"Feature","geometry":{"bbox":[127.4248014059557,-1.659860251158865,127.42488025916406,-1.6597792926498403],"type":"Polygon","coordinates":[[[127.4248014059557,-1.659809734605475],[127.4248468606103,-1.6597792926498403],[127.42488025916406,-1.659829810945962],[127.42483488599568,-1.659860251158865],[127.4248014059557,-1.659809734605475]]]},"properties":{"feature_id":"bangunan-soligi-344","Pemilik":"","BLOK":"Dusun 1","No Rumah":null}},{"type":"Feature","geometry":{"bbox":[127.42419990293479,-1.6596519806409638,127.42425790290368,-1.6595948617666798],"type":"Polygon","coordinates":[[[127.42419990293479,-1.6596188595767754],[127.42423631583941,-1.6595948617666798],[127.42425790290368,-1.659627980998305],[127.4242214085488,-1.6596519806409638],[127.42419990293479,-1.6596188595767754]]]},"properties":{"feature_id":"bangunan-soligi-345","Pemilik":"","BLOK":"Dusun 1","No Rumah":null}},{"type":"Feature","geometry":{"bbox":[127.42392578725406,-1.660008272137784,127.4240335600521,-1.6599206754740685],"type":"Polygon","coordinates":[[[127.42392578725406,-1.659975597554258],[127.42401327629061,-1.6599206754740685],[127.4240335600521,-1.6599532887116437],[127.42394598957426,-1.660008272137784],[127.42392578725406,-1.659975597554258]]]},"properties":{"feature_id":"bangunan-soligi-346","Pemilik":"","BLOK":"Dusun 1","No Rumah":null}},{"type":"Feature","geometry":{"bbox":[127.42410206860299,-1.6595932678409553,127.42419745911299,-1.6594946220519586],"type":"Polygon","coordinates":[[[127.42410206860299,-1.6595312948930838],[127.42414426527463,-1.6594946220519586],[127.42419745911299,-1.6595566543874536],[127.42415526246829,-1.6595932678409553],[127.42410206860299,-1.6595312948930838]]]},"properties":{"feature_id":"bangunan-soligi-347","Pemilik":"","BLOK":"Dusun 1","No Rumah":null}},{"type":"Feature","geometry":{"bbox":[127.42437357686075,-1.659874486734223,127.42449853711614,-1.659739229450052],"type":"Polygon","coordinates":[[[127.42437357686075,-1.6597815129258966],[127.42444086318184,-1.659739229450052],[127.42449853711614,-1.6598322030966814],[127.42443125084895,-1.659874486734223],[127.42437357686075,-1.6597815129258966]]]},"properties":{"feature_id":"bangunan-soligi-348","Pemilik":"","BLOK":"Dusun 1","No Rumah":null}},{"type":"Feature","geometry":{"bbox":[127.42415982427501,-1.659554958197517,127.42428812478104,-1.6594265922043012],"type":"Polygon","coordinates":[[[127.42415982427501,-1.6594851198884792],[127.42423297595708,-1.6594265922043012],[127.42428812478104,-1.6594964303696087],[127.42421497315284,-1.659554958197517],[127.42415982427501,-1.6594851198884792]]]},"properties":{"feature_id":"bangunan-soligi-349","Pemilik":"","BLOK":"Dusun 1","No Rumah":null}},{"type":"Feature","geometry":{"bbox":[127.42461934267233,-1.6589701816904014,127.42475090074807,-1.6588249792026357],"type":"Polygon","coordinates":[[[127.42461934267233,-1.6588647863107029],[127.42467155863162,-1.6588249792026357],[127.42475090074807,-1.6589303149701318],[127.42469868485165,-1.6589701816904014],[127.42461934267233,-1.6588647863107029]]]},"properties":{"feature_id":"bangunan-soligi-350","Pemilik":"","BLOK":"Dusun 1","No Rumah":null}},{"type":"Feature","geometry":{"bbox":[127.42414141414768,-1.6597341149728302,127.42424975684594,-1.6596188595767754],"type":"Polygon","coordinates":[[[127.42414141414768,-1.6596574396041308],[127.42419990293479,-1.6596188595767754],[127.42424975684594,-1.659695534828694],[127.42419126810371,-1.6597341149728302],[127.42414141414768,-1.6596574396041308]]]},"properties":{"feature_id":"bangunan-soligi-351","Pemilik":"","BLOK":"Dusun 1","No Rumah":null}},{"type":"Feature","geometry":{"bbox":[127.42443173961334,-1.6599681995056852,127.42454537678422,-1.6598398401330525],"type":"Polygon","coordinates":[[[127.42443173961334,-1.659874892161877],[127.4244893320974,-1.6598398401330525],[127.42454537678422,-1.6599332068016022],[127.42448778434509,-1.6599681995056852],[127.42443173961334,-1.659874892161877]]]},"properties":{"feature_id":"bangunan-soligi-352","Pemilik":"","BLOK":"Dusun 1","No Rumah":null}},{"type":"Feature","geometry":{"bbox":[127.42413554897531,-1.6581200107156189,127.42423818943763,-1.658016863783144],"type":"Polygon","coordinates":[[[127.42413554897531,-1.6580811969556097],[127.42419982146659,-1.658016863783144],[127.42423818943763,-1.6580556756746574],[127.42417383551408,-1.6581200107156189],[127.42413554897531,-1.6580811969556097]]]},"properties":{"feature_id":"bangunan-soligi-353","Pemilik":"","BLOK":"Dusun 1","No Rumah":null}},{"type":"Feature","geometry":{"bbox":[127.4258442121333,-1.662075773890668,127.42593243297704,-1.6619514919262155],"type":"Polygon","coordinates":[[[127.4258442121333,-1.6619573393626597],[127.42593243297704,-1.6619514919262155],[127.42593233454431,-1.662075773890668],[127.42585000414746,-1.6620697896620222],[127.4258442121333,-1.6619573393626597]]]},"properties":{"feature_id":"bangunan-soligi-354","Pemilik":"","BLOK":"Dusun 1","No Rumah":null}},{"type":"Feature","geometry":{"bbox":[127.42579736506568,-1.661791611217483,127.4258855249694,-1.6616791986495494],"type":"Polygon","coordinates":[[[127.42579736506568,-1.6617028195249153],[127.42586207565004,-1.6616791986495494],[127.4258855249694,-1.661773908532515],[127.42582081906741,-1.661791611217483],[127.42579736506568,-1.6617028195249153]]]},"properties":{"feature_id":"bangunan-soligi-355","Pemilik":"","BLOK":"Dusun 1","No Rumah":null}},{"type":"Feature","geometry":{"bbox":[127.4245891978226,-1.664995374198486,127.42465382393611,-1.6649124675900586],"type":"Polygon","coordinates":[[[127.4245891978226,-1.6649124675900586],[127.42464800864512,-1.6649125148802368],[127.42465382393611,-1.664995374198486],[127.42459501311097,-1.66499532690613],[127.4245891978226,-1.6649124675900586]]]},"properties":{"feature_id":"bangunan-soligi-356","Pemilik":"","BLOK":"Dusun 1","No Rumah":null}},{"type":"Feature","geometry":{"bbox":[127.42428866557417,-1.6657185860356118,127.4243592009592,-1.6656520466889142],"type":"Polygon","coordinates":[[[127.42428866557417,-1.6656638357364424],[127.42434748581498,-1.6656520466889142],[127.4243592009592,-1.665711237993386],[127.4242974437011,-1.6657185860356118],[127.42428866557417,-1.6656638357364424]]]},"properties":{"feature_id":"bangunan-soligi-357","Pemilik":"","BLOK":"Dusun 1","No Rumah":null}},{"type":"Feature","geometry":{"bbox":[127.42251006266818,-1.657440901141354,127.42269881128581,-1.657240565047099],"type":"Polygon","coordinates":[[[127.42251006266818,-1.6573755544356858],[127.42261808200888,-1.657240565047099],[127.42269881128581,-1.6573059710056433],[127.42259079207089,-1.657440901141354],[127.42251006266818,-1.6573755544356858]]]},"properties":{"feature_id":"bangunan-soligi-358","Pemilik":"","BLOK":"Dusun 2","No Rumah":null}},{"type":"Feature","geometry":{"bbox":[127.42313732200529,-1.6588149190146848,127.42331881886497,-1.6586191851962424],"type":"Polygon","coordinates":[[[127.42313732200529,-1.6587573270246896],[127.42324778424252,-1.6586191851962424],[127.42331881886497,-1.6586767788032049],[127.42320843819476,-1.6588149190146848],[127.42313732200529,-1.6587573270246896]]]},"properties":{"feature_id":"bangunan-soligi-359","Pemilik":"","BLOK":"Dusun 2","No Rumah":null}},{"type":"Feature","geometry":{"bbox":[127.42333274880652,-1.6583265331838424,127.42350422540835,-1.6581611681802044],"type":"Polygon","coordinates":[[[127.42333274880652,-1.658272001367745],[127.42340981150181,-1.6581684953966171],[127.42343946350594,-1.658190791689767],[127.42346145812685,-1.6581611681802044],[127.42350422540835,-1.6581933422853363],[127.42340508673173,-1.6583265331838424],[127.42333274880652,-1.658272001367745]]]},"properties":{"feature_id":"bangunan-soligi-360","Pemilik":"","BLOK":"Dusun 2","No Rumah":null}},{"type":"Feature","geometry":{"bbox":[127.42327425930971,-1.6580447635424571,127.42337038408465,-1.6579588895240631],"type":"Polygon","coordinates":[[[127.42327425930971,-1.657989480492237],[127.42329698712659,-1.6579588895240631],[127.42337038408465,-1.65801417074172],[127.42334757482655,-1.6580447635424571],[127.42327425930971,-1.657989480492237]]]},"properties":{"feature_id":"bangunan-soligi-361","Pemilik":"","BLOK":"Dusun 2","No Rumah":null}},{"type":"Feature","geometry":{"bbox":[127.42250346420107,-1.6573228837312277,127.42255934753253,-1.6572651877073399],"type":"Polygon","coordinates":[[[127.42250346420107,-1.6573026811415108],[127.42253718971469,-1.6572651877073399],[127.42255934753253,-1.6572853308106188],[127.42252562202789,-1.6573228837312277],[127.42250346420107,-1.6573026811415108]]]},"properties":{"feature_id":"bangunan-soligi-362","Pemilik":"","BLOK":"Dusun 2","No Rumah":null}},{"type":"Feature","geometry":{"bbox":[127.42320803088965,-1.6583777623887135,127.4232728744579,-1.6583116698657638],"type":"Polygon","coordinates":[[[127.42320803088965,-1.6583527180053792],[127.42324648084991,-1.6583116698657638],[127.4232728744579,-1.6583367142131658],[127.4232344245066,-1.6583777623887135],[127.42320803088965,-1.6583527180053792]]]},"properties":{"feature_id":"bangunan-soligi-363","Pemilik":"","BLOK":"Dusun 2","No Rumah":null}},{"type":"Feature","geometry":{"bbox":[127.4233711172447,-1.6559101225797053,127.42351872554653,-1.6557683558963732],"type":"Polygon","coordinates":[[[127.4233711172447,-1.655850086471452],[127.4234695228152,-1.6557683558963732],[127.42351872554653,-1.65582839184293],[127.42342032004792,-1.6559101225797053],[127.4233711172447,-1.655850086471452]]]},"properties":{"feature_id":"bangunan-soligi-364","Pemilik":"","BLOK":"Dusun 2","No Rumah":null}},{"type":"Feature","geometry":{"bbox":[127.42290564400517,-1.6574630671787876,127.4232761329259,-1.6571427993914851],"type":"Polygon","coordinates":[[[127.42290564400517,-1.6572970549569537],[127.42293912494347,-1.657199035383542],[127.42295981632448,-1.6572061887489975],[127.42298148523425,-1.6571427993914851],[127.4232761329259,-1.6572446796275442],[127.42320151394463,-1.6574630671787876],[127.42290694739778,-1.6573611851999968],[127.42292633539519,-1.6573042677818983],[127.42290564400517,-1.6572970549569537]]]},"properties":{"feature_id":"bangunan-soligi-365","Pemilik":"","BLOK":"Dusun 2","No Rumah":null}},{"type":"Feature","geometry":{"bbox":[127.42214209509389,-1.658286637969012,127.42227870847482,-1.658146019575158],"type":"Polygon","coordinates":[[[127.42214209509389,-1.658241626929487],[127.42218999534893,-1.658146019575158],[127.42227870847482,-1.658191032375381],[127.42223088975089,-1.658286637969012],[127.42214209509389,-1.658241626929487]]]},"properties":{"feature_id":"bangunan-soligi-366","Pemilik":"","BLOK":"Dusun 2","No Rumah":null}},{"type":"Feature","geometry":{"bbox":[127.42215309261096,-1.6583216389375959,127.42223284486222,-1.6582558131603864],"type":"Polygon","coordinates":[[[127.42215309261096,-1.658289846508662],[127.42217011838055,-1.6582558131603864],[127.42223284486222,-1.658287665048809],[127.42221581910162,-1.6583216389375959],[127.42215309261096,-1.658289846508662]]]},"properties":{"feature_id":"bangunan-soligi-367","Pemilik":"","BLOK":"Dusun 2","No Rumah":null}},{"type":"Feature","geometry":{"bbox":[127.42322888510827,-1.6586603330039387,127.42335653561133,-1.6585312127762266],"type":"Polygon","coordinates":[[[127.42322888510827,-1.6586046782488204],[127.42328656003072,-1.6585312127762266],[127.42335653561133,-1.6585868674415136],[127.42329886074278,-1.6586603330039387],[127.42322888510827,-1.6586046782488204]]]},"properties":{"feature_id":"bangunan-soligi-368","Pemilik":"","BLOK":"Dusun 2","No Rumah":null}},{"type":"Feature","geometry":{"bbox":[127.42320200271797,-1.6561040681847934,127.42332712794897,-1.6559578423721886],"type":"Polygon","coordinates":[[[127.42320200271797,-1.6560096663066937],[127.42326814967882,-1.6559578423721886],[127.42332712794897,-1.6560340733083843],[127.42323784590204,-1.6561040681847934],[127.42321202251766,-1.6560707472454543],[127.42323515766661,-1.6560525764562637],[127.42320200271797,-1.6560096663066937]]]},"properties":{"feature_id":"bangunan-soligi-369","Pemilik":"","BLOK":"Dusun 2","No Rumah":null}},{"type":"Feature","geometry":{"bbox":[127.42244163404041,-1.6573058073954805,127.42258346044376,-1.657147349061955],"type":"Polygon","coordinates":[[[127.42244163404041,-1.6572613552428095],[127.42251772015919,-1.657147349061955],[127.42258346044376,-1.6571917993101977],[127.42250729293758,-1.6573058073954805],[127.42244163404041,-1.6572613552428095]]]},"properties":{"feature_id":"bangunan-soligi-370","Pemilik":"","BLOK":"Dusun 2","No Rumah":null}},{"type":"Feature","geometry":{"bbox":[127.4232046909534,-1.6579649045354077,127.42336761439,-1.6577866237342778],"type":"Polygon","coordinates":[[[127.4232046909534,-1.65791449189913],[127.42330252652489,-1.6577866237342778],[127.42336761439,-1.657836974961723],[127.42326969744911,-1.6579649045354077],[127.4232046909534,-1.65791449189913]]]},"properties":{"feature_id":"bangunan-soligi-371","Pemilik":"","BLOK":"Dusun 2","No Rumah":null}},{"type":"Feature","geometry":{"bbox":[127.4233778785584,-1.6573147497648077,127.42352907114723,-1.65715618155834],"type":"Polygon","coordinates":[[[127.4233778785584,-1.6572580077607348],[127.42345714066191,-1.65715618155834],[127.42352907114723,-1.6572129216310352],[127.42344972766536,-1.6573147497648077],[127.4233778785584,-1.6572580077607348]]]},"properties":{"feature_id":"bangunan-soligi-372","Pemilik":"","BLOK":"Dusun 2","No Rumah":null}},{"type":"Feature","geometry":{"bbox":[127.42358283567631,-1.657923848562483,127.42365321827458,-1.6578459314615497],"type":"Polygon","coordinates":[[[127.42358283567631,-1.657904637146901],[127.42362926865012,-1.6578459314615497],[127.42365321827458,-1.657865142850182],[127.42360678531874,-1.657923848562483],[127.42358283567631,-1.657904637146901]]]},"properties":{"feature_id":"bangunan-soligi-373","Pemilik":"","BLOK":"Dusun 2","No Rumah":null}},{"type":"Feature","geometry":{"bbox":[127.42206511249239,-1.6581959390722776,127.42216914082488,-1.6580882076775816],"type":"Polygon","coordinates":[[[127.42206511249239,-1.6581640061468332],[127.4220992455267,-1.6580882076775816],[127.42216914082488,-1.6581201387704627],[127.42213492634927,-1.6581959390722776],[127.42206511249239,-1.6581640061468332]]]},"properties":{"feature_id":"bangunan-soligi-374","Pemilik":"","BLOK":"Dusun 2","No Rumah":null}},{"type":"Feature","geometry":{"bbox":[127.4231562211575,-1.6578448058185997,127.42318864297307,-1.6578179795640173],"type":"Polygon","coordinates":[[[127.4231562211575,-1.657840939236055],[127.42315923524782,-1.6578179795640173],[127.42318864297307,-1.6578218479521758],[127.42318571035095,-1.6578448058185997],[127.4231562211575,-1.657840939236055]]]},"properties":{"feature_id":"bangunan-soligi-375","Pemilik":"","BLOK":"Dusun 2","No Rumah":null}},{"type":"Feature","geometry":{"bbox":[127.42335563953286,-1.6561866830614378,127.42352605707488,-1.6560236277072438],"type":"Polygon","coordinates":[[[127.42335563953286,-1.6560654320666317],[127.42341233680982,-1.6560236277072438],[127.423477750422,-1.6561134513843803],[127.42350324787064,-1.6560946932676737],[127.42352605707488,-1.6561261185731173],[127.42344378097089,-1.6561866830614378],[127.42335563953286,-1.6560654320666317]]]},"properties":{"feature_id":"bangunan-soligi-376","Pemilik":"","BLOK":"Dusun 2","No Rumah":null}},{"type":"Feature","geometry":{"bbox":[127.42254525451081,-1.6575089096091082,127.42258362337121,-1.6574675925677955],"type":"Polygon","coordinates":[[[127.42254525451081,-1.6575063060488695],[127.42254810570063,-1.6574675925677955],[127.42258362337121,-1.657470255605489],[127.42258077218136,-1.6575089096091082],[127.42254525451081,-1.6575063060488695]]]},"properties":{"feature_id":"bangunan-soligi-377","Pemilik":"","BLOK":"Dusun 2","No Rumah":null}},{"type":"Feature","geometry":{"bbox":[127.42190006800766,-1.6581806143974354,127.42196157278053,-1.6581017871414223],"type":"Polygon","coordinates":[[[127.42190006800766,-1.6581657560560235],[127.42192898748058,-1.6581017871414223],[127.42196157278053,-1.658116645473851],[127.42193265332557,-1.6581806143974354],[127.42190006800766,-1.6581657560560235]]]},"properties":{"feature_id":"bangunan-soligi-378","Pemilik":"","BLOK":"Dusun 2","No Rumah":null}},{"type":"Feature","geometry":{"bbox":[127.42382501994081,-1.6575805703752788,127.4238843235987,-1.657519781155424],"type":"Polygon","coordinates":[[[127.42382501994081,-1.6575562436829747],[127.42385247233011,-1.657519781155424],[127.4238843235987,-1.6575441096263923],[127.42385695268658,-1.6575805703752788],[127.42382501994081,-1.6575562436829747]]]},"properties":{"feature_id":"bangunan-soligi-379","Pemilik":"","BLOK":"Dusun 2","No Rumah":null}},{"type":"Feature","geometry":{"bbox":[127.42352850092364,-1.657689367010205,127.4236201449828,-1.6575991025926409],"type":"Polygon","coordinates":[[[127.42352850092364,-1.6576516993388017],[127.42356222595215,-1.6575991025926409],[127.4236201449828,-1.657636768422498],[127.42358633852203,-1.657689367010205],[127.42352850092364,-1.6576516993388017]]]},"properties":{"feature_id":"bangunan-soligi-380","Pemilik":"","BLOK":"Dusun 2","No Rumah":null}},{"type":"Feature","geometry":{"bbox":[127.42365826887259,-1.6583247728002959,127.42377801686916,-1.6582198888494548],"type":"Polygon","coordinates":[[[127.42365826887259,-1.6582690180087873],[127.42368840955126,-1.6582198888494548],[127.42377801686916,-1.6582756435870647],[127.42374787623542,-1.6583247728002959],[127.42365826887259,-1.6582690180087873]]]},"properties":{"feature_id":"bangunan-soligi-381","Pemilik":"","BLOK":"Dusun 2","No Rumah":null}},{"type":"Feature","geometry":{"bbox":[127.42358470929251,-1.6556775834815156,127.42368010050319,-1.6555886473578463],"type":"Polygon","coordinates":[[[127.42358470929251,-1.6556375585409753],[127.42365093736225,-1.6555886473578463],[127.42368010050319,-1.655628612767033],[127.4236138724604,-1.6556775834815156],[127.42358470929251,-1.6556375585409753]]]},"properties":{"feature_id":"bangunan-soligi-382","Pemilik":"","BLOK":"Dusun 2","No Rumah":null}},{"type":"Feature","geometry":{"bbox":[127.42333030495774,-1.6563629486449414,127.42340394626657,-1.6563008768913718],"type":"Polygon","coordinates":[[[127.42333030495774,-1.656324699754566],[127.42338855002296,-1.6563008768913718],[127.42340394626657,-1.656339066277343],[127.42334570121037,-1.6563629486449414],[127.42333030495774,-1.656324699754566]]]},"properties":{"feature_id":"bangunan-soligi-383","Pemilik":"","BLOK":"Dusun 2","No Rumah":null}},{"type":"Feature","geometry":{"bbox":[127.42332786110899,-1.6575265010657887,127.4234228453559,-1.657425061543208],"type":"Polygon","coordinates":[[[127.42332786110899,-1.6574927973992226],[127.4233739683986,-1.657425061543208],[127.4234228453559,-1.657458765155875],[127.42337673809327,-1.6575265010657887],[127.42332786110899,-1.6574927973992226]]]},"properties":{"feature_id":"bangunan-soligi-384","Pemilik":"","BLOK":"Dusun 2","No Rumah":null}},{"type":"Feature","geometry":{"bbox":[127.42324265214934,-1.658087205777562,127.42334757482655,-1.657989480492237],"type":"Polygon","coordinates":[[[127.42324265214934,-1.65803192266446],[127.42327425930971,-1.657989480492237],[127.42334757482655,-1.6580447635424571],[127.42331596770207,-1.658087205777562],[127.42324265214934,-1.65803192266446]]]},"properties":{"feature_id":"bangunan-soligi-385","Pemilik":"","BLOK":"Dusun 2","No Rumah":null}},{"type":"Feature","geometry":{"bbox":[127.42345909573731,-1.6576683057029418,127.42350642487047,-1.6576202299979428],"type":"Polygon","coordinates":[[[127.42345909573731,-1.6576475266912563],[127.4234834527298,-1.6576202299979428],[127.42350642487047,-1.6576409495411564],[127.42348206788695,-1.6576683057029418],[127.42345909573731,-1.6576475266912563]]]},"properties":{"feature_id":"bangunan-soligi-386","Pemilik":"","BLOK":"Dusun 2","No Rumah":null}},{"type":"Feature","geometry":{"bbox":[127.4227322923229,-1.6583344096302197,127.4229023855192,-1.6581879063639564],"type":"Polygon","coordinates":[[[127.4227322923229,-1.6582837459597357],[127.42280683033903,-1.6581879063639564],[127.4229023855192,-1.6582630935476235],[127.42284878339655,-1.658332008684994],[127.42281766482087,-1.658307485019097],[127.42279672901721,-1.6583344096302197],[127.4227322923229,-1.6582837459597357]]]},"properties":{"feature_id":"bangunan-soligi-387","Pemilik":"","BLOK":"Dusun 2","No Rumah":null}},{"type":"Feature","geometry":{"bbox":[127.42267143991556,-1.657213992791163,127.42281456926231,-1.657065968102202],"type":"Polygon","coordinates":[[[127.42267143991556,-1.6571564953398688],[127.42273718006534,-1.657065968102202],[127.42280047628552,-1.6571125533853637],[127.42279974312552,-1.657113580447194],[127.42281456926231,-1.6571244907019154],[127.42274948088517,-1.657213992791163],[127.42267143991556,-1.6571564953398688]]]},"properties":{"feature_id":"bangunan-soligi-388","Pemilik":"","BLOK":"Dusun 2","No Rumah":null}},{"type":"Feature","geometry":{"bbox":[127.42359122620157,-1.6581807107776823,127.42369867366575,-1.6580670223848426],"type":"Polygon","coordinates":[[[127.42359122620157,-1.658142241144292],[127.42363953277362,-1.6580670223848426],[127.42369867366575,-1.6581054937699478],[127.42365044858892,-1.6581807107776823],[127.42359122620157,-1.658142241144292]]]},"properties":{"feature_id":"bangunan-soligi-389","Pemilik":"","BLOK":"Dusun 2","No Rumah":null}},{"type":"Feature","geometry":{"bbox":[127.42217215495113,-1.6577710710490503,127.42234436752472,-1.6575682616862053],"type":"Polygon","coordinates":[[[127.42217215495113,-1.6577238688748168],[127.42222583904507,-1.6576396116173218],[127.4222089762209,-1.6576287462693815],[127.4222356146018,-1.6575870087805833],[127.42225247742597,-1.6575978146600516],[127.42227129535253,-1.6575682616862053],[127.42234436752472,-1.6576154637256915],[127.42224522722215,-1.6577710710490503],[127.42217215495113,-1.6577238688748168]]]},"properties":{"feature_id":"bangunan-soligi-390","Pemilik":"","BLOK":"Dusun 2","No Rumah":null}},{"type":"Feature","geometry":{"bbox":[127.42407640845146,-1.6578524403127386,127.4242029169802,-1.6577257404158967],"type":"Polygon","coordinates":[[[127.42407640845146,-1.657787694436265],[127.42414605741361,-1.6577257404158967],[127.4242029169802,-1.6577904843609923],[127.42413318661274,-1.6578524403127386],[127.42407640845146,-1.657787694436265]]]},"properties":{"feature_id":"bangunan-soligi-391","Pemilik":"","BLOK":"Dusun 2","No Rumah":null}},{"type":"Feature","geometry":{"bbox":[127.42371610637217,-1.6578544184299435,127.42385817460197,-1.6577146277707417],"type":"Polygon","coordinates":[[[127.42371610637217,-1.6577856183128623],[127.42377223312907,-1.6577146277707417],[127.42385817460197,-1.6577833665149229],[127.42380196644872,-1.6578544184299435],[127.42371610637217,-1.6577856183128623]]]},"properties":{"feature_id":"bangunan-soligi-392","Pemilik":"","BLOK":"Dusun 2","No Rumah":null}},{"type":"Feature","geometry":{"bbox":[127.4232325508904,-1.6576215305159294,127.42331963347523,-1.6575219068029479],"type":"Polygon","coordinates":[[[127.4232325508904,-1.6575958126117274],[127.42328069478653,-1.6575219068029479],[127.42331963347523,-1.657547624671217],[127.42327148960607,-1.6576215305159294],[127.4232325508904,-1.6575958126117274]]]},"properties":{"feature_id":"bangunan-soligi-393","Pemilik":"","BLOK":"Dusun 2","No Rumah":null}},{"type":"Feature","geometry":{"bbox":[127.42290271137409,-1.658024727150051,127.42307117491868,-1.6578291148377342],"type":"Polygon","coordinates":[[[127.42290271137409,-1.65797748569249],[127.42299997712624,-1.6578291148377342],[127.42307117491868,-1.6578763579751445],[127.42297399072457,-1.658024727150051],[127.42290271137409,-1.65797748569249]]]},"properties":{"feature_id":"bangunan-soligi-394","Pemilik":"","BLOK":"Dusun 2","No Rumah":null}},{"type":"Feature","geometry":{"bbox":[127.42361770114302,-1.6579610836501615,127.42377989047638,-1.657799599143972],"type":"Polygon","coordinates":[[[127.42361770114302,-1.6579099901807297],[127.42370502763842,-1.657799599143972],[127.42375317122011,-1.6578381948289629],[127.42376416847667,-1.6578242157855008],[127.42377989047638,-1.6578367116295805],[127.42368148533704,-1.6579610836501615],[127.42361770114302,-1.6579099901807297]]]},"properties":{"feature_id":"bangunan-soligi-395","Pemilik":"","BLOK":"Dusun 2","No Rumah":null}},{"type":"Feature","geometry":{"bbox":[127.42310278215093,-1.6563447521280013,127.42320118809872,-1.6562351751265878],"type":"Polygon","coordinates":[[[127.42310278215093,-1.6562662269394857],[127.42314913397989,-1.6562351751265878],[127.42320118809872,-1.6563136407568],[127.42315483630567,-1.6563447521280013],[127.42310278215093,-1.6562662269394857]]]},"properties":{"feature_id":"bangunan-soligi-396","Pemilik":"","BLOK":"Dusun 2","No Rumah":null}},{"type":"Feature","geometry":{"bbox":[127.42302848883588,-1.6587486696818188,127.42322823341645,-1.6585346781082835],"type":"Polygon","coordinates":[[[127.42302848883588,-1.6586902233580563],[127.42317300229786,-1.6585346781082835],[127.42322082039298,-1.6585796442500107],[127.42321389613387,-1.6585870520992034],[127.42322823341645,-1.6586004707646083],[127.4230905628622,-1.6587486696818188],[127.42302848883588,-1.6586902233580563]]]},"properties":{"feature_id":"bangunan-soligi-397","Pemilik":"","BLOK":"Dusun 2","No Rumah":null}},{"type":"Feature","geometry":{"bbox":[127.42213240099636,-1.6578514364633747,127.42223488143281,-1.657748792883903],"type":"Polygon","coordinates":[[[127.42213240099636,-1.6578194729682614],[127.42216368279595,-1.657748792883903],[127.42223488143281,-1.6577807545644196],[127.42220351820094,-1.6578514364633747],[127.42213240099636,-1.6578194729682614]]]},"properties":{"feature_id":"bangunan-soligi-398","Pemilik":"","BLOK":"Dusun 2","No Rumah":null}},{"type":"Feature","geometry":{"bbox":[127.4231605386404,-1.6581974813718225,127.42331596770207,-1.65803192266446],"type":"Polygon","coordinates":[[[127.4231605386404,-1.6581421999295867],[127.42324265214934,-1.65803192266446],[127.42331596770207,-1.658087205777562],[127.42323393574223,-1.6581974813718225],[127.4231605386404,-1.6581421999295867]]]},"properties":{"feature_id":"bangunan-soligi-399","Pemilik":"","BLOK":"Dusun 2","No Rumah":null}},{"type":"Feature","geometry":{"bbox":[127.4233544990677,-1.6572369963369191,127.42343009543399,-1.65715868616915],"type":"Polygon","coordinates":[[[127.4233544990677,-1.6572072099897452],[127.42339229726433,-1.65715868616915],[127.42343009543399,-1.6571884724803914],[127.42339229726433,-1.6572369963369191],[127.4233544990677,-1.6572072099897452]]]},"properties":{"feature_id":"bangunan-soligi-400","Pemilik":"","BLOK":"Dusun 2","No Rumah":null}},{"type":"Feature","geometry":{"bbox":[127.42394297551989,-1.6577514001272342,127.42410426803812,-1.657587288300367],"type":"Polygon","coordinates":[[[127.42394297551989,-1.6576918220250283],[127.42404243928782,-1.657587288300367],[127.42410426803812,-1.657646986947501],[127.42400488581926,-1.6577514001272342],[127.42394297551989,-1.6576918220250283]]]},"properties":{"feature_id":"bangunan-soligi-401","Pemilik":"","BLOK":"Dusun 2","No Rumah":null}},{"type":"Feature","geometry":{"bbox":[127.42375577797836,-1.6579710914663315,127.42387153421213,-1.6578583519549435],"type":"Polygon","coordinates":[[[127.42375577797836,-1.6579128807616847],[127.42379887092612,-1.6578583519549435],[127.42387153421213,-1.6579165625787418],[127.4238284413093,-1.6579710914663315],[127.42375577797836,-1.6579128807616847]]]},"properties":{"feature_id":"bangunan-soligi-402","Pemilik":"","BLOK":"Dusun 2","No Rumah":null}},{"type":"Feature","geometry":{"bbox":[127.42318237041472,-1.6564313550843326,127.42329193650163,-1.6563152178211464],"type":"Polygon","coordinates":[[[127.42318237041472,-1.6563519326135954],[127.42324819154764,-1.6563152178211464],[127.42329193650163,-1.6563945806976477],[127.42322611540462,-1.6564313550843326],[127.42318237041472,-1.6563519326135954]]]},"properties":{"feature_id":"bangunan-soligi-403","Pemilik":"","BLOK":"Dusun 2","No Rumah":null}},{"type":"Feature","geometry":{"bbox":[127.42337347962524,-1.6580926765356085,127.42346390196663,-1.6580129686251903],"type":"Polygon","coordinates":[[[127.42337347962524,-1.658038065604884],[127.4233924601828,-1.6580129686251903],[127.42346390196663,-1.658067579519982],[127.42344492143604,-1.6580926765356085],[127.42337347962524,-1.658038065604884]]]},"properties":{"feature_id":"bangunan-soligi-404","Pemilik":"","BLOK":"Dusun 2","No Rumah":null}},{"type":"Feature","geometry":{"bbox":[127.42363252710017,-1.6577398637377767,127.42369622982599,-1.6576751371481326],"type":"Polygon","coordinates":[[[127.42363252710017,-1.657718492089532],[127.42365435873074,-1.6576751371481326],[127.42369622982599,-1.6576965682468825],[127.42367439821336,-1.6577398637377767],[127.42363252710017,-1.657718492089532]]]},"properties":{"feature_id":"bangunan-soligi-405","Pemilik":"","BLOK":"Dusun 2","No Rumah":null}},{"type":"Feature","geometry":{"bbox":[127.42366079417161,-1.6582570230293774,127.42383112952679,-1.6580869086957144],"type":"Polygon","coordinates":[[[127.42366079417161,-1.658184406320997],[127.42372971039595,-1.6580869086957144],[127.42383112952679,-1.6581594081380178],[127.42376229486946,-1.6582570230293774],[127.42366079417161,-1.658184406320997]]]},"properties":{"feature_id":"bangunan-soligi-406","Pemilik":"","BLOK":"Dusun 2","No Rumah":null}},{"type":"Feature","geometry":{"bbox":[127.42193265332557,-1.658222870357883,127.42208808508221,-1.6580409064910375],"type":"Polygon","coordinates":[[[127.42193265332557,-1.6581806143974354],[127.42199570587773,-1.6580409064910375],[127.42208808508221,-1.6580831029470806],[127.42202503261987,-1.658222870357883],[127.42193265332557,-1.6581806143974354]]]},"properties":{"feature_id":"bangunan-soligi-407","Pemilik":"","BLOK":"Dusun 2","No Rumah":null}},{"type":"Feature","geometry":{"bbox":[127.42285937349169,-1.6576709116796484,127.4229383103242,-1.6575854879956893],"type":"Polygon","coordinates":[[[127.42285937349169,-1.6576440277981406],[127.4229010006674,-1.6575854879956893],[127.4229383103242,-1.6576123718412645],[127.4228966831665,-1.6576709116796484],[127.42285937349169,-1.6576440277981406]]]},"properties":{"feature_id":"bangunan-soligi-408","Pemilik":"","BLOK":"Dusun 2","No Rumah":null}},{"type":"Feature","geometry":{"bbox":[127.42348557072367,-1.6577749416560477,127.42361533876246,-1.6576516993388017],"type":"Polygon","coordinates":[[[127.42348557072367,-1.6577184139630519],[127.42352850092364,-1.6576516993388017],[127.42361533876246,-1.6577081693060574],[127.42357249008461,-1.6577749416560477],[127.42348557072367,-1.6577184139630519]]]},"properties":{"feature_id":"bangunan-soligi-409","Pemilik":"","BLOK":"Dusun 2","No Rumah":null}},{"type":"Feature","geometry":{"bbox":[127.42252822883107,-1.6577261813898865,127.42262068881203,-1.6576374527680646],"type":"Polygon","coordinates":[[[127.42252822883107,-1.6576860211810305],[127.4225599177741,-1.6576374527680646],[127.42262068881203,-1.657677612940988],[127.42258899989598,-1.6577261813898865],[127.42252822883107,-1.6576860211810305]]]},"properties":{"feature_id":"bangunan-soligi-410","Pemilik":"","BLOK":"Dusun 2","No Rumah":null}},{"type":"Feature","geometry":{"bbox":[127.422075947082,-1.6582486727935528,127.42213044588503,-1.6581969379539576],"type":"Polygon","coordinates":[[[127.422075947082,-1.6582363121099906],[127.42208710752654,-1.6581969379539576],[127.42213044588503,-1.6582092986375199],[127.4221192854405,-1.6582486727935528],[127.422075947082,-1.6582363121099906]]]},"properties":{"feature_id":"bangunan-soligi-411","Pemilik":"","BLOK":"Dusun 2","No Rumah":null}},{"type":"Feature","geometry":{"bbox":[127.42366910322866,-1.6578052627253945,127.42369956973526,-1.6577695782107449],"type":"Polygon","coordinates":[[[127.42366910322866,-1.6577720308001167],[127.42369663713113,-1.6577695782107449],[127.42369956973526,-1.6578027524641814],[127.42367211729204,-1.6578052627253945],[127.42366910322866,-1.6577720308001167]]]},"properties":{"feature_id":"bangunan-soligi-412","Pemilik":"","BLOK":"Dusun 2","No Rumah":null}},{"type":"Feature","geometry":{"bbox":[127.42236758442034,-1.6575946009191564,127.42251706845843,-1.6574285713418713],"type":"Polygon","coordinates":[[[127.42236758442034,-1.6575479953340695],[127.4224519798028,-1.6574285713418713],[127.42251706845843,-1.6574751768101776],[127.42243267314782,-1.6575946009191564],[127.42236758442034,-1.6575479953340695]]]},"properties":{"feature_id":"bangunan-soligi-413","Pemilik":"","BLOK":"Dusun 2","No Rumah":null}},{"type":"Feature","geometry":{"bbox":[127.4235005596442,-1.6562356968950542,127.42360621509516,-1.6561156989961705],"type":"Polygon","coordinates":[[[127.4235005596442,-1.656144876716773],[127.42354014990794,-1.6561156989961705],[127.42360621509516,-1.6562065785441087],[127.42356662486736,-1.6562356968950542],[127.4235005596442,-1.656144876716773]]]},"properties":{"feature_id":"bangunan-soligi-414","Pemilik":"","BLOK":"Dusun 2","No Rumah":null}},{"type":"Feature","geometry":{"bbox":[127.42377712079967,-1.658120578585626,127.42394069460754,-1.6579627270640749],"type":"Polygon","coordinates":[[[127.42377712079967,-1.6580401329607295],[127.42383560988323,-1.6579627270640749],[127.42394069460754,-1.6580431725452407],[127.4238822056138,-1.658120578585626],[127.42377712079967,-1.6580401329607295]]]},"properties":{"feature_id":"bangunan-soligi-415","Pemilik":"","BLOK":"Dusun 2","No Rumah":null}},{"type":"Feature","geometry":{"bbox":[127.42325202024824,-1.6582591197960652,127.42336867339594,-1.6581399546893487],"type":"Polygon","coordinates":[[[127.42325202024824,-1.6582111143303384],[127.42330497037366,-1.6581399546893487],[127.42336867339594,-1.6581879582775967],[127.42331564185618,-1.6582591197960652],[127.42325202024824,-1.6582111143303384]]]},"properties":{"feature_id":"bangunan-soligi-416","Pemilik":"","BLOK":"Dusun 2","No Rumah":null}},{"type":"Feature","geometry":{"bbox":[127.42311524582634,-1.6578548583259551,127.42327702900438,-1.657693662053208],"type":"Polygon","coordinates":[[[127.42311524582634,-1.657781670127357],[127.42318261480139,-1.657693662053208],[127.42327702900438,-1.657766851904706],[127.42320974158737,-1.6578548583259551],[127.42311524582634,-1.657781670127357]]]},"properties":{"feature_id":"bangunan-soligi-417","Pemilik":"","BLOK":"Dusun 2","No Rumah":null}},{"type":"Feature","geometry":{"bbox":[127.42293692547237,-1.658265104552151,127.42309105163554,-1.658109625283636],"type":"Polygon","coordinates":[[[127.42293692547237,-1.6581983467099526],[127.42300421314992,-1.658109625283636],[127.42309105163554,-1.6581763829821041],[127.42302376403886,-1.658265104552151],[127.42293692547237,-1.6581983467099526]]]},"properties":{"feature_id":"bangunan-soligi-418","Pemilik":"","BLOK":"Dusun 2","No Rumah":null}},{"type":"Feature","geometry":{"bbox":[127.42384953972598,-1.657685031093857,127.42402956846898,-1.657524569939456],"type":"Polygon","coordinates":[[[127.42384953972598,-1.6576306224817008],[127.42395046992175,-1.657524569939456],[127.42402956846898,-1.6576008329365244],[127.42398786048983,-1.6576446273607106],[127.42396521435678,-1.6576227709815388],[127.42390591077074,-1.657685031093857],[127.42384953972598,-1.6576306224817008]]]},"properties":{"feature_id":"bangunan-soligi-419","Pemilik":"","BLOK":"Dusun 2","No Rumah":null}},{"type":"Feature","geometry":{"bbox":[127.42259510958975,-1.6571210328797743,127.42276210754193,-1.6569458113182938],"type":"Polygon","coordinates":[[[127.42259510958975,-1.6570700617698675],[127.42268545146007,-1.6569458113182938],[127.42273326987856,-1.6569802520435675],[127.42271893249716,-1.6569999534811537],[127.42276210754193,-1.657031761693487],[127.42273718006534,-1.657065968102202],[127.42271583692961,-1.6570502666918958],[127.42266443415227,-1.6571210328797743],[127.42259510958975,-1.6570700617698675]]]},"properties":{"feature_id":"bangunan-soligi-420","Pemilik":"","BLOK":"Dusun 2","No Rumah":null}},{"type":"Feature","geometry":{"bbox":[127.4235583158013,-1.6581720157504851,127.42359252958519,-1.6581225611854242],"type":"Polygon","coordinates":[[[127.4235583158013,-1.658166992407349],[127.42356695071322,-1.6581225611854242],[127.42359252958519,-1.6581275845285603],[127.42358389468222,-1.6581720157504851],[127.4235583158013,-1.658166992407349]]]},"properties":{"feature_id":"bangunan-soligi-421","Pemilik":"","BLOK":"Dusun 2","No Rumah":null}},{"type":"Feature","geometry":{"bbox":[127.42310310799682,-1.659040333583339,127.4232525090216,-1.658891334761284],"type":"Polygon","coordinates":[[[127.42310310799682,-1.6589647222421442],[127.42316795166391,-1.658891334761284],[127.4232525090216,-1.6589669441531343],[127.42318758396716,-1.659040333583339],[127.42310310799682,-1.6589647222421442]]]},"properties":{"feature_id":"bangunan-soligi-422","Pemilik":"","BLOK":"Dusun 2","No Rumah":null}},{"type":"Feature","geometry":{"bbox":[127.42327197837943,-1.6576661426765185,127.42338602471496,-1.657549280580696],"type":"Polygon","coordinates":[[[127.42327197837943,-1.6576218764751114],[127.42332004078935,-1.657549280580696],[127.42338602471496,-1.6575934872687157],[127.42333796235893,-1.6576661426765185],[127.42327197837943,-1.6576218764751114]]]},"properties":{"feature_id":"bangunan-soligi-423","Pemilik":"","BLOK":"Dusun 2","No Rumah":null}},{"type":"Feature","geometry":{"bbox":[127.42279306321713,-1.6566038654224875,127.42286882310374,-1.656554115608142],"type":"Polygon","coordinates":[[[127.42279306321713,-1.6565572934882913],[127.42286686801035,-1.656554115608142],[127.42286882310374,-1.6566007487625252],[127.42279509977871,-1.6566038654224875],[127.42279306321713,-1.6565572934882913]]]},"properties":{"feature_id":"bangunan-soligi-424","Pemilik":"","BLOK":"Dusun 2","No Rumah":null}},{"type":"Feature","geometry":{"bbox":[127.42322912949494,-1.657433402750964,127.42330456306853,-1.6573355382986354],"type":"Polygon","coordinates":[[[127.42322912949494,-1.6574168492077626],[127.42325723380065,-1.6573355382986354],[127.42330456306853,-1.6573521513103084],[127.42327645877182,-1.657433402750964],[127.42322912949494,-1.6574168492077626]]]},"properties":{"feature_id":"bangunan-soligi-425","Pemilik":"","BLOK":"Dusun 2","No Rumah":null}},{"type":"Feature","geometry":{"bbox":[127.42267689789955,-1.6578451446451585,127.42282760321521,-1.6577023882249957],"type":"Polygon","coordinates":[[[127.42267689789955,-1.6577783474028516],[127.42272642703377,-1.6577023882249957],[127.42282760321521,-1.6577692448369596],[127.42277807415289,-1.6578451446451585],[127.42267689789955,-1.6577783474028516]]]},"properties":{"feature_id":"bangunan-soligi-426","Pemilik":"","BLOK":"Dusun 2","No Rumah":null}},{"type":"Feature","geometry":{"bbox":[127.42273522497197,-1.6566517940732743,127.42278279896787,-1.6566067083478166],"type":"Polygon","coordinates":[[[127.42273522497197,-1.656644433313769],[127.42274182342112,-1.6566067083478166],[127.42278279896787,-1.656614007851203],[127.42277611905948,-1.6566517940732743],[127.42273522497197,-1.656644433313769]]]},"properties":{"feature_id":"bangunan-soligi-427","Pemilik":"","BLOK":"Dusun 2","No Rumah":null}},{"type":"Feature","geometry":{"bbox":[127.42327100084172,-1.6560273244183683,127.4234301768932,-1.655839051701249],"type":"Polygon","coordinates":[[[127.42327100084172,-1.6558794124859415],[127.42332965326592,-1.655839051701249],[127.4234301768932,-1.6559869634001139],[127.42337152454984,-1.6560273244183683],[127.42327100084172,-1.6558794124859415]]]},"properties":{"feature_id":"bangunan-soligi-428","Pemilik":"","BLOK":"Dusun 2","No Rumah":null}},{"type":"Feature","geometry":{"bbox":[127.42283843769704,-1.6566957844559569,127.4228654016903,-1.6566460738081576],"type":"Polygon","coordinates":[[[127.42283843769704,-1.6566957844559569],[127.42283843769704,-1.6566460754430916],[127.4228654016903,-1.6566460738081576],[127.4228654016903,-1.6566957828120399],[127.42283843769704,-1.6566957844559569]]]},"properties":{"feature_id":"bangunan-soligi-429","Pemilik":"","BLOK":"Dusun 2","No Rumah":null}},{"type":"Feature","geometry":{"bbox":[127.42260203390278,-1.6575244466636496,127.42280601571977,-1.6573302925865336],"type":"Polygon","coordinates":[[[127.42260203390278,-1.65745206914968],[127.42263983249462,-1.6573953981394638],[127.42267453549205,-1.6574188908987404],[127.42273367718371,-1.6573302925865336],[127.42280601571977,-1.6573791753649332],[127.42270899408481,-1.6575244466636496],[127.42260203390278,-1.65745206914968]]]},"properties":{"feature_id":"bangunan-soligi-430","Pemilik":"","BLOK":"Dusun 2","No Rumah":null}},{"type":"Feature","geometry":{"bbox":[127.42245067640121,-1.65747292806651,127.42253401266996,-1.6574023485036316],"type":"Polygon","coordinates":[[[127.42245067640121,-1.657428421790343],[127.42246810941305,-1.6574023485036316],[127.42253401266996,-1.6574468547618322],[127.42251657967607,-1.65747292806651],[127.42245067640121,-1.657428421790343]]]},"properties":{"feature_id":"bangunan-soligi-431","Pemilik":"","BLOK":"Dusun 2","No Rumah":null}},{"type":"Feature","geometry":{"bbox":[127.42282915100348,-1.6579610126024056,127.42299997712624,-1.6577731254062735],"type":"Polygon","coordinates":[[[127.42282915100348,-1.6579050230361978],[127.42291558239057,-1.6577731254062735],[127.42299997712624,-1.6578291148377342],[127.42291354583794,-1.6579610126024056],[127.42282915100348,-1.6579050230361978]]]},"properties":{"feature_id":"bangunan-soligi-432","Pemilik":"","BLOK":"Dusun 2","No Rumah":null}},{"type":"Feature","geometry":{"bbox":[127.42241996496,-1.6579981268846447,127.42262663556939,-1.657767182278118],"type":"Polygon","coordinates":[[[127.42241996496,-1.657933165529284],[127.42251772015919,-1.657767182278118],[127.42262663556939,-1.6578321434627987],[127.4225668420871,-1.65793366142627],[127.42253979651784,-1.6579175508423354],[127.42252586641459,-1.6579412874942117],[127.42255291199284,-1.6579573980781463],[127.42252888053187,-1.6579981268846447],[127.42241996496,-1.657933165529284]]]},"properties":{"feature_id":"bangunan-soligi-433","Pemilik":"","BLOK":"Dusun 2","No Rumah":null}},{"type":"Feature","geometry":{"bbox":[127.42336240084657,-1.6577184757491774,127.42348418588082,-1.657580540578161],"type":"Polygon","coordinates":[[[127.42336240084657,-1.657681537716397],[127.423428303277,-1.657580540578161],[127.42348418588082,-1.657617478539076],[127.42341828350428,-1.6577184757491774],[127.42336240084657,-1.657681537716397]]]},"properties":{"feature_id":"bangunan-soligi-434","Pemilik":"","BLOK":"Dusun 2","No Rumah":null}},{"type":"Feature","geometry":{"bbox":[127.42243291753452,-1.6582404489417055,127.4226011378153,-1.658036460764629],"type":"Polygon","coordinates":[[[127.42243291753452,-1.6581963010035055],[127.42252708835693,-1.658036460764629],[127.4226011378153,-1.658080608586048],[127.42250696709169,-1.6582404489417055],[127.42243291753452,-1.6581963010035055]]]},"properties":{"feature_id":"bangunan-soligi-435","Pemilik":"","BLOK":"Dusun 2","No Rumah":null}},{"type":"Feature","geometry":{"bbox":[127.42403250106413,-1.6577519276988175,127.42409807701986,-1.6576831485843475],"type":"Polygon","coordinates":[[[127.42403250106413,-1.6577372912951798],[127.42408235509203,-1.6576831485843475],[127.42409807701986,-1.657697784961036],[127.42404822300094,-1.6577519276988175],[127.42403250106413,-1.6577372912951798]]]},"properties":{"feature_id":"bangunan-soligi-436","Pemilik":"","BLOK":"Dusun 2","No Rumah":null}},{"type":"Feature","geometry":{"bbox":[127.42309911636879,-1.6579719151944976,127.42317104721346,-1.657904685036089],"type":"Polygon","coordinates":[[[127.42309911636879,-1.6579343101805852],[127.42312119254777,-1.657904685036089],[127.42317104721346,-1.657942232360194],[127.42314905251169,-1.6579719151944976],[127.42309911636879,-1.6579343101805852]]]},"properties":{"feature_id":"bangunan-soligi-437","Pemilik":"","BLOK":"Dusun 2","No Rumah":null}},{"type":"Feature","geometry":{"bbox":[127.42326269173974,-1.6575361180249786,127.42333356342576,-1.6574618505185332],"type":"Polygon","coordinates":[[[127.42326269173974,-1.657510056003141],[127.42329413596372,-1.6574618505185332],[127.42333356342576,-1.657487914319035],[127.42330220067899,-1.6575361180249786],[127.42326269173974,-1.657510056003141]]]},"properties":{"feature_id":"bangunan-soligi-438","Pemilik":"","BLOK":"Dusun 2","No Rumah":null}},{"type":"Feature","geometry":{"bbox":[127.42286760117038,-1.6564031283741885,127.42293635523083,-1.6563343622583409],"type":"Polygon","coordinates":[[[127.42286760117038,-1.6563564538523867],[127.42291476777133,-1.6563343622583409],[127.42293635523083,-1.6563810961857324],[127.42288918864784,-1.6564031283741885],[127.42286760117038,-1.6563564538523867]]]},"properties":{"feature_id":"bangunan-soligi-439","Pemilik":"","BLOK":"Dusun 2","No Rumah":null}},{"type":"Feature","geometry":{"bbox":[127.42360605216771,-1.6574591081506171,127.42376832299622,-1.6572865375624557],"type":"Polygon","coordinates":[[[127.42360605216771,-1.6574018508998463],[127.42369557813417,-1.6572865375624557],[127.42376832299622,-1.657343735201024],[127.42367879711958,-1.6574591081506171],[127.42360605216771,-1.6574018508998463]]]},"properties":{"feature_id":"bangunan-soligi-440","Pemilik":"","BLOK":"Dusun 2","No Rumah":null}},{"type":"Feature","geometry":{"bbox":[127.42276968353777,-1.656780036296611,127.42281245124148,-1.6567528845464683],"type":"Polygon","coordinates":[[[127.42276968353777,-1.6567557546727842],[127.42281074053479,-1.6567528845464683],[127.42281245124148,-1.6567771661523285],[127.42277139424449,-1.656780036296611],[127.42276968353777,-1.6567557546727842]]]},"properties":{"feature_id":"bangunan-soligi-441","Pemilik":"","BLOK":"Dusun 2","No Rumah":null}},{"type":"Feature","geometry":{"bbox":[127.42209044751665,-1.6583409583845736,127.42217981246908,-1.6582587384342777],"type":"Polygon","coordinates":[[[127.42209044751665,-1.6583065152877479],[127.42211586400012,-1.6582587384342777],[127.42217981246908,-1.6582932391670122],[127.4221543145533,-1.6583409583845736],[127.42209044751665,-1.6583065152877479]]]},"properties":{"feature_id":"bangunan-soligi-442","Pemilik":"","BLOK":"Dusun 2","No Rumah":null}},{"type":"Feature","geometry":{"bbox":[127.4233787746369,-1.6573855448964046,127.42341860935018,-1.6573456336646128],"type":"Polygon","coordinates":[[[127.4233787746369,-1.6573532448115373],[127.42341103342619,-1.6573456336646128],[127.42341860935018,-1.6573779319348831],[127.42338626910164,-1.6573855448964046],[127.4233787746369,-1.6573532448115373]]]},"properties":{"feature_id":"bangunan-soligi-443","Pemilik":"","BLOK":"Dusun 2","No Rumah":null}},{"type":"Feature","geometry":{"bbox":[127.42291615262313,-1.656478868506846,127.42312379932397,-1.656317751151096],"type":"Polygon","coordinates":[[[127.42291615262313,-1.6563905213007104],[127.42307174515126,-1.656317751151096],[127.42312379932397,-1.65643040642746],[127.42304942456765,-1.6564651700431792],[127.42303818281663,-1.6564408616136246],[127.42295696514364,-1.656478868506846],[127.42291615262313,-1.6563905213007104]]]},"properties":{"feature_id":"bangunan-soligi-444","Pemilik":"","BLOK":"Dusun 2","No Rumah":null}},{"type":"Feature","geometry":{"bbox":[127.42336802170412,-1.6586721923018082,127.42354422297721,-1.6584822063447282],"type":"Polygon","coordinates":[[[127.42336802170412,-1.658614917749485],[127.42347229250089,-1.6584822063447282],[127.42354422297721,-1.65853942305453],[127.42344003373852,-1.6586721923018082],[127.42336802170412,-1.658614917749485]]]},"properties":{"feature_id":"bangunan-soligi-445","Pemilik":"","BLOK":"Dusun 2","No Rumah":null}},{"type":"Feature","geometry":{"bbox":[127.42203448234869,-1.6580245112579386,127.42220645086799,-1.6578229057094398],"type":"Polygon","coordinates":[[[127.42203448234869,-1.657975471067752],[127.4221196927636,-1.6578229057094398],[127.42220645086799,-1.6578720052513174],[127.42212124056086,-1.6580245112579386],[127.42203448234869,-1.657975471067752]]]},"properties":{"feature_id":"bangunan-soligi-446","Pemilik":"","BLOK":"Dusun 2","No Rumah":null}},{"type":"Feature","geometry":{"bbox":[127.42293708839084,-1.6586793650259584,127.42310709963384,-1.65850317051716],"type":"Polygon","coordinates":[[[127.42293708839084,-1.658612208583302],[127.42302221625958,-1.65850317051716],[127.42310709963384,-1.6585703285857671],[127.42302205333213,-1.6586793650259584],[127.42293708839084,-1.658612208583302]]]},"properties":{"feature_id":"bangunan-soligi-447","Pemilik":"","BLOK":"Dusun 2","No Rumah":null}},{"type":"Feature","geometry":{"bbox":[127.4230090194062,-1.6584032528484685,127.42319540430476,-1.6582036995461518],"type":"Polygon","coordinates":[[[127.4230090194062,-1.658340711320921],[127.42311687506484,-1.6582036995461518],[127.42319540430476,-1.6582662408760698],[127.42308754877186,-1.6584032528484685],[127.4230090194062,-1.658340711320921]]]},"properties":{"feature_id":"bangunan-soligi-448","Pemilik":"","BLOK":"Dusun 2","No Rumah":null}},{"type":"Feature","geometry":{"bbox":[127.42270703899142,-1.658144545161299,127.4228794131899,-1.657965475486636],"type":"Polygon","coordinates":[[[127.42270703899142,-1.6580799298190194],[127.42278173996195,-1.657965475486636],[127.4228794131899,-1.6580300906851855],[127.42280471232718,-1.658144545161299],[127.42270703899142,-1.6580799298190194]]]},"properties":{"feature_id":"bangunan-soligi-449","Pemilik":"","BLOK":"Dusun 2","No Rumah":null}},{"type":"Feature","geometry":{"bbox":[127.42283240948946,-1.6575854879956893,127.42295052963988,-1.6574664506383896],"type":"Polygon","coordinates":[[[127.42283240948946,-1.6575361060324696],[127.42288193851587,-1.6574664506383896],[127.42295052963988,-1.657515832529744],[127.4229010006674,-1.6575854879956893],[127.42283240948946,-1.6575361060324696]]]},"properties":{"feature_id":"bangunan-soligi-450","Pemilik":"","BLOK":"Dusun 2","No Rumah":null}},{"type":"Feature","geometry":{"bbox":[127.42321682876495,-1.6563097712457473,127.4233676958582,-1.6561215209146447],"type":"Polygon","coordinates":[[[127.42321682876495,-1.656167678599731],[127.42327947286212,-1.6561215209146447],[127.4233676958582,-1.6562427703643485],[127.42327670315846,-1.6563097712457473],[127.42321821361678,-1.6562293074389496],[127.42324648084991,-1.656208525768251],[127.42321682876495,-1.656167678599731]]]},"properties":{"feature_id":"bangunan-soligi-451","Pemilik":"","BLOK":"Dusun 2","No Rumah":null}},{"type":"Feature","geometry":{"bbox":[127.42274638530868,-1.6576341595801656,127.42279892850625,-1.657565318463975],"type":"Polygon","coordinates":[[[127.42274638530868,-1.6576341595801656],[127.42276715820284,-1.657565318463975],[127.42279892850625,-1.65757502142787],[127.42279208567041,-1.6575977089732585],[127.42274638530868,-1.6576341595801656]]]},"properties":{"feature_id":"bangunan-soligi-452","Pemilik":"","BLOK":"Dusun 2","No Rumah":null}},{"type":"Feature","geometry":{"bbox":[127.42200287463133,-1.6582854816036794,127.42208050901449,-1.6582224938829304],"type":"Polygon","coordinates":[[[127.42200287463133,-1.6582673640306864],[127.42201517557695,-1.6582224938829304],[127.42208050901449,-1.6582406114649066],[127.42206820808684,-1.6582854816036794],[127.42200287463133,-1.6582673640306864]]]},"properties":{"feature_id":"bangunan-soligi-453","Pemilik":"","BLOK":"Dusun 2","No Rumah":null}},{"type":"Feature","geometry":{"bbox":[127.42245157248868,-1.6576513744361296,127.42257694344485,-1.6575192329315722],"type":"Polygon","coordinates":[[[127.42245157248868,-1.6576056590275905],[127.42250924803997,-1.6575192329315722],[127.42257694344485,-1.6575650077277349],[127.42251926794745,-1.6576513744361296],[127.42245157248868,-1.6576056590275905]]]},"properties":{"feature_id":"bangunan-soligi-454","Pemilik":"","BLOK":"Dusun 2","No Rumah":null}},{"type":"Feature","geometry":{"bbox":[127.42328501225147,-1.6587926146995793,127.42344076689852,-1.6586375412360108],"type":"Polygon","coordinates":[[[127.42328501225147,-1.6587196275529252],[127.4233506703761,-1.6586375412360108],[127.42344076689852,-1.6587105300535314],[127.42337519032297,-1.6587926146995793],[127.42328501225147,-1.6587196275529252]]]},"properties":{"feature_id":"bangunan-soligi-455","Pemilik":"","BLOK":"Dusun 2","No Rumah":null}},{"type":"Feature","geometry":{"bbox":[127.42269815959402,-1.6568828186837605,127.42287582884902,-1.656787815284763],"type":"Polygon","coordinates":[[[127.42269815959402,-1.6568032995542987],[127.42286866017629,-1.656787815284763],[127.42287582884902,-1.6568672152796518],[127.4227053282847,-1.6568828186837605],[127.42269815959402,-1.6568032995542987]]]},"properties":{"feature_id":"bangunan-soligi-456","Pemilik":"","BLOK":"Dusun 2","No Rumah":null}},{"type":"Feature","geometry":{"bbox":[127.4231083215672,-1.6561622419327495,127.42321633999161,-1.6560500655392805],"type":"Polygon","coordinates":[[[127.4231083215672,-1.656092244909367],[127.4231604571722,-1.6560500655392805],[127.42321633999161,-1.656120121923337],[127.42316420442252,-1.6561622419327495],[127.4231083215672,-1.656092244909367]]]},"properties":{"feature_id":"bangunan-soligi-457","Pemilik":"","BLOK":"Dusun 2","No Rumah":null}},{"type":"Feature","geometry":{"bbox":[127.42349428710382,-1.657371293357984,127.42365753572156,-1.657202081660502],"type":"Polygon","coordinates":[[[127.42349428710382,-1.6573072827615538],[127.42357558561619,-1.657202081660502],[127.42365753572156,-1.6572660920952356],[127.42357623730801,-1.657371293357984],[127.42349428710382,-1.6573072827615538]]]},"properties":{"feature_id":"bangunan-soligi-458","Pemilik":"","BLOK":"Dusun 2","No Rumah":null}},{"type":"Feature","geometry":{"bbox":[127.4231779714726,-1.6585690091043452,127.42327743631851,-1.6584619498830437],"type":"Polygon","coordinates":[[[127.4231779714726,-1.6585348059565148],[127.42322424178843,-1.6584619498830437],[127.42327743631851,-1.6584961529859583],[127.42323116603858,-1.6585690091043452],[127.4231779714726,-1.6585348059565148]]]},"properties":{"feature_id":"bangunan-soligi-459","Pemilik":"","BLOK":"Dusun 2","No Rumah":null}},{"type":"Feature","geometry":{"bbox":[127.42341722450733,-1.6584094173933754,127.42361533876246,-1.6582006704359968],"type":"Polygon","coordinates":[[[127.42341722450733,-1.6583359569782967],[127.42351701485782,-1.6582006704359968],[127.42361533876246,-1.6582741900949687],[127.42351554854675,-1.6584094173933754],[127.42341722450733,-1.6583359569782967]]]},"properties":{"feature_id":"bangunan-soligi-460","Pemilik":"","BLOK":"Dusun 2","No Rumah":null}},{"type":"Feature","geometry":{"bbox":[127.42266842580727,-1.6576780519835999,127.42274296389526,-1.6576012231916333],"type":"Polygon","coordinates":[[[127.42266842580727,-1.657651166287495],[127.4226977522799,-1.6576012231916333],[127.42274296389526,-1.6576281106664021],[127.4227137189088,-1.6576780519835999],[127.42266842580727,-1.657651166287495]]]},"properties":{"feature_id":"bangunan-soligi-461","Pemilik":"","BLOK":"Dusun 2","No Rumah":null}},{"type":"Feature","geometry":{"bbox":[127.42337975217461,-1.6575472330866015,127.42348434880827,-1.6574249513558554],"type":"Polygon","coordinates":[[[127.42337975217461,-1.6575184665249043],[127.42344076689852,-1.6574249513558554],[127.42348434880827,-1.6574537178726365],[127.42342333412026,-1.6575472330866015],[127.42337975217461,-1.6575184665249043]]]},"properties":{"feature_id":"bangunan-soligi-462","Pemilik":"","BLOK":"Dusun 2","No Rumah":null}},{"type":"Feature","geometry":{"bbox":[127.42289880118732,-1.6583441967932067,127.42302262356472,-1.6582248923488065],"type":"Polygon","coordinates":[[[127.42289880118732,-1.6582863040831872],[127.42294653800286,-1.6582248923488065],[127.42302262356472,-1.6582847526298097],[127.42298743196463,-1.6583300695277226],[127.42298490663867,-1.658328103672521],[127.4229724429453,-1.6583441967932067],[127.42289880118732,-1.6582863040831872]]]},"properties":{"feature_id":"bangunan-soligi-463","Pemilik":"","BLOK":"Dusun 2","No Rumah":null}},{"type":"Feature","geometry":{"bbox":[127.42253173172169,-1.6570700023103788,127.42270972725382,-1.6568656306335243],"type":"Polygon","coordinates":[[[127.42253173172169,-1.6570233592565615],[127.42264634948455,-1.6568656306335243],[127.42270972725382,-1.6569122735256452],[127.42259510958975,-1.6570700023103788],[127.42253173172169,-1.6570233592565615]]]},"properties":{"feature_id":"bangunan-soligi-464","Pemilik":"","BLOK":"Dusun 2","No Rumah":null}},{"type":"Feature","geometry":{"bbox":[127.423428303277,-1.657636003363303,127.42354047575385,-1.6575373424646436],"type":"Polygon","coordinates":[[[127.423428303277,-1.657580540578161],[127.42345648897009,-1.6575373424646436],[127.42354047575385,-1.65759280520487],[127.42351229008771,-1.657636003363303],[127.423428303277,-1.657580540578161]]]},"properties":{"feature_id":"bangunan-soligi-465","Pemilik":"","BLOK":"Dusun 2","No Rumah":null}},{"type":"Feature","geometry":{"bbox":[127.42347994988411,-1.6581287798178943,127.42361558314913,-1.6579849492551968],"type":"Polygon","coordinates":[[[127.42347994988411,-1.6580798303934838],[127.42355155450555,-1.6579849492551968],[127.42361558314913,-1.658033837306707],[127.42354389713132,-1.6581287798178943],[127.42347994988411,-1.6580798303934838]]]},"properties":{"feature_id":"bangunan-soligi-466","Pemilik":"","BLOK":"Dusun 2","No Rumah":null}},{"type":"Feature","geometry":{"bbox":[127.42274931795772,-1.6575514509014393,127.42289627586135,-1.6573943542881204],"type":"Polygon","coordinates":[[[127.42274931795772,-1.6574995318712784],[127.42282410034257,-1.6573943542881204],[127.42289627586135,-1.6574463326609892],[127.4228214935484,-1.6575514509014393],[127.42274931795772,-1.6574995318712784]]]},"properties":{"feature_id":"bangunan-soligi-467","Pemilik":"","BLOK":"Dusun 2","No Rumah":null}},{"type":"Feature","geometry":{"bbox":[127.42276267777449,-1.6585213227381737,127.42295672076595,-1.6583096590049666],"type":"Polygon","coordinates":[[[127.42276267777449,-1.658461404461936],[127.42288063512326,-1.6583096590049666],[127.42295672076595,-1.6583695788622392],[127.42283884501116,-1.6585213227381737],[127.42276267777449,-1.658461404461936]]]},"properties":{"feature_id":"bangunan-soligi-468","Pemilik":"","BLOK":"Dusun 2","No Rumah":null}},{"type":"Feature","geometry":{"bbox":[127.42326684628624,-1.6562353955372258,127.42342805889034,-1.656055716499373],"type":"Polygon","coordinates":[[[127.42326684628624,-1.6561040811744325],[127.42333250441985,-1.656055716499373],[127.42342805889034,-1.6561870306286044],[127.42336240084657,-1.6562353955372258],[127.42326684628624,-1.6561040811744325]]]},"properties":{"feature_id":"bangunan-soligi-469","Pemilik":"","BLOK":"Dusun 2","No Rumah":null}},{"type":"Feature","geometry":{"bbox":[127.42294417559538,-1.65850317051716,127.4230675905868,-1.6583833612285535],"type":"Polygon","coordinates":[[[127.42294417559538,-1.6584415099853782],[127.42298954997648,-1.6583833612285535],[127.4230675905868,-1.6584450216794868],[127.42302221625958,-1.65850317051716],[127.42294417559538,-1.6584415099853782]]]},"properties":{"feature_id":"bangunan-soligi-470","Pemilik":"","BLOK":"Dusun 2","No Rumah":null}},{"type":"Feature","geometry":{"bbox":[127.42307940257938,-1.6563151819963329,127.42312208862623,-1.656270754942591],"type":"Polygon","coordinates":[[[127.42307940257938,-1.6562839871177428],[127.42310775133463,-1.656270754942591],[127.42312208862623,-1.6563020110593338],[127.4230938213392,-1.6563151819963329],[127.42307940257938,-1.6562839871177428]]]},"properties":{"feature_id":"bangunan-soligi-471","Pemilik":"","BLOK":"Dusun 2","No Rumah":null}},{"type":"Feature","geometry":{"bbox":[127.42282165647585,-1.6582272048998086,127.42298482517944,-1.6580542538661418],"type":"Polygon","coordinates":[[[127.42282165647585,-1.6581688473295961],[127.4229106946571,-1.6580542538661418],[127.42298482517944,-1.6581126112746574],[127.42289578708801,-1.6582272048998086],[127.42282165647585,-1.6581688473295961]]]},"properties":{"feature_id":"bangunan-soligi-472","Pemilik":"","BLOK":"Dusun 2","No Rumah":null}},{"type":"Feature","geometry":{"bbox":[127.42329462473705,-1.65734765928473,127.4233310381088,-1.6573047858133731],"type":"Polygon","coordinates":[[[127.42329462473705,-1.6573096779306127],[127.42332492848689,-1.6573047858133731],[127.4233310381088,-1.6573427653439106],[127.4233006529087,-1.65734765928473],[127.42329462473705,-1.6573096779306127]]]},"properties":{"feature_id":"bangunan-soligi-473","Pemilik":"","BLOK":"Dusun 2","No Rumah":null}},{"type":"Feature","geometry":{"bbox":[127.42316233079738,-1.6578771082301036,127.42319923301432,-1.6578420977214117],"type":"Polygon","coordinates":[[[127.42316233079738,-1.657867086391232],[127.42317104721346,-1.6578420977214117],[127.42319923301432,-1.6578521177546695],[127.42319043513902,-1.6578771082301036],[127.42316233079738,-1.657867086391232]]]},"properties":{"feature_id":"bangunan-soligi-474","Pemilik":"","BLOK":"Dusun 2","No Rumah":null}},{"type":"Feature","geometry":{"bbox":[127.4222181815361,-1.6578832068566347,127.42232155793421,-1.657800436796025],"type":"Polygon","coordinates":[[[127.4222181815361,-1.657857474543456],[127.42223488143281,-1.657800436796025],[127.42232155793421,-1.657826169118187],[127.42230485805545,-1.6578832068566347],[127.4222181815361,-1.657857474543456]]]},"properties":{"feature_id":"bangunan-soligi-475","Pemilik":"","BLOK":"Dusun 2","No Rumah":null}},{"type":"Feature","geometry":{"bbox":[127.42252822883107,-1.6580788012565448,127.42271518522885,-1.6578610801474445],"type":"Polygon","coordinates":[[[127.42252822883107,-1.6580345921700235],[127.42263030137848,-1.6578610801474445],[127.42271518522885,-1.657911826310221],[127.42266712241467,-1.6579934026086327],[127.42265628790588,-1.6579869825289602],[127.42260219682125,-1.6580788012565448],[127.42252822883107,-1.6580345921700235]]]},"properties":{"feature_id":"bangunan-soligi-476","Pemilik":"","BLOK":"Dusun 2","No Rumah":null}},{"type":"Feature","geometry":{"bbox":[127.42366226048269,-1.6577011881925572,127.4237440475618,-1.6576173743794187],"type":"Polygon","coordinates":[[[127.42366226048269,-1.6576672322970256],[127.42370388718224,-1.6576173743794187],[127.4237440475618,-1.6576513896985063],[127.42370242088018,-1.6577011881925572],[127.42366226048269,-1.6576672322970256]]]},"properties":{"feature_id":"bangunan-soligi-477","Pemilik":"","BLOK":"Dusun 2","No Rumah":null}},{"type":"Feature","geometry":{"bbox":[127.42306856813349,-1.6581367980363901,127.42322945534083,-1.6579651454186513],"type":"Polygon","coordinates":[[[127.42306856813349,-1.6580799561486403],[127.42315402168641,-1.6579651454186513],[127.42322945534083,-1.6580219871716535],[127.42314400187774,-1.6581367980363901],[127.42306856813349,-1.6580799561486403]]]},"properties":{"feature_id":"bangunan-soligi-478","Pemilik":"","BLOK":"Dusun 2","No Rumah":null}},{"type":"Feature","geometry":{"bbox":[127.42369272699824,-1.6580189163886525,127.42377198875138,-1.6579338818369083],"type":"Polygon","coordinates":[[[127.42369272699824,-1.6579926471075126],[127.4237391598912,-1.6579338818369083],[127.42377198875138,-1.6579602105416043],[127.42372555586743,-1.6580189163886525],[127.42369272699824,-1.6579926471075126]]]},"properties":{"feature_id":"bangunan-soligi-479","Pemilik":"","BLOK":"Dusun 2","No Rumah":null}},{"type":"Feature","geometry":{"bbox":[127.42274443021529,-1.6570147612114825,127.42292079596992,-1.6568814733308581],"type":"Polygon","coordinates":[[[127.42274443021529,-1.6569336850141725],[127.42289252860203,-1.6568814733308581],[127.42292079596992,-1.6569625474710261],[127.42277261617785,-1.6570147612114825],[127.42274443021529,-1.6569336850141725]]]},"properties":{"feature_id":"bangunan-soligi-480","Pemilik":"","BLOK":"Dusun 2","No Rumah":null}},{"type":"Feature","geometry":{"bbox":[127.42280063921297,-1.6576440277981406,127.4229010006674,-1.6575432017889662],"type":"Polygon","coordinates":[[[127.42280063921297,-1.6576016820780297],[127.42284226642458,-1.6575432017889662],[127.4229010006674,-1.6575854879956893],[127.42285937349169,-1.6576440277981406],[127.42280063921297,-1.6576016820780297]]]},"properties":{"feature_id":"bangunan-soligi-481","Pemilik":"","BLOK":"Dusun 2","No Rumah":null}},{"type":"Feature","geometry":{"bbox":[127.4240293240823,-1.6578027131359383,127.42410777085688,-1.6577256346752045],"type":"Polygon","coordinates":[[[127.4240293240823,-1.6577691734927598],[127.42407828204969,-1.6577256346752045],[127.42410777085688,-1.6577591724678533],[127.42405873144821,-1.6578027131359383],[127.4240293240823,-1.6577691734927598]]]},"properties":{"feature_id":"bangunan-soligi-482","Pemilik":"","BLOK":"Dusun 2","No Rumah":null}},{"type":"Feature","geometry":{"bbox":[127.423745921169,-1.6574698411318,127.42385898921222,-1.6573614995654307],"type":"Polygon","coordinates":[[[127.423745921169,-1.6574134434609584],[127.42378510399283,-1.6573614995654307],[127.42385898921222,-1.6574178989700206],[127.42381988789252,-1.6574698411318],[127.423745921169,-1.6574134434609584]]]},"properties":{"feature_id":"bangunan-soligi-483","Pemilik":"","BLOK":"Dusun 2","No Rumah":null}},{"type":"Feature","geometry":{"bbox":[127.42359766165144,-1.658345832975682,127.42370299111273,-1.658255570866788],"type":"Polygon","coordinates":[[[127.42359766165144,-1.6582981286162553],[127.42362910573168,-1.658255570866788],[127.42370299111273,-1.6583107817463583],[127.42368930562077,-1.6583293991958743],[127.42367920442472,-1.6583218331713263],[127.42366144586342,-1.658345832975682],[127.42359766165144,-1.6582981286162553]]]},"properties":{"feature_id":"bangunan-soligi-484","Pemilik":"","BLOK":"Dusun 2","No Rumah":null}},{"type":"Feature","geometry":{"bbox":[127.42228685476613,-1.6578243434900015,127.4224346282502,-1.657647335538747],"type":"Polygon","coordinates":[[[127.42228685476613,-1.6577839453443761],[127.42236318543328,-1.657647335538747],[127.4224346282502,-1.6576877354091377],[127.42235837912314,-1.6578243434900015],[127.42228685476613,-1.6577839453443761]]]},"properties":{"feature_id":"bangunan-soligi-485","Pemilik":"","BLOK":"Dusun 2","No Rumah":null}},{"type":"Feature","geometry":{"bbox":[127.42380196644872,-1.6579125695942534,127.42396342221781,-1.6577421521240978],"type":"Polygon","coordinates":[[[127.42380196644872,-1.6578544184299435],[127.42389075902159,-1.6577421521240978],[127.42396342221781,-1.6578003625861994],[127.42387462973475,-1.6579125695942534],[127.42380196644872,-1.6578544184299435]]]},"properties":{"feature_id":"bangunan-soligi-486","Pemilik":"","BLOK":"Dusun 2","No Rumah":null}},{"type":"Feature","geometry":{"bbox":[127.42256170994901,-1.6583667241240643,127.42272072467206,-1.6581990317651882],"type":"Polygon","coordinates":[[[127.42256170994901,-1.6583079770892601],[127.42264268367549,-1.6581990317651882],[127.42272072467206,-1.6582577786562618],[127.42263975102642,-1.6583667241240643],[127.42256170994901,-1.6583079770892601]]]},"properties":{"feature_id":"bangunan-soligi-487","Pemilik":"","BLOK":"Dusun 2","No Rumah":null}},{"type":"Feature","geometry":{"bbox":[127.42351554854675,-1.658479239811216,127.42366177170932,-1.6583244240743025],"type":"Polygon","coordinates":[[[127.42351554854675,-1.6584094173933754],[127.42357827384264,-1.6583244240743025],[127.42365215927765,-1.6583796944942097],[127.42364222100007,-1.6583931747121778],[127.42366177170932,-1.6584077265753643],[127.42360898478083,-1.658479239811216],[127.42351554854675,-1.6584094173933754]]]},"properties":{"feature_id":"bangunan-soligi-488","Pemilik":"","BLOK":"Dusun 2","No Rumah":null}},{"type":"Feature","geometry":{"bbox":[127.4234479355084,-1.6581711121710736,127.42354389713132,-1.6580798303934838],"type":"Polygon","coordinates":[[[127.4234479355084,-1.658122222170219],[127.42347994988411,-1.6580798303934838],[127.42354389713132,-1.6581287798178943],[127.42351188278259,-1.6581711121710736],[127.4234479355084,-1.658122222170219]]]},"properties":{"feature_id":"bangunan-soligi-489","Pemilik":"","BLOK":"Dusun 2","No Rumah":null}},{"type":"Feature","geometry":{"bbox":[127.4227261826471,-1.6577537109175384,127.4228547301449,-1.657627622126618],"type":"Polygon","coordinates":[[[127.4227261826471,-1.6577022152454046],[127.42276284070194,-1.6576461041820547],[127.42276723967105,-1.657649098895717],[127.4227811697204,-1.657627622126618],[127.4228547301449,-1.6576761806760822],[127.42280406062639,-1.6577537109175384],[127.4227261826471,-1.6577022152454046]]]},"properties":{"feature_id":"bangunan-soligi-490","Pemilik":"","BLOK":"Dusun 2","No Rumah":null}},{"type":"Feature","geometry":{"bbox":[127.42303199169956,-1.656242727721322,127.4231581762419,-1.656136420955852],"type":"Polygon","coordinates":[[[127.42303199169956,-1.6561744997861612],[127.42307076760454,-1.656136420955852],[127.4231019675317,-1.65616861234457],[127.42312339201882,-1.6561476846796714],[127.4231581762419,-1.6561837211272998],[127.42313691469116,-1.656204585757415],[127.42309797589468,-1.656242727721322],[127.42303199169956,-1.6561744997861612]]]},"properties":{"feature_id":"bangunan-soligi-491","Pemilik":"","BLOK":"Dusun 2","No Rumah":null}},{"type":"Feature","geometry":{"bbox":[127.42240220609327,-1.6572650382725924,127.42248391316842,-1.6571686543426665],"type":"Polygon","coordinates":[[[127.42240220609327,-1.657241950896054],[127.42244163404041,-1.6571686543426665],[127.42248391316842,-1.6571916822237835],[127.42244448523924,-1.6572650382725924],[127.42240220609327,-1.657241950896054]]]},"properties":{"feature_id":"bangunan-soligi-492","Pemilik":"","BLOK":"Dusun 2","No Rumah":null}},{"type":"Feature","geometry":{"bbox":[127.42299916249802,-1.6577757550176553,127.42312803534766,-1.6576443688076055],"type":"Polygon","coordinates":[[[127.42299916249802,-1.6577224574867582],[127.42306970859863,-1.6576443688076055],[127.42312803534766,-1.6576977238845796],[127.42305740784168,-1.6577757550176553],[127.42299916249802,-1.6577224574867582]]]},"properties":{"feature_id":"bangunan-soligi-493","Pemilik":"","BLOK":"Dusun 2","No Rumah":null}},{"type":"Feature","geometry":{"bbox":[127.4231699067483,-1.6559978448548471,127.42326766090548,-1.6558992134209287],"type":"Polygon","coordinates":[[[127.4231699067483,-1.6559584084904806],[127.42322790757056,-1.6558992134209287],[127.42326766090548,-1.6559386479257825],[127.42320957865992,-1.6559978448548471],[127.4231699067483,-1.6559584084904806]]]},"properties":{"feature_id":"bangunan-soligi-494","Pemilik":"","BLOK":"Dusun 2","No Rumah":null}},{"type":"Feature","geometry":{"bbox":[127.42333413365834,-1.6581488422434776,127.42342936227396,-1.6580584559245293],"type":"Polygon","coordinates":[[[127.42333413365834,-1.6581008369035148],[127.4233656593146,-1.6580584559245293],[127.42342936227396,-1.6581063999544738],[127.42339775518545,-1.6581488422434776],[127.42333413365834,-1.6581008369035148]]]},"properties":{"feature_id":"bangunan-soligi-495","Pemilik":"","BLOK":"Dusun 2","No Rumah":null}},{"type":"Feature","geometry":{"bbox":[127.42241271478308,-1.6583956211031743,127.42245352759105,-1.6583532183669925],"type":"Polygon","coordinates":[[[127.42241271478308,-1.658386377672463],[127.42242249031291,-1.6583532183669925],[127.42245352759105,-1.6583624618066872],[127.42244375207025,-1.6583956211031743],[127.42241271478308,-1.658386377672463]]]},"properties":{"feature_id":"bangunan-soligi-496","Pemilik":"","BLOK":"Dusun 2","No Rumah":null}},{"type":"Feature","geometry":{"bbox":[127.42331963347523,-1.657607691250325,127.42343253927375,-1.6574994786101651],"type":"Polygon","coordinates":[[[127.42331963347523,-1.657547624671217],[127.42335107768123,-1.6574994786101651],[127.42342333412026,-1.6575472330866015],[127.4234139660393,-1.6575616516847156],[127.42343253927375,-1.657573965539102],[127.42341054465285,-1.657607691250325],[127.42331963347523,-1.657547624671217]]]},"properties":{"feature_id":"bangunan-soligi-497","Pemilik":"","BLOK":"Dusun 2","No Rumah":null}},{"type":"Feature","geometry":{"bbox":[127.42385621953554,-1.6575324424871452,127.42394851486429,-1.6574398615480253],"type":"Polygon","coordinates":[[[127.42385621953554,-1.6574840809921219],[127.42389833489167,-1.6574398615480253],[127.42394851486429,-1.6574882229801668],[127.42390639953511,-1.6575324424871452],[127.42385621953554,-1.6574840809921219]]]},"properties":{"feature_id":"bangunan-soligi-498","Pemilik":"","BLOK":"Dusun 2","No Rumah":null}},{"type":"Feature","geometry":{"bbox":[127.42321585121826,-1.657758055322966,127.42327425930971,-1.6577012475622142],"type":"Polygon","coordinates":[[[127.42321585121826,-1.6577295552554812],[127.42323752005615,-1.6577012475622142],[127.42327425930971,-1.657729808867852],[127.42325267194904,-1.657758055322966],[127.42321585121826,-1.6577295552554812]]]},"properties":{"feature_id":"bangunan-soligi-499","Pemilik":"","BLOK":"Dusun 2","No Rumah":null}},{"type":"Feature","geometry":{"bbox":[127.42237980383484,-1.6574091794457657,127.42252366692554,-1.6572657229864682],"type":"Polygon","coordinates":[[[127.42237980383484,-1.6573476346349587],[127.42243772383567,-1.6572657229864682],[127.42252366692554,-1.6573272676984605],[127.42246574699656,-1.6574091794457657],[127.42237980383484,-1.6573476346349587]]]},"properties":{"feature_id":"bangunan-soligi-500","Pemilik":"","BLOK":"Dusun 2","No Rumah":null}},{"type":"Feature","geometry":{"bbox":[127.42332362510327,-1.658000812964125,127.42347579534659,-1.6578429064746618],"type":"Polygon","coordinates":[[[127.42332362510327,-1.6579411748634412],[127.42339783664467,-1.6578429064746618],[127.42347579534659,-1.6579025462551953],[127.42340166534525,-1.658000812964125],[127.42332362510327,-1.6579411748634412]]]},"properties":{"feature_id":"bangunan-soligi-501","Pemilik":"","BLOK":"Dusun 2","No Rumah":null}},{"type":"Feature","geometry":{"bbox":[127.42232799350083,-1.657929125985114,127.42240522021055,-1.6578579220931136],"type":"Polygon","coordinates":[[[127.42232799350083,-1.657903269111538],[127.42234844066589,-1.6578579220931136],[127.42240522021055,-1.6578837807633204],[127.4223848545227,-1.657929125985114],[127.42232799350083,-1.657903269111538]]]},"properties":{"feature_id":"bangunan-soligi-502","Pemilik":"","BLOK":"Dusun 2","No Rumah":null}},{"type":"Feature","geometry":{"bbox":[127.42227813823325,-1.657534922753611,127.42241605475526,-1.6573772828392084],"type":"Polygon","coordinates":[[[127.42227813823325,-1.6574947336459522],[127.42235666840742,-1.6573772828392084],[127.42241605475526,-1.657417533122138],[127.4223376061122,-1.657534922753611],[127.42227813823325,-1.6574947336459522]]]},"properties":{"feature_id":"bangunan-soligi-503","Pemilik":"","BLOK":"Dusun 2","No Rumah":null}},{"type":"Feature","geometry":{"bbox":[127.42341233680982,-1.6577565005997208,127.42346398342588,-1.6577025830426313],"type":"Polygon","coordinates":[[[127.42341233680982,-1.6577370999809735],[127.42344052251185,-1.6577025830426313],[127.42346398342588,-1.6577219241749404],[127.42343579774177,-1.6577565005997208],[127.42341233680982,-1.6577370999809735]]]},"properties":{"feature_id":"bangunan-soligi-504","Pemilik":"","BLOK":"Dusun 2","No Rumah":null}},{"type":"Feature","geometry":{"bbox":[127.4226259838686,-1.6575677460532323,127.4226913167492,-1.6575210756816472],"type":"Polygon","coordinates":[[[127.4226259838686,-1.6575444191319404],[127.42263559644402,-1.6575210756816472],[127.4226913167492,-1.6575444602568141],[127.42268162272353,-1.6575677460532323],[127.4226259838686,-1.6575444191319404]]]},"properties":{"feature_id":"bangunan-soligi-505","Pemilik":"","BLOK":"Dusun 2","No Rumah":null}},{"type":"Feature","geometry":{"bbox":[127.42300290975732,-1.6580754207164676,127.42314905251169,-1.6579198087308524],"type":"Polygon","coordinates":[[[127.42300290975732,-1.6580233736045134],[127.42307997281196,-1.6579198087308524],[127.42314905251169,-1.6579719151944976],[127.42307198953793,-1.6580754207164676],[127.42300290975732,-1.6580233736045134]]]},"properties":{"feature_id":"bangunan-soligi-506","Pemilik":"","BLOK":"Dusun 2","No Rumah":null}},{"type":"Feature","geometry":{"bbox":[127.42358617559458,-1.657710823477379,127.42364938959196,-1.6576373810465723],"type":"Polygon","coordinates":[[[127.42358617559458,-1.657692938316516],[127.42362201859002,-1.6576373810465723],[127.42364938959196,-1.6576552679860994],[127.42361362807372,-1.657710823477379],[127.42358617559458,-1.657692938316516]]]},"properties":{"feature_id":"bangunan-soligi-507","Pemilik":"","BLOK":"Dusun 2","No Rumah":null}},{"type":"Feature","geometry":{"bbox":[127.42221581910162,-1.6583733169048502,127.42238257356544,-1.6581920594461947],"type":"Polygon","coordinates":[[[127.42221581910162,-1.6583216389375959],[127.42228066358616,-1.6581920594461947],[127.42238257356544,-1.6582436778820953],[127.42231772917972,-1.6583733169048502],[127.42221581910162,-1.6583216389375959]]]},"properties":{"feature_id":"bangunan-soligi-508","Pemilik":"","BLOK":"Dusun 2","No Rumah":null}},{"type":"Feature","geometry":{"bbox":[127.42277994778703,-1.657231396886225,127.42295908316447,-1.657036500737802],"type":"Polygon","coordinates":[[[127.42277994778703,-1.6571720526065046],[127.42287851710243,-1.657036500737802],[127.42295908316447,-1.6570957853873542],[127.42286051395685,-1.657231396886225],[127.42277994778703,-1.6571720526065046]]]},"properties":{"feature_id":"bangunan-soligi-509","Pemilik":"","BLOK":"Dusun 2","No Rumah":null}},{"type":"Feature","geometry":{"bbox":[127.42316558927438,-1.6572012117319805,127.42330562206548,-1.6570691613974413],"type":"Polygon","coordinates":[[[127.42316558927438,-1.6571353378949036],[127.4232111264392,-1.6570691613974413],[127.42330562206548,-1.6571350351536698],[127.42326008496353,-1.6572012117319805],[127.42316558927438,-1.6571353378949036]]]},"properties":{"feature_id":"bangunan-soligi-510","Pemilik":"","BLOK":"Dusun 2","No Rumah":null}},{"type":"Feature","geometry":{"bbox":[127.42340166534525,-1.6580554238499339,127.42355921187979,-1.6579025462551953],"type":"Polygon","coordinates":[[[127.42340166534525,-1.658000812964125],[127.42347579534659,-1.6579025462551953],[127.42353013015315,-1.6579440971369594],[127.42354202351514,-1.6579283143123393],[127.42355921187979,-1.6579414318444945],[127.42347310712015,-1.6580554238499339],[127.42340166534525,-1.658000812964125]]]},"properties":{"feature_id":"bangunan-soligi-511","Pemilik":"","BLOK":"Dusun 2","No Rumah":null}},{"type":"Feature","geometry":{"bbox":[127.4223126784829,-1.658183303890514,127.42249173357789,-1.6580198235972579],"type":"Polygon","coordinates":[[[127.4223126784829,-1.65811945953631],[127.42237068000581,-1.6580198235972579],[127.42241149284074,-1.6580438949434426],[127.42242428248784,-1.658022026760408],[127.42249173357789,-1.658061801475226],[127.42242102398387,-1.658183303890514],[127.4223126784829,-1.65811945953631]]]},"properties":{"feature_id":"bangunan-soligi-512","Pemilik":"","BLOK":"Dusun 2","No Rumah":null}},{"type":"Feature","geometry":{"bbox":[127.42306327310386,-1.6589234189989543,127.42316795166391,-1.658822976193114],"type":"Polygon","coordinates":[[[127.42306327310386,-1.6588551198363746],[127.4230916218681,-1.658822976193114],[127.42316795166391,-1.658891334761284],[127.42313960293559,-1.6589234189989543],[127.42306327310386,-1.6588551198363746]]]},"properties":{"feature_id":"bangunan-soligi-513","Pemilik":"","BLOK":"Dusun 2","No Rumah":null}},{"type":"Feature","geometry":{"bbox":[127.42389686859859,-1.6579983232922983,127.42407901520075,-1.657818126995522],"type":"Polygon","coordinates":[[[127.42389686859859,-1.6579303917023664],[127.4239855795865,-1.657818126995522],[127.42407901520075,-1.657892883787353],[127.42401767517886,-1.6579704712784424],[127.42400912178903,-1.6579635846048282],[127.42398166946259,-1.6579983232922983],[127.42389686859859,-1.6579303917023664]]]},"properties":{"feature_id":"bangunan-soligi-514","Pemilik":"","BLOK":"Dusun 2","No Rumah":null}},{"type":"Feature","geometry":{"bbox":[127.42355522026972,-1.6578732427704528,127.42365435873074,-1.6577710905694414],"type":"Polygon","coordinates":[[[127.42355522026972,-1.6578446564287679],[127.42358234691196,-1.6577974379860447],[127.42360540047589,-1.6578108419370452],[127.42362829111241,-1.6577710905694414],[127.42365435873074,-1.6577862711275626],[127.42360426001973,-1.6578732427704528],[127.42355522026972,-1.6578446564287679]]]},"properties":{"feature_id":"bangunan-soligi-515","Pemilik":"","BLOK":"Dusun 2","No Rumah":null}},{"type":"Feature","geometry":{"bbox":[127.42272072467206,-1.6581820721205964,127.42280471232718,-1.6581051885493636],"type":"Polygon","coordinates":[[[127.42272072467206,-1.658142717278342],[127.4227452448435,-1.6581051885493636],[127.42280471232718,-1.658144545161299],[127.4227802736419,-1.6581820721205964],[127.42272072467206,-1.658142717278342]]]},"properties":{"feature_id":"bangunan-soligi-516","Pemilik":"","BLOK":"Dusun 2","No Rumah":null}},{"type":"Feature","geometry":{"bbox":[127.42223007512264,-1.6581077307636514,127.42238281796111,-1.6579307052503331],"type":"Polygon","coordinates":[[[127.42223007512264,-1.658055461660024],[127.42230274001666,-1.6579307052503331],[127.42232049891932,-1.6579411345470514],[127.42231194532287,-1.6579558328266462],[127.42238281796111,-1.6579976130752516],[127.4223187067354,-1.6581077307636514],[127.42223007512264,-1.658055461660024]]]},"properties":{"feature_id":"bangunan-soligi-517","Pemilik":"","BLOK":"Dusun 2","No Rumah":null}},{"type":"Feature","geometry":{"bbox":[127.42277732182384,-1.6567394777795923,127.42282406792977,-1.656656623258497],"type":"Polygon","coordinates":[[[127.42277738736672,-1.656656623258497],[127.42282406792977,-1.656657030538363],[127.4228236354082,-1.656739144994345],[127.42277732182384,-1.6567394777795923],[127.42277738736672,-1.656656623258497]]]},"properties":{"feature_id":"bangunan-soligi-518","Pemilik":"","BLOK":"Dusun 2","No Rumah":null}},{"type":"Feature","geometry":{"bbox":[127.42794780913727,-1.6516969856648864,127.42801778010951,-1.651621455872753],"type":"Polygon","coordinates":[[[127.42794780913727,-1.6516728635998206],[127.42798218371061,-1.651621455872753],[127.42801778010951,-1.6516455202749607],[127.42798348701338,-1.6516969856648864],[127.42794780913727,-1.6516728635998206]]]},"properties":{"feature_id":"bangunan-soligi-519","Pemilik":"","BLOK":"Dusun 3","No Rumah":null}},{"type":"Feature","geometry":{"bbox":[127.42249751742578,-1.655391055023896,127.42258378629866,-1.6553014907173316],"type":"Polygon","coordinates":[[[127.42249751742578,-1.6553572149212046],[127.4225410999194,-1.6553014907173316],[127.42258378629866,-1.6553353307751073],[127.42254020383193,-1.655391055023896],[127.42249751742578,-1.6553572149212046]]]},"properties":{"feature_id":"bangunan-soligi-520","Pemilik":"","BLOK":"Dusun 3","No Rumah":null}},{"type":"Feature","geometry":{"bbox":[127.42388644158359,-1.6546009444298464,127.42404618648428,-1.654413661368709],"type":"Polygon","coordinates":[[[127.42388644158359,-1.6544446051232613],[127.42400341952617,-1.654413661368709],[127.42404618648428,-1.6545775287190716],[127.42395780141415,-1.6546009444298464],[127.42392660186431,-1.6544815322145616],[127.42389809051399,-1.654489118217641],[127.42388644158359,-1.6544446051232613]]]},"properties":{"feature_id":"bangunan-soligi-521","Pemilik":"","BLOK":"Dusun 3","No Rumah":null}},{"type":"Feature","geometry":{"bbox":[127.42576002047363,-1.6542080222588202,127.42579545507697,-1.6541721380307166],"type":"Polygon","coordinates":[[[127.42576002047363,-1.6541782535545584],[127.42578926420245,-1.6541721380307166],[127.42579545507697,-1.6542019067170122],[127.42576621134815,-1.6542080222588202],[127.42576002047363,-1.6541782535545584]]]},"properties":{"feature_id":"bangunan-soligi-522","Pemilik":"","BLOK":"Dusun 3","No Rumah":null}},{"type":"Feature","geometry":{"bbox":[127.42542774894834,-1.654178910573374,127.42546236912109,-1.6541356084529129],"type":"Polygon","coordinates":[[[127.42542774894834,-1.6541433780985864],[127.42545112774735,-1.6541356084529129],[127.42546236912109,-1.6541712706084952],[127.42543947907745,-1.654178910573374],[127.42542774894834,-1.6541433780985864]]]},"properties":{"feature_id":"bangunan-soligi-523","Pemilik":"","BLOK":"Dusun 3","No Rumah":null}},{"type":"Feature","geometry":{"bbox":[127.42099981122166,-1.656758082288534,127.42113422726052,-1.6566367867552558],"type":"Polygon","coordinates":[[[127.42099981122166,-1.6566960069327201],[127.42103728481202,-1.6566367867552558],[127.42113422726052,-1.6566988620481877],[127.42109675372403,-1.656758082288534],[127.42099981122166,-1.6566960069327201]]]},"properties":{"feature_id":"bangunan-soligi-524","Pemilik":"","BLOK":"Dusun 3","No Rumah":null}},{"type":"Feature","geometry":{"bbox":[127.42264447585043,-1.6552988344978512,127.42282247109509,-1.65510923249869],"type":"Polygon","coordinates":[[[127.42264447585043,-1.6551725606629657],[127.42271738470889,-1.65510923249869],[127.42279982458474,-1.6552053385617322],[127.42281489510823,-1.6551922221255215],[127.42282247109509,-1.6552010923780978],[127.4227704166978,-1.6552464197952828],[127.42278866425701,-1.6552677188686356],[127.42275282083936,-1.6552988344978512],[127.42264447585043,-1.6551725606629657]]]},"properties":{"feature_id":"bangunan-soligi-525","Pemilik":"","BLOK":"Dusun 3","No Rumah":null}},{"type":"Feature","geometry":{"bbox":[127.42381939912816,-1.6537915253213153,127.42392619455917,-1.6537036432269014],"type":"Polygon","coordinates":[[[127.42381939912816,-1.653733156073004],[127.42390664392178,-1.6537036432269014],[127.42392619455917,-1.6537619529169094],[127.4238389497925,-1.6537915253213153],[127.42381939912816,-1.653733156073004]]]},"properties":{"feature_id":"bangunan-soligi-526","Pemilik":"","BLOK":"Dusun 3","No Rumah":null}},{"type":"Feature","geometry":{"bbox":[127.4234472838166,-1.655342578176207,127.42354625951188,-1.655231016266325],"type":"Polygon","coordinates":[[[127.4234472838166,-1.65525923198109],[127.42350797263175,-1.655231016266325],[127.42354625951188,-1.6553143623446611],[127.42348557072367,-1.655342578176207],[127.4234472838166,-1.65525923198109]]]},"properties":{"feature_id":"bangunan-soligi-527","Pemilik":"","BLOK":"Dusun 3","No Rumah":null}},{"type":"Feature","geometry":{"bbox":[127.42265522889099,-1.6559102017751808,127.42276520310944,-1.6557863641713455],"type":"Polygon","coordinates":[[[127.42265522889099,-1.65581964968113],[127.42270312879569,-1.6557863641713455],[127.42276520310944,-1.655876975608104],[127.42271730324966,-1.6559102017751808],[127.42265522889099,-1.65581964968113]]]},"properties":{"feature_id":"bangunan-soligi-528","Pemilik":"","BLOK":"Dusun 3","No Rumah":null}},{"type":"Feature","geometry":{"bbox":[127.4233108356179,-1.6556357132756174,127.42345608166495,-1.6554577947201259],"type":"Polygon","coordinates":[[[127.4233108356179,-1.6554957381833046],[127.42338928318298,-1.6554577947201259],[127.42345608166495,-1.6555977695519273],[127.42337763417171,-1.6556357132756174],[127.4233108356179,-1.6554957381833046]]]},"properties":{"feature_id":"bangunan-soligi-529","Pemilik":"","BLOK":"Dusun 3","No Rumah":null}},{"type":"Feature","geometry":{"bbox":[127.42288421945514,-1.6560180282745158,127.42305634883577,-1.6558582624520775],"type":"Polygon","coordinates":[[[127.42288421945514,-1.6559431394033883],[127.423003887304,-1.6558582624520775],[127.42305634883577,-1.6559330916211712],[127.4229366810857,-1.6560180282745158],[127.42288421945514,-1.6559431394033883]]]},"properties":{"feature_id":"bangunan-soligi-530","Pemilik":"","BLOK":"Dusun 3","No Rumah":null}},{"type":"Feature","geometry":{"bbox":[127.42053033062462,-1.6571767075685087,127.4206140764802,-1.657098684780782],"type":"Polygon","coordinates":[[[127.42053033062462,-1.657139811531968],[127.42055623645638,-1.657098684780782],[127.4206140764802,-1.6571355807993564],[127.42058817067539,-1.6571767075685087],[127.42053033062462,-1.657139811531968]]]},"properties":{"feature_id":"bangunan-soligi-531","Pemilik":"","BLOK":"Dusun 3","No Rumah":null}},{"type":"Feature","geometry":{"bbox":[127.4227458150761,-1.653434996408749,127.42281530242232,-1.6533662714357409],"type":"Polygon","coordinates":[[[127.4227458150761,-1.6533873990027397],[127.42279526269718,-1.6533662714357409],[127.42281530242232,-1.6534138093373456],[127.42276585481024,-1.653434996408749],[127.4227458150761,-1.6533873990027397]]]},"properties":{"feature_id":"bangunan-soligi-532","Pemilik":"","BLOK":"Dusun 3","No Rumah":null}},{"type":"Feature","geometry":{"bbox":[127.42359187789339,-1.6541827398039695,127.4237068197864,-1.654055020373179],"type":"Polygon","coordinates":[[[127.42359187789339,-1.6540813541533563],[127.4236751313644,-1.654055020373179],[127.4237068197864,-1.6541564653036176],[127.42362356636029,-1.6541827398039695],[127.42359187789339,-1.6540813541533563]]]},"properties":{"feature_id":"bangunan-soligi-533","Pemilik":"","BLOK":"Dusun 3","No Rumah":null}},{"type":"Feature","geometry":{"bbox":[127.42711947458109,-1.6526531410806315,127.42725208696457,-1.6525182393765996],"type":"Polygon","coordinates":[[[127.42711947458109,-1.6526366742967205],[127.42713609187774,-1.6525182393765996],[127.42725208696457,-1.652534704480661],[127.42723538824463,-1.6526531410806315],[127.42711947458109,-1.6526366742967205]]]},"properties":{"feature_id":"bangunan-soligi-534","Pemilik":"","BLOK":"Dusun 3","No Rumah":null}},{"type":"Feature","geometry":{"bbox":[127.42460891576513,-1.654612724343594,127.42464874979571,-1.6545770321663151],"type":"Polygon","coordinates":[[[127.42460891576513,-1.654612724343594],[127.424642070058,-1.6545770321663151],[127.42464874979571,-1.6546018559952806],[127.42460891576513,-1.654612724343594]]]},"properties":{"feature_id":"bangunan-soligi-535","Pemilik":"","BLOK":"Dusun 3","No Rumah":null}},{"type":"Feature","geometry":{"bbox":[127.42147971606688,-1.656724287299236,127.42156370519524,-1.6566362624176076],"type":"Polygon","coordinates":[[[127.42147971606688,-1.65669722830913],[127.42151010205747,-1.6566362624176076],[127.42156370519524,-1.6566632619302588],[127.4215333192226,-1.656724287299236],[127.42147971606688,-1.65669722830913]]]},"properties":{"feature_id":"bangunan-soligi-536","Pemilik":"","BLOK":"Dusun 3","No Rumah":null}},{"type":"Feature","geometry":{"bbox":[127.4228517160366,-1.65361812559713,127.42294841162804,-1.653525503048046],"type":"Polygon","coordinates":[[[127.4228517160366,-1.6535659836769807],[127.42291598970469,-1.653525503048046],[127.42294841162804,-1.6535776430817333],[127.42288405653669,-1.65361812559713],[127.4228517160366,-1.6535659836769807]]]},"properties":{"feature_id":"bangunan-soligi-537","Pemilik":"","BLOK":"Dusun 3","No Rumah":null}},{"type":"Feature","geometry":{"bbox":[127.42585817835166,-1.6539078776860963,127.42598248431014,-1.6537734075776425],"type":"Polygon","coordinates":[[[127.42585817835166,-1.653813834720885],[127.42593083952664,-1.6537734075776425],[127.42598248431014,-1.6538674521777874],[127.4259099046483,-1.6539078776860963],[127.42585817835166,-1.653813834720885]]]},"properties":{"feature_id":"bangunan-soligi-538","Pemilik":"","BLOK":"Dusun 3","No Rumah":null}},{"type":"Feature","geometry":{"bbox":[127.42204979742053,-1.6566850663239252,127.42216474181984,-1.6565703244587857],"type":"Polygon","coordinates":[[[127.42204979742053,-1.6566319995612415],[127.4220988382126,-1.6565703244587857],[127.42216474181984,-1.656623392946235],[127.42211578253192,-1.6566850663239252],[127.42204979742053,-1.6566319995612415]]]},"properties":{"feature_id":"bangunan-soligi-539","Pemilik":"","BLOK":"Dusun 3","No Rumah":null}},{"type":"Feature","geometry":{"bbox":[127.42481191428622,-1.6546448582940327,127.42483602643387,-1.6546159814551513],"type":"Polygon","coordinates":[[[127.42481191428622,-1.654618467138458],[127.4248329309562,-1.6546159814551513],[127.42483602643387,-1.654642370805112],[127.4248149283047,-1.6546448582940327],[127.42481191428622,-1.654618467138458]]]},"properties":{"feature_id":"bangunan-soligi-540","Pemilik":"","BLOK":"Dusun 3","No Rumah":null}},{"type":"Feature","geometry":{"bbox":[127.42208792216374,-1.6561212232488922,127.42219504605475,-1.656014083233114],"type":"Polygon","coordinates":[[[127.42208792216374,-1.6560734759320286],[127.42213329709281,-1.656014083233114],[127.42219504605475,-1.6560618322927094],[127.42214975262085,-1.6561212232488922],[127.42208792216374,-1.6560734759320286]]]},"properties":{"feature_id":"bangunan-soligi-541","Pemilik":"","BLOK":"Dusun 3","No Rumah":null}},{"type":"Feature","geometry":{"bbox":[127.42326423951,-1.6553211970237869,127.42340720473459,-1.6551409554519199],"type":"Polygon","coordinates":[[[127.42326423951,-1.6551768246512089],[127.4233349482686,-1.6551409554519199],[127.42340720473459,-1.6552853275729695],[127.42333649604788,-1.6553211970237869],[127.42326423951,-1.6551768246512089]]]},"properties":{"feature_id":"bangunan-soligi-542","Pemilik":"","BLOK":"Dusun 3","No Rumah":null}},{"type":"Feature","geometry":{"bbox":[127.42354674827624,-1.6551631295562246,127.42371146307927,-1.6549531592191935],"type":"Polygon","coordinates":[[[127.42354674827624,-1.6549936382401438],[127.42362967595525,-1.6549531592191935],[127.42371146307927,-1.655122648388301],[127.42362845403986,-1.6551631295562246],[127.42354674827624,-1.6549936382401438]]]},"properties":{"feature_id":"bangunan-soligi-543","Pemilik":"","BLOK":"Dusun 3","No Rumah":null}},{"type":"Feature","geometry":{"bbox":[127.42273856492615,-1.6541513569349398,127.42287297767719,-1.6540254410427622],"type":"Polygon","coordinates":[[[127.42273856492615,-1.6540709415742856],[127.42282010868759,-1.6540254410427622],[127.42287297767719,-1.654121306159679],[127.42284405859054,-1.6541374627193899],[127.42283550505697,-1.6541220145890783],[127.4227829618953,-1.6541513569349398],[127.42273856492615,-1.6540709415742856]]]},"properties":{"feature_id":"bangunan-soligi-544","Pemilik":"","BLOK":"Dusun 3","No Rumah":null}},{"type":"Feature","geometry":{"bbox":[127.4247856027214,-1.654793279777838,127.42489581800277,-1.654698042771951],"type":"Polygon","coordinates":[[[127.4247856027214,-1.6547225605718492],[127.4248323607416,-1.654698042771951],[127.42484270615361,-1.6547180292000614],[127.42486958792409,-1.6547039389900826],[127.42489581800277,-1.6547547293230218],[127.42482209678877,-1.654793279777838],[127.4247856027214,-1.6547225605718492]]]},"properties":{"feature_id":"bangunan-soligi-545","Pemilik":"","BLOK":"Dusun 3","No Rumah":null}},{"type":"Feature","geometry":{"bbox":[127.42317740124001,-1.6550145258940796,127.423263506359,-1.654919504358097],"type":"Polygon","coordinates":[[[127.42317740124001,-1.65494673984919],[127.4232260339454,-1.654919504358097],[127.423263506359,-1.6549873497726435],[127.42321487368056,-1.6550145258940796],[127.42317740124001,-1.65494673984919]]]},"properties":{"feature_id":"bangunan-soligi-546","Pemilik":"","BLOK":"Dusun 3","No Rumah":null}},{"type":"Feature","geometry":{"bbox":[127.42284365127641,-1.6541297376750703,127.42298319594094,-1.6539705346920732],"type":"Polygon","coordinates":[[[127.42284365127641,-1.6540122571610398],[127.42291835210321,-1.6539705346920732],[127.42298319594094,-1.6540880149905082],[127.42290849518601,-1.6541297376750703],[127.42284365127641,-1.6540122571610398]]]},"properties":{"feature_id":"bangunan-soligi-547","Pemilik":"","BLOK":"Dusun 3","No Rumah":null}},{"type":"Feature","geometry":{"bbox":[127.42232709740439,-1.6567189535881692,127.42248709021315,-1.6565683051628082],"type":"Polygon","coordinates":[[[127.42232709740439,-1.6566649338297499],[127.42240530166977,-1.6565683051628082],[127.42248709021315,-1.6566352927581236],[127.42244318183766,-1.6566895405538777],[127.4224272966051,-1.6566765131227454],[127.42239300080502,-1.6567189535881692],[127.42232709740439,-1.6566649338297499]]]},"properties":{"feature_id":"bangunan-soligi-548","Pemilik":"","BLOK":"Dusun 3","No Rumah":null}},{"type":"Feature","geometry":{"bbox":[127.4263229805227,-1.6533709438520114,127.42648899218759,-1.6531832849447425],"type":"Polygon","coordinates":[[[127.4263229805227,-1.6532427575038857],[127.4263831781211,-1.6531832849447425],[127.42648899218759,-1.6532917086530616],[127.42640883743718,-1.6533709438520114],[127.42635458630869,-1.6533153049521578],[127.42637454355952,-1.65329554253693],[127.4263229805227,-1.6532427575038857]]]},"properties":{"feature_id":"bangunan-soligi-549","Pemilik":"","BLOK":"Dusun 3","No Rumah":null}},{"type":"Feature","geometry":{"bbox":[127.41268409442844,-1.6560260599318082,127.41271440271477,-1.65599035029128],"type":"Polygon","coordinates":[[[127.41268409442844,-1.6560241203253792],[127.41268645716832,-1.65599035029128],[127.41271440271477,-1.655992289906692],[127.41271203997489,-1.6560260599318082],[127.41268409442844,-1.6560241203253792]]]},"properties":{"feature_id":"bangunan-soligi-550","Pemilik":"","BLOK":"Dusun 3","No Rumah":null}},{"type":"Feature","geometry":{"bbox":[127.42549951451197,-1.6535175336529861,127.42553780031412,-1.6534782742207983],"type":"Polygon","coordinates":[[[127.42549951451197,-1.6534833442763293],[127.42553258693239,-1.6534782742207983],[127.42553780031412,-1.6535124635705059],[127.42550472790268,-1.6535175336529861],[127.42549951451197,-1.6534833442763293]]]},"properties":{"feature_id":"bangunan-soligi-551","Pemilik":"","BLOK":"Dusun 3","No Rumah":null}},{"type":"Feature","geometry":{"bbox":[127.42394647833865,-1.6531659734210706,127.42403681848417,-1.6530736292059944],"type":"Polygon","coordinates":[[[127.42394647833865,-1.6531013854953736],[127.42400806280108,-1.6530736292059944],[127.42403681848417,-1.653138274695735],[127.42397515258946,-1.6531659734210706],[127.42394647833865,-1.6531013854953736]]]},"properties":{"feature_id":"bangunan-soligi-552","Pemilik":"","BLOK":"Dusun 3","No Rumah":null}},{"type":"Feature","geometry":{"bbox":[127.42113544922978,-1.6530757986194393,127.42127735970647,-1.6529603639555863],"type":"Polygon","coordinates":[[[127.42113544922978,-1.6530101941332171],[127.42124892875536,-1.6529603639555863],[127.42127735970647,-1.6530260295272476],[127.42116396168507,-1.6530757986194393],[127.42113544922978,-1.6530101941332171]]]},"properties":{"feature_id":"bangunan-soligi-553","Pemilik":"","BLOK":"Dusun 3","No Rumah":null}},{"type":"Feature","geometry":{"bbox":[127.4229804262283,-1.654461608704454,127.42313715907784,-1.6542674807233966],"type":"Polygon","coordinates":[[[127.4229804262283,-1.6543250686530064],[127.42308160205046,-1.6542674807233966],[127.42310416700276,-1.6543075316521982],[127.42308290544304,-1.6543195951191656],[127.42313715907784,-1.6544161434048559],[127.42305724492321,-1.654461608704454],[127.4229804262283,-1.6543250686530064]]]},"properties":{"feature_id":"bangunan-soligi-554","Pemilik":"","BLOK":"Dusun 3","No Rumah":null}},{"type":"Feature","geometry":{"bbox":[127.42243633896588,-1.654937955071313,127.42251340264036,-1.6548619384551777],"type":"Polygon","coordinates":[[[127.42243633896588,-1.6548896792576018],[127.42246208117852,-1.6548619384551777],[127.42251340264036,-1.6549102142329568],[127.42248766044571,-1.654937955071313],[127.42243633896588,-1.6548896792576018]]]},"properties":{"feature_id":"bangunan-soligi-555","Pemilik":"","BLOK":"Dusun 3","No Rumah":null}},{"type":"Feature","geometry":{"bbox":[127.42062890306616,-1.6572100213752246,127.4206565196226,-1.6571856973958325],"type":"Polygon","coordinates":[[[127.42062890306616,-1.6571876398229715],[127.42065489033021,-1.6571856973958325],[127.4206565196226,-1.6572080789391026],[127.42063053236754,-1.6572100213752246],[127.42062890306616,-1.6571876398229715]]]},"properties":{"feature_id":"bangunan-soligi-556","Pemilik":"","BLOK":"Dusun 3","No Rumah":null}},{"type":"Feature","geometry":{"bbox":[127.42067737459583,-1.6571263264091984,127.4207907733898,-1.6569971137717932],"type":"Polygon","coordinates":[[[127.42067737459583,-1.657092556779341],[127.42073945067926,-1.6569971137717932],[127.4207907733898,-1.6570308833477516],[127.42072869735127,-1.6571263264091984],[127.42067737459583,-1.657092556779341]]]},"properties":{"feature_id":"bangunan-soligi-557","Pemilik":"","BLOK":"Dusun 3","No Rumah":null}},{"type":"Feature","geometry":{"bbox":[127.42241336648388,-1.6559363273079089,127.42247845516644,-1.655863491060256],"type":"Polygon","coordinates":[[[127.42241336648388,-1.6559163248897868],[127.42244179696786,-1.655863491060256],[127.42247845516644,-1.6558834916637815],[127.4224499432412,-1.6559363273079089],[127.42241336648388,-1.6559163248897868]]]},"properties":{"feature_id":"bangunan-soligi-558","Pemilik":"","BLOK":"Dusun 3","No Rumah":null}},{"type":"Feature","geometry":{"bbox":[127.4207950095482,-1.6572621111481718,127.42087981413124,-1.6571713760223818],"type":"Polygon","coordinates":[[[127.4207950095482,-1.6572341526839547],[127.42082922467057,-1.6571713760223818],[127.42087981413124,-1.6571993344596494],[127.42084559903584,-1.6572621111481718],[127.4207950095482,-1.6572341526839547]]]},"properties":{"feature_id":"bangunan-soligi-559","Pemilik":"","BLOK":"Dusun 3","No Rumah":null}},{"type":"Feature","geometry":{"bbox":[127.42096535179346,-1.6569789174524823,127.42107459544803,-1.6568660199723515],"type":"Polygon","coordinates":[[[127.42096535179346,-1.6569405044758372],[127.42100738740614,-1.6568660199723515],[127.42107459544803,-1.6569044329130642],[127.42103255988023,-1.6569789174524823],[127.42096535179346,-1.6569405044758372]]]},"properties":{"feature_id":"bangunan-soligi-560","Pemilik":"","BLOK":"Dusun 3","No Rumah":null}},{"type":"Feature","geometry":{"bbox":[127.42350373663501,-1.655386873276417,127.42356906870714,-1.655321661300075],"type":"Polygon","coordinates":[[[127.42350373663501,-1.6553417605835343],[127.42354959943013,-1.655321661300075],[127.42356906870714,-1.655366835195178],[127.4235232873892,-1.655386873276417],[127.42350373663501,-1.6553417605835343]]]},"properties":{"feature_id":"bangunan-soligi-561","Pemilik":"","BLOK":"Dusun 3","No Rumah":null}},{"type":"Feature","geometry":{"bbox":[127.42220881329345,-1.6557146989135982,127.4222902762065,-1.6556337598081838],"type":"Polygon","coordinates":[[[127.42220881329345,-1.655688775385028],[127.4222337409497,-1.6556337598081838],[127.4222902762065,-1.655659683336754],[127.42226534855924,-1.6557146989135982],[127.42220881329345,-1.655688775385028]]]},"properties":{"feature_id":"bangunan-soligi-562","Pemilik":"","BLOK":"Dusun 3","No Rumah":null}},{"type":"Feature","geometry":{"bbox":[127.42461282585309,-1.6549427584529688,127.42470088426883,-1.6548364852395745],"type":"Polygon","coordinates":[[[127.42461282585309,-1.6548602718018481],[127.42465876938878,-1.6548364852395745],[127.42470088426883,-1.6549190312603523],[127.42465494076005,-1.6549427584529688],[127.42461282585309,-1.6548602718018481]]]},"properties":{"feature_id":"bangunan-soligi-563","Pemilik":"","BLOK":"Dusun 3","No Rumah":null}},{"type":"Feature","geometry":{"bbox":[127.42670819542707,-1.6524470980522585,127.42677409474035,-1.6523784572154603],"type":"Polygon","coordinates":[[[127.42670819542707,-1.6524011685033217],[127.42674867993672,-1.6523784572154603],[127.42677409474035,-1.6524243867194812],[127.42673361024868,-1.6524470980522585],[127.42670819542707,-1.6524011685033217]]]},"properties":{"feature_id":"bangunan-soligi-564","Pemilik":"","BLOK":"Dusun 3","No Rumah":null}},{"type":"Feature","geometry":{"bbox":[127.42310098999396,-1.6554625805936167,127.42322969972753,-1.6553328706219208],"type":"Polygon","coordinates":[[[127.42310098999396,-1.6553830640872356],[127.42317951925185,-1.6553328706219208],[127.42322969972753,-1.655412386966605],[127.42315117052354,-1.6554625805936167],[127.42310098999396,-1.6553830640872356]]]},"properties":{"feature_id":"bangunan-soligi-565","Pemilik":"","BLOK":"Dusun 3","No Rumah":null}},{"type":"Feature","geometry":{"bbox":[127.42191253189866,-1.6578001410706336,127.42205484813533,-1.6576513039543126],"type":"Polygon","coordinates":[[[127.42191253189866,-1.6577582150524066],[127.42195000500394,-1.6576513039543126],[127.42198250883571,-1.6576628341633608],[127.42197582884648,-1.6576819506270173],[127.42200988046648,-1.6576940412051397],[127.42200336341365,-1.6577126783726763],[127.42205484813533,-1.6577309836037324],[127.42203057211701,-1.6578001410706336],[127.42191253189866,-1.6577582150524066]]]},"properties":{"feature_id":"bangunan-soligi-566","Pemilik":"","BLOK":"Dusun 3","No Rumah":null}},{"type":"Feature","geometry":{"bbox":[127.42230225124332,-1.6556064378901771,127.42243128827803,-1.655480156805887],"type":"Polygon","coordinates":[[[127.42230225124332,-1.655554413873909],[127.42238534330502,-1.655480156805887],[127.42243128827803,-1.6555321788907773],[127.42234811481099,-1.6556064378901771],[127.42230225124332,-1.655554413873909]]]},"properties":{"feature_id":"bangunan-soligi-567","Pemilik":"","BLOK":"Dusun 3","No Rumah":null}},{"type":"Feature","geometry":{"bbox":[127.4211405814757,-1.6570699496421537,127.42132167612371,-1.6568819460962259],"type":"Polygon","coordinates":[[[127.4211405814757,-1.6570158926126333],[127.4211641246215,-1.6569660776434803],[127.4211862014023,-1.6569766494040192],[127.42123100666475,-1.6568819460962259],[127.42132167612371,-1.6569254295056945],[127.42125324635506,-1.6570699496421537],[127.4211405814757,-1.6570158926126333]]]},"properties":{"feature_id":"bangunan-soligi-568","Pemilik":"","BLOK":"Dusun 3","No Rumah":null}},{"type":"Feature","geometry":{"bbox":[127.42153592606168,-1.6581334691045257,127.42159254333468,-1.658090412269053],"type":"Polygon","coordinates":[[[127.42153592606168,-1.6581227355214716],[127.42154285048251,-1.658090412269053],[127.42159254333468,-1.6581011458610904],[127.42158561892286,-1.6581334691045257],[127.42153592606168,-1.6581227355214716]]]},"properties":{"feature_id":"bangunan-soligi-569","Pemilik":"","BLOK":"Dusun 3","No Rumah":null}},{"type":"Feature","geometry":{"bbox":[127.42146937016076,-1.6573003814454004,127.42160101555274,-1.657149986434781],"type":"Polygon","coordinates":[[[127.42146937016076,-1.6572623470727148],[127.42152476553635,-1.657149986434781],[127.42160101555274,-1.657188020771534],[127.42154562024905,-1.6573003814454004],[127.42146937016076,-1.6572623470727148]]]},"properties":{"feature_id":"bangunan-soligi-570","Pemilik":"","BLOK":"Dusun 3","No Rumah":null}},{"type":"Feature","geometry":{"bbox":[127.42372197158045,-1.6551515204211955,127.4238161406871,-1.655061560739125],"type":"Polygon","coordinates":[[[127.42372197158045,-1.655099881943881],[127.4237852669113,-1.655061560739125],[127.4238161406871,-1.6551132009232388],[127.42375292683344,-1.6551515204211955],[127.42372197158045,-1.655099881943881]]]},"properties":{"feature_id":"bangunan-soligi-571","Pemilik":"","BLOK":"Dusun 3","No Rumah":null}},{"type":"Feature","geometry":{"bbox":[127.42164052541726,-1.6567937230372627,127.42167563622286,-1.6567512511487705],"type":"Polygon","coordinates":[[[127.42164052541726,-1.6567864920124507],[127.42165038251409,-1.6567512511487705],[127.42167563622286,-1.6567584821825658],[127.42166577913501,-1.6567937230372627],[127.42164052541726,-1.6567864920124507]]]},"properties":{"feature_id":"bangunan-soligi-572","Pemilik":"","BLOK":"Dusun 3","No Rumah":null}},{"type":"Feature","geometry":{"bbox":[127.42334439782674,-1.653884478576188,127.42351457100904,-1.6537033142189286],"type":"Polygon","coordinates":[[[127.42334439782674,-1.6537563647221056],[127.42338105555821,-1.6537413457529382],[127.42337347962524,-1.6537225467988186],[127.42342056442561,-1.6537033142189286],[127.42346251712378,-1.6538073264086852],[127.42349721971694,-1.653793123487088],[127.42351457100904,-1.653836023809089],[127.42339612595593,-1.653884478576188],[127.42334439782674,-1.6537563647221056]]]},"properties":{"feature_id":"bangunan-soligi-573","Pemilik":"","BLOK":"Dusun 3","No Rumah":null}},{"type":"Feature","geometry":{"bbox":[127.4225014276305,-1.6543535296258103,127.42261604544727,-1.6542225436511522],"type":"Polygon","coordinates":[[[127.4225014276305,-1.6542725025214307],[127.42257482541503,-1.6542225436511522],[127.42261604544727,-1.6542839440128614],[127.42257995755314,-1.6543084640765138],[127.42259315448736,-1.6543281501259595],[127.4225558446419,-1.6543535296258103],[127.4225014276305,-1.6542725025214307]]]},"properties":{"feature_id":"bangunan-soligi-574","Pemilik":"","BLOK":"Dusun 3","No Rumah":null}},{"type":"Feature","geometry":{"bbox":[127.42595853547618,-1.6540943188910648,127.4260887877249,-1.6539555950171956],"type":"Polygon","coordinates":[[[127.42595853547618,-1.6539967572069194],[127.42604023844603,-1.6539555950171956],[127.4260887877249,-1.6540531565037118],[127.42600708480896,-1.6540943188910648],[127.42595853547618,-1.6539967572069194]]]},"properties":{"feature_id":"bangunan-soligi-575","Pemilik":"","BLOK":"Dusun 3","No Rumah":null}},{"type":"Feature","geometry":{"bbox":[127.42566145516471,-1.65389910066068,127.42574356578103,-1.6538093429198857],"type":"Polygon","coordinates":[[[127.42566145516471,-1.6538331600518283],[127.42571424057503,-1.6538093429198857],[127.42574356578103,-1.6538752239973837],[127.42569078039766,-1.65389910066068],[127.42566145516471,-1.6538331600518283]]]},"properties":{"feature_id":"bangunan-soligi-576","Pemilik":"","BLOK":"Dusun 3","No Rumah":null}},{"type":"Feature","geometry":{"bbox":[127.42393157098515,-1.6531013854953736,127.42400806280108,-1.6530401291066548],"type":"Polygon","coordinates":[[[127.42393157098515,-1.6530678853511183],[127.42399315545656,-1.6530401291066548],[127.42400806280108,-1.6530736292059944],[127.42394647833865,-1.6531013854953736],[127.42393157098515,-1.6530678853511183]]]},"properties":{"feature_id":"bangunan-soligi-577","Pemilik":"","BLOK":"Dusun 3","No Rumah":null}},{"type":"Feature","geometry":{"bbox":[127.42172296654176,-1.6581745669389427,127.4218321275693,-1.6580684749965897],"type":"Polygon","coordinates":[[[127.42172296654176,-1.6581392895587461],[127.42175490023978,-1.6580684749965897],[127.4218321275693,-1.6581038118183087],[127.42180019391624,-1.6581745669389427],[127.42172296654176,-1.6581392895587461]]]},"properties":{"feature_id":"bangunan-soligi-578","Pemilik":"","BLOK":"Dusun 3","No Rumah":null}},{"type":"Feature","geometry":{"bbox":[127.42164859031222,-1.6560916713530243,127.42180809586577,-1.6559306721796336],"type":"Polygon","coordinates":[[[127.42164859031222,-1.655989655758818],[127.42170773286628,-1.6559306721796336],[127.42180809586577,-1.6560326875941764],[127.42174895340158,-1.6560916713530243],[127.42164859031222,-1.655989655758818]]]},"properties":{"feature_id":"bangunan-soligi-579","Pemilik":"","BLOK":"Dusun 3","No Rumah":null}},{"type":"Feature","geometry":{"bbox":[127.42096999525701,-1.6568314346452668,127.42106074652553,-1.6567350681336743],"type":"Polygon","coordinates":[[[127.42096999525701,-1.6567991788383598],[127.4210108089004,-1.6567350681336743],[127.42106074652553,-1.656767322108018],[127.42101985144087,-1.6568314346452668],[127.42096999525701,-1.6567991788383598]]]},"properties":{"feature_id":"bangunan-soligi-580","Pemilik":"","BLOK":"Dusun 3","No Rumah":null}},{"type":"Feature","geometry":{"bbox":[127.42190006800766,-1.6581806143974354,127.42196157278053,-1.6581017871414223],"type":"Polygon","coordinates":[[[127.42190006800766,-1.6581657560560235],[127.42192898748058,-1.6581017871414223],[127.42196157278053,-1.658116645473851],[127.42193265332557,-1.6581806143974354],[127.42190006800766,-1.6581657560560235]]]},"properties":{"feature_id":"bangunan-soligi-581","Pemilik":"","BLOK":"Dusun 3","No Rumah":null}},{"type":"Feature","geometry":{"bbox":[127.424370807211,-1.6532816382422826,127.42445495582623,-1.6531942490893976],"type":"Polygon","coordinates":[[[127.424370807211,-1.6532139016586327],[127.42443426488539,-1.6531942490893976],[127.42445495582623,-1.653262045042705],[127.42439149816083,-1.6532816382422826],[127.424370807211,-1.6532139016586327]]]},"properties":{"feature_id":"bangunan-soligi-582","Pemilik":"","BLOK":"Dusun 3","No Rumah":null}},{"type":"Feature","geometry":{"bbox":[127.4217897665958,-1.6560112137805347,127.42189094411576,-1.6559073553643884],"type":"Polygon","coordinates":[[[127.4217897665958,-1.6559739298424712],[127.42185070122595,-1.6559073553643884],[127.42189094411576,-1.6559445797800811],[127.42183000952153,-1.6560112137805347],[127.4217897665958,-1.6559739298424712]]]},"properties":{"feature_id":"bangunan-soligi-583","Pemilik":"","BLOK":"Dusun 3","No Rumah":null}},{"type":"Feature","geometry":{"bbox":[127.42180019391624,-1.6582109236090206,127.42196312058675,-1.6580010344078258],"type":"Polygon","coordinates":[[[127.42180019391624,-1.6581745669389427],[127.4218728592594,-1.6580134770716408],[127.4218977870324,-1.658024818131423],[127.42190845873054,-1.6580010344078258],[127.42196312058675,-1.6580259886991202],[127.42187970217608,-1.6582109236090206],[127.42180019391624,-1.6581745669389427]]]},"properties":{"feature_id":"bangunan-soligi-584","Pemilik":"","BLOK":"Dusun 3","No Rumah":null}},{"type":"Feature","geometry":{"bbox":[127.42351717777626,-1.653837601331576,127.42359676557292,-1.653757898694268],"type":"Polygon","coordinates":[[[127.42351717777626,-1.6537812080804457],[127.42357387492746,-1.653757898694268],[127.42359676557292,-1.6538143513240386],[127.42354006843972,-1.653837601331576],[127.42351717777626,-1.6537812080804457]]]},"properties":{"feature_id":"bangunan-soligi-585","Pemilik":"","BLOK":"Dusun 3","No Rumah":null}},{"type":"Feature","geometry":{"bbox":[127.42247788493388,-1.6549037272198124,127.42259388764741,-1.654789120784685],"type":"Polygon","coordinates":[[[127.42247788493388,-1.6548356063638332],[127.42252048988081,-1.654789120784685],[127.42254769838654,-1.6548143838628753],[127.42256879718948,-1.65479138342529],[127.42259233985915,-1.6548132194576208],[127.42257124106519,-1.6548362199131723],[127.42259388764741,-1.6548572433474633],[127.42255136420461,-1.6549037272198124],[127.42247788493388,-1.6548356063638332]]]},"properties":{"feature_id":"bangunan-soligi-586","Pemilik":"","BLOK":"Dusun 3","No Rumah":null}},{"type":"Feature","geometry":{"bbox":[127.42396619188551,-1.654241255468689,127.42406296741801,-1.654160048800067],"type":"Polygon","coordinates":[[[127.42396619188551,-1.6541852819913077],[127.42404537187399,-1.654160048800067],[127.42406296741801,-1.6542160239842472],[127.42398386890672,-1.654241255468689],[127.42396619188551,-1.6541852819913077]]]},"properties":{"feature_id":"bangunan-soligi-587","Pemilik":"","BLOK":"Dusun 3","No Rumah":null}},{"type":"Feature","geometry":{"bbox":[127.42210559965207,-1.6567316336048485,127.42222306930549,-1.6566028754341289],"type":"Polygon","coordinates":[[[127.42210559965207,-1.6566978377891006],[127.42218103442043,-1.6566028754341289],[127.42222306930549,-1.6566367306285172],[127.42214763458206,-1.6567316336048485],[127.42210559965207,-1.6566978377891006]]]},"properties":{"feature_id":"bangunan-soligi-588","Pemilik":"","BLOK":"Dusun 3","No Rumah":null}},{"type":"Feature","geometry":{"bbox":[127.42454602846706,-1.6545825272237902,127.42461917975386,-1.6545072763226198],"type":"Polygon","coordinates":[[[127.42454602846706,-1.654537118212628],[127.42458350017995,-1.6545072763226198],[127.42461917975386,-1.6545526852888663],[127.42458170805894,-1.6545825272237902],[127.42454602846706,-1.654537118212628]]]},"properties":{"feature_id":"bangunan-soligi-589","Pemilik":"","BLOK":"Dusun 3","No Rumah":null}},{"type":"Feature","geometry":{"bbox":[127.42390933213026,-1.653665271563776,127.42398248407288,-1.6535500882395566],"type":"Polygon","coordinates":[[[127.42390933213026,-1.65356333061957],[127.42394362720272,-1.6535500882395566],[127.42398248407288,-1.6536520273062836],[127.42394810755916,-1.653665271563776],[127.42390933213026,-1.65356333061957]]]},"properties":{"feature_id":"bangunan-soligi-590","Pemilik":"","BLOK":"Dusun 3","No Rumah":null}},{"type":"Feature","geometry":{"bbox":[127.42554219911254,-1.6539661295066335,127.42569265395097,-1.65379791643032],"type":"Polygon","coordinates":[[[127.42554219911254,-1.6538445920121339],[127.42560972868841,-1.65379791643032],[127.42569265395097,-1.653919511363099],[127.42562504298773,-1.6539661295066335],[127.42554219911254,-1.6538445920121339]]]},"properties":{"feature_id":"bangunan-soligi-591","Pemilik":"","BLOK":"Dusun 3","No Rumah":null}},{"type":"Feature","geometry":{"bbox":[127.42189249192198,-1.6573428281181828,127.42195138987374,-1.6572810665977968],"type":"Polygon","coordinates":[[[127.42189249192198,-1.657322320864837],[127.42191611627544,-1.6572810665977968],[127.42195138987374,-1.6573015738331758],[127.42192776552923,-1.6573428281181828],[127.42189249192198,-1.657322320864837]]]},"properties":{"feature_id":"bangunan-soligi-592","Pemilik":"","BLOK":"Dusun 3","No Rumah":null}},{"type":"Feature","geometry":{"bbox":[127.42221093133223,-1.6554575555077489,127.4222376511724,-1.6554254437456977],"type":"Polygon","coordinates":[[[127.42221093133223,-1.6554533893101073],[127.42221630788394,-1.6554254437456977],[127.4222376511724,-1.6554296099433392],[127.42223227462068,-1.6554575555077489],[127.42221093133223,-1.6554533893101073]]]},"properties":{"feature_id":"bangunan-soligi-593","Pemilik":"","BLOK":"Dusun 3","No Rumah":null}},{"type":"Feature","geometry":{"bbox":[127.42214217656212,-1.6574229844675912,127.42222274345956,-1.6573573652939142],"type":"Polygon","coordinates":[[[127.42214217656212,-1.657376200441156],[127.4221549662541,-1.6573573652939142],[127.42222274345956,-1.6574041493023828],[127.42220995377656,-1.6574229844675912],[127.42214217656212,-1.657376200441156]]]},"properties":{"feature_id":"bangunan-soligi-594","Pemilik":"","BLOK":"Dusun 3","No Rumah":null}},{"type":"Feature","geometry":{"bbox":[127.42147450237972,-1.656186410305968,127.42151352353378,-1.656151740788775],"type":"Polygon","coordinates":[[[127.42147450237972,-1.6561768799533547],[127.42148199705109,-1.656151740788775],[127.42151352353378,-1.656161330600877],[127.42150602887138,-1.656186410305968],[127.42147450237972,-1.6561768799533547]]]},"properties":{"feature_id":"bangunan-soligi-595","Pemilik":"","BLOK":"Dusun 3","No Rumah":null}},{"type":"Feature","geometry":{"bbox":[127.42201387216637,-1.6557502373442163,127.42209566114992,-1.65565386438272],"type":"Polygon","coordinates":[[[127.42201387216637,-1.6557270942361977],[127.422055825691,-1.65565386438272],[127.42209566114992,-1.6556769462166532],[127.42205362618401,-1.6557502373442163],[127.42201387216637,-1.6557270942361977]]]},"properties":{"feature_id":"bangunan-soligi-596","Pemilik":"","BLOK":"Dusun 3","No Rumah":null}},{"type":"Feature","geometry":{"bbox":[127.42265474011764,-1.6538976542473085,127.42273196647697,-1.6538096397142723],"type":"Polygon","coordinates":[[[127.42265474011764,-1.653833006053639],[127.42269245722333,-1.6538096397142723],[127.42273196647697,-1.6538743473135316],[127.42269424939823,-1.6538976542473085],[127.42265474011764,-1.653833006053639]]]},"properties":{"feature_id":"bangunan-soligi-597","Pemilik":"","BLOK":"Dusun 3","No Rumah":null}},{"type":"Feature","geometry":{"bbox":[127.42543508027903,-1.6542146336437156,127.4254604955588,-1.6541793849826587],"type":"Polygon","coordinates":[[[127.42543508027903,-1.654182515503626],[127.42545568946421,-1.6541793849826587],[127.4254604955588,-1.654211503104782],[127.42543988637361,-1.6542146336437156],[127.42543508027903,-1.654182515503626]]]},"properties":{"feature_id":"bangunan-soligi-598","Pemilik":"","BLOK":"Dusun 3","No Rumah":null}},{"type":"Feature","geometry":{"bbox":[127.42525709160105,-1.6536752939236705,127.42538001380365,-1.6535577079833585],"type":"Polygon","coordinates":[[[127.42525709160105,-1.653599694530069],[127.42534384586062,-1.6535577079833585],[127.42538001380365,-1.6536333072152631],[127.42529325958901,-1.6536752939236705],[127.42525709160105,-1.653599694530069]]]},"properties":{"feature_id":"bangunan-soligi-599","Pemilik":"","BLOK":"Dusun 3","No Rumah":null}},{"type":"Feature","geometry":{"bbox":[127.42322530078538,-1.654034790869936,127.42332101832706,-1.653935204302292],"type":"Polygon","coordinates":[[[127.42322530078538,-1.6539611422128897],[127.42329332135346,-1.653935204302292],[127.42332101832706,-1.6540089123020458],[127.42325299779493,-1.654034790869936],[127.42322530078538,-1.6539611422128897]]]},"properties":{"feature_id":"bangunan-soligi-600","Pemilik":"","BLOK":"Dusun 3","No Rumah":null}},{"type":"Feature","geometry":{"bbox":[127.42377606180274,-1.6540588033046044,127.42389312139316,-1.653949188573949],"type":"Polygon","coordinates":[[[127.42377606180274,-1.6539766892117815],[127.42386909038133,-1.653949188573949],[127.42389312139316,-1.6540313007174279],[127.42380001138227,-1.6540588033046044],[127.42377606180274,-1.6539766892117815]]]},"properties":{"feature_id":"bangunan-soligi-601","Pemilik":"","BLOK":"Dusun 3","No Rumah":null}},{"type":"Feature","geometry":{"bbox":[127.42706424650778,-1.6526098614809346,127.42710350894932,-1.6525688058134371],"type":"Polygon","coordinates":[[[127.42706424650778,-1.6525776694813625],[127.42709414135346,-1.6525688058134371],[127.42710350894932,-1.6526009995916737],[127.42707369556285,-1.6526098614809346],[127.42706424650778,-1.6525776694813625]]]},"properties":{"feature_id":"bangunan-soligi-602","Pemilik":"","BLOK":"Dusun 3","No Rumah":null}},{"type":"Feature","geometry":{"bbox":[127.42401335775882,-1.6550470888709148,127.42416788888252,-1.65490872626352],"type":"Polygon","coordinates":[[[127.42401335775882,-1.6549576450733459],[127.42413115009603,-1.65490872626352],[127.42416788888252,-1.654998169818544],[127.42405009660816,-1.6550470888709148],[127.42401335775882,-1.6549576450733459]]]},"properties":{"feature_id":"bangunan-soligi-603","Pemilik":"","BLOK":"Dusun 3","No Rumah":null}},{"type":"Feature","geometry":{"bbox":[127.4234155138096,-1.6548604844330757,127.42351400078546,-1.654729672453105],"type":"Polygon","coordinates":[[[127.4234155138096,-1.6547520499809059],[127.42347033742544,-1.654729672453105],[127.42351400078546,-1.6548381680356303],[127.42345925866476,-1.6548604844330757],[127.4234155138096,-1.6547520499809059]]]},"properties":{"feature_id":"bangunan-soligi-604","Pemilik":"","BLOK":"Dusun 3","No Rumah":null}},{"type":"Feature","geometry":{"bbox":[127.42215985404145,-1.6561416871136097,127.4222196478651,-1.6560812125376658],"type":"Polygon","coordinates":[[[127.42215985404145,-1.6561155296278067],[127.42218714414115,-1.6560812125376658],[127.4222196478651,-1.6561073105370305],[127.42219235777442,-1.6561416871136097],[127.42215985404145,-1.6561155296278067]]]},"properties":{"feature_id":"bangunan-soligi-605","Pemilik":"","BLOK":"Dusun 3","No Rumah":null}},{"type":"Feature","geometry":{"bbox":[127.42205476666713,-1.6560734759320286,127.42213329709281,-1.655988475318636],"type":"Polygon","coordinates":[[[127.42205476666713,-1.6560478679816177],[127.42210014162315,-1.655988475318636],[127.42213329709281,-1.656014083233114],[127.42208792216374,-1.6560734759320286],[127.42205476666713,-1.6560478679816177]]]},"properties":{"feature_id":"bangunan-soligi-606","Pemilik":"","BLOK":"Dusun 3","No Rumah":null}},{"type":"Feature","geometry":{"bbox":[127.42523469024992,-1.6541776934909114,127.42541170147103,-1.6539699830366572],"type":"Polygon","coordinates":[[[127.42523469024992,-1.65399407058845],[127.42529163039542,-1.6539699830366572],[127.42530189428533,-1.6539946082391308],[127.42533903975709,-1.6539789245885177],[127.42534938509725,-1.6540037857963823],[127.42535557600773,-1.6540012114852896],[127.42541170147103,-1.6541352899372626],[127.42531150649243,-1.6541776934909114],[127.42525538094824,-1.6540436147335111],[127.42523469024992,-1.65399407058845]]]},"properties":{"feature_id":"bangunan-soligi-607","Pemilik":"","BLOK":"Dusun 3","No Rumah":null}},{"type":"Feature","geometry":{"bbox":[127.42405009660816,-1.6551492026869141,127.4241840180975,-1.6550088479306295],"type":"Polygon","coordinates":[[[127.42405009660816,-1.6550470888709148],[127.4241420658305,-1.6550088479306295],[127.4241840180975,-1.655111019184908],[127.42409196746085,-1.6551492026869141],[127.42405009660816,-1.6550470888709148]]]},"properties":{"feature_id":"bangunan-soligi-608","Pemilik":"","BLOK":"Dusun 3","No Rumah":null}},{"type":"Feature","geometry":{"bbox":[127.42422181584496,-1.6528172381841113,127.42434180727598,-1.6527143145548495],"type":"Polygon","coordinates":[[[127.42422181584496,-1.6527569028650029],[127.4243143550753,-1.6527143145548495],[127.42434180727598,-1.6527746479425802],[127.42424918662232,-1.6528172381841113],[127.42422181584496,-1.6527569028650029]]]},"properties":{"feature_id":"bangunan-soligi-609","Pemilik":"","BLOK":"Dusun 3","No Rumah":null}},{"type":"Feature","geometry":{"bbox":[127.42189184021218,-1.6570585019792967,127.42208841093708,-1.656898270443266],"type":"Polygon","coordinates":[[[127.42189184021218,-1.6569863745113862],[127.42193941477404,-1.656898270443266],[127.42208841093708,-1.6569798270506064],[127.42205932860858,-1.6570336884629906],[127.42204197695716,-1.6570242015708705],[127.42202356628185,-1.6570585019792967],[127.42189184021218,-1.6569863745113862]]]},"properties":{"feature_id":"bangunan-soligi-610","Pemilik":"","BLOK":"Dusun 3","No Rumah":null}},{"type":"Feature","geometry":{"bbox":[127.42228164114186,-1.655247143972149,127.4223698653776,-1.6551362597243677],"type":"Polygon","coordinates":[[[127.42228164114186,-1.6552253487772313],[127.4223310076271,-1.6551362597243677],[127.4223698653776,-1.655158114360808],[127.42232049891932,-1.655247143972149],[127.42228164114186,-1.6552253487772313]]]},"properties":{"feature_id":"bangunan-soligi-611","Pemilik":"","BLOK":"Dusun 3","No Rumah":null}},{"type":"Feature","geometry":{"bbox":[127.42189273630862,-1.6566887606455312,127.42193322356714,-1.6566416420775014],"type":"Polygon","coordinates":[[[127.42189273630862,-1.656677511501369],[127.42190951775443,-1.6566416420775014],[127.42193322356714,-1.656652831762175],[127.42191644213034,-1.6566887606455312],[127.42189273630862,-1.656677511501369]]]},"properties":{"feature_id":"bangunan-soligi-612","Pemilik":"","BLOK":"Dusun 3","No Rumah":null}},{"type":"Feature","geometry":{"bbox":[127.42578144415229,-1.6542560516287168,127.42584522640597,-1.6541932887113677],"type":"Polygon","coordinates":[[[127.42578144415229,-1.654215058196502],[127.4258249431655,-1.6541932887113677],[127.42584522640597,-1.654234280311019],[127.4258016459515,-1.6542560516287168],[127.42578144415229,-1.654215058196502]]]},"properties":{"feature_id":"bangunan-soligi-613","Pemilik":"","BLOK":"Dusun 3","No Rumah":null}},{"type":"Feature","geometry":{"bbox":[127.42308437175411,-1.6536875287532615,127.42317365399865,-1.6536087219968034],"type":"Polygon","coordinates":[[[127.42308437175411,-1.653642480532467],[127.42315117052354,-1.6536087219968034],[127.42317365399865,-1.6536537088896135],[127.42310677378794,-1.6536875287532615],[127.42308437175411,-1.653642480532467]]]},"properties":{"feature_id":"bangunan-soligi-614","Pemilik":"","BLOK":"Dusun 3","No Rumah":null}},{"type":"Feature","geometry":{"bbox":[127.42144900421242,-1.6531329750398005,127.42153763680433,-1.6530475488136092],"type":"Polygon","coordinates":[[[127.42144900421242,-1.6530731363812463],[127.42151466402586,-1.6530475488136092],[127.42153763680433,-1.6531073891699792],[127.42147205846807,-1.6531329750398005],[127.42144900421242,-1.6530731363812463]]]},"properties":{"feature_id":"bangunan-soligi-615","Pemilik":"","BLOK":"Dusun 3","No Rumah":null}},{"type":"Feature","geometry":{"bbox":[127.42743894943449,-1.6524432431567955,127.42764975969631,-1.652243017645152],"type":"Polygon","coordinates":[[[127.42743894943449,-1.6523574641442258],[127.42747788585044,-1.652326345388873],[127.4274670520783,-1.6523126137055073],[127.42750110105727,-1.652285407589324],[127.42751193482043,-1.652299079813201],[127.42758206914233,-1.652243017645152],[127.42764975969631,-1.6523287963073785],[127.4275066401232,-1.6524432431567955],[127.42743894943449,-1.6523574641442258]]]},"properties":{"feature_id":"bangunan-soligi-616","Pemilik":"","BLOK":"Dusun 3","No Rumah":null}},{"type":"Feature","geometry":{"bbox":[127.4221833968459,-1.6571593224189163,127.42229565274924,-1.6570489163713102],"type":"Polygon","coordinates":[[[127.4221833968459,-1.6571110394007162],[127.42222575758582,-1.6570489163713102],[127.42229565274924,-1.6570971993356114],[127.42225329205422,-1.6571593224189163],[127.4221833968459,-1.6571110394007162]]]},"properties":{"feature_id":"bangunan-soligi-617","Pemilik":"","BLOK":"Dusun 3","No Rumah":null}},{"type":"Feature","geometry":{"bbox":[127.42236025276624,-1.655107303222887,127.42242143128901,-1.6550406237856465],"type":"Polygon","coordinates":[[[127.42236025276624,-1.6550872146383628],[127.42239414127916,-1.6550406237856465],[127.42242143128901,-1.6550607123522045],[127.42238754279408,-1.655107303222887],[127.42236025276624,-1.6550872146383628]]]},"properties":{"feature_id":"bangunan-soligi-618","Pemilik":"","BLOK":"Dusun 3","No Rumah":null}},{"type":"Feature","geometry":{"bbox":[127.42265180746857,-1.6548738752057912,127.42267926031603,-1.6548501126734516],"type":"Polygon","coordinates":[[[127.42265180746857,-1.6548526343792014],[127.42267714228622,-1.6548501126734516],[127.42267926031603,-1.654871351703411],[127.42265384403018,-1.6548738752057912],[127.42265180746857,-1.6548526343792014]]]},"properties":{"feature_id":"bangunan-soligi-619","Pemilik":"","BLOK":"Dusun 3","No Rumah":null}},{"type":"Feature","geometry":{"bbox":[127.42239902903957,-1.6553384074600397,127.42251438018705,-1.6552278120924875],"type":"Polygon","coordinates":[[[127.42239902903957,-1.6552823921570992],[127.42243927162394,-1.6552278120924875],[127.42251438018705,-1.6552838867830517],[127.42247413764761,-1.6553384074600397],[127.42239902903957,-1.6552823921570992]]]},"properties":{"feature_id":"bangunan-soligi-620","Pemilik":"","BLOK":"Dusun 3","No Rumah":null}},{"type":"Feature","geometry":{"bbox":[127.42318090410367,-1.6536544195827674,127.42326016642275,-1.653587789175575],"type":"Polygon","coordinates":[[[127.42318090410367,-1.6536036065943167],[127.42324835447509,-1.653587789175575],[127.42326016642275,-1.653638600304513],[127.42319263460111,-1.6536544195827674],[127.42318090410367,-1.6536036065943167]]]},"properties":{"feature_id":"bangunan-soligi-621","Pemilik":"","BLOK":"Dusun 3","No Rumah":null}},{"type":"Feature","geometry":{"bbox":[127.42142163235705,-1.656375111869821,127.42153087531095,-1.6562660062324035],"type":"Polygon","coordinates":[[[127.42142163235705,-1.6563187331085163],[127.42146937016076,-1.6562660062324035],[127.42153087531095,-1.656322383107246],[127.42148305608394,-1.656375111869821],[127.42142163235705,-1.6563187331085163]]]},"properties":{"feature_id":"bangunan-soligi-622","Pemilik":"","BLOK":"Dusun 3","No Rumah":null}},{"type":"Feature","geometry":{"bbox":[127.42388644158359,-1.6550724530365237,127.42403030162001,-1.6548737826972832],"type":"Polygon","coordinates":[[[127.42388644158359,-1.6548938571602911],[127.42390941358951,-1.6548843122909027],[127.42391324226314,-1.6548935624230465],[127.42396081546855,-1.6548737826972832],[127.42403030162001,-1.655043126375247],[127.42395967501237,-1.6550724530365237],[127.42388644158359,-1.6548938571602911]]]},"properties":{"feature_id":"bangunan-soligi-623","Pemilik":"","BLOK":"Dusun 3","No Rumah":null}},{"type":"Feature","geometry":{"bbox":[127.42139588976715,-1.656774746432313,127.42148672195593,-1.6566911592012388],"type":"Polygon","coordinates":[[[127.42139588976715,-1.6567470674788967],[127.42141804794434,-1.6566911592012388],[127.42148672195593,-1.6567188363580247],[127.42146448233748,-1.656774746432313],[127.42139588976715,-1.6567470674788967]]]},"properties":{"feature_id":"bangunan-soligi-624","Pemilik":"","BLOK":"Dusun 3","No Rumah":null}},{"type":"Feature","geometry":{"bbox":[127.42731586788872,-1.6519518699066107,127.4274784560471,-1.6517782813835022],"type":"Polygon","coordinates":[[[127.42731586788872,-1.6518341119029891],[127.42738632823618,-1.6517782813835022],[127.4274784560471,-1.651896039153562],[127.42740799578947,-1.6519518699066107],[127.42731586788872,-1.6518341119029891]]]},"properties":{"feature_id":"bangunan-soligi-625","Pemilik":"","BLOK":"Dusun 3","No Rumah":null}},{"type":"Feature","geometry":{"bbox":[127.42726960024986,-1.6534614207840224,127.42739895406649,-1.653342880455586],"type":"Polygon","coordinates":[[[127.42726960024986,-1.6533932047335727],[127.42736246132858,-1.653342880455586],[127.42739895406649,-1.6534110981409698],[127.42730617449186,-1.6534614207840224],[127.42726960024986,-1.6533932047335727]]]},"properties":{"feature_id":"bangunan-soligi-626","Pemilik":"","BLOK":"Dusun 3","No Rumah":null}},{"type":"Feature","geometry":{"bbox":[127.42210111917885,-1.6573338272954798,127.42227821970145,-1.657134258353494],"type":"Polygon","coordinates":[[[127.42210111917885,-1.6573043863684989],[127.42221704105297,-1.657134258353494],[127.42227821970145,-1.6571764906792665],[127.42217451737659,-1.6573286882583182],[127.422156025278,-1.6573158967157964],[127.42214380581858,-1.6573338272954798],[127.42210111917885,-1.6573043863684989]]]},"properties":{"feature_id":"bangunan-soligi-627","Pemilik":"","BLOK":"Dusun 3","No Rumah":null}},{"type":"Feature","geometry":{"bbox":[127.42132314247966,-1.6564415274628794,127.42147075504852,-1.656296391468411],"type":"Polygon","coordinates":[[[127.42132314247966,-1.6563581330641641],[127.42137788624427,-1.656296391468411],[127.42147075504852,-1.6563797839357486],[127.42141592988759,-1.6564415274628794],[127.42132314247966,-1.6563581330641641]]]},"properties":{"feature_id":"bangunan-soligi-628","Pemilik":"","BLOK":"Dusun 3","No Rumah":null}},{"type":"Feature","geometry":{"bbox":[127.42680944738142,-1.6539969877864866,127.4269073594265,-1.6539161827546283],"type":"Polygon","coordinates":[[[127.42680944738142,-1.653946162023993],[127.42688821690271,-1.6539161827546283],[127.4269073594265,-1.6539670678777962],[127.42682858993217,-1.6539969877864866],[127.42680944738142,-1.653946162023993]]]},"properties":{"feature_id":"bangunan-soligi-629","Pemilik":"","BLOK":"Dusun 3","No Rumah":null}},{"type":"Feature","geometry":{"bbox":[127.42185876609395,-1.6564687472154889,127.42194234745904,-1.6563780137515824],"type":"Polygon","coordinates":[[[127.42185876609395,-1.6564422615661296],[127.42190854018976,-1.6563780137515824],[127.42194234745904,-1.6564045588244976],[127.4218925733812,-1.6564687472154889],[127.42185876609395,-1.6564422615661296]]]},"properties":{"feature_id":"bangunan-soligi-630","Pemilik":"","BLOK":"Dusun 3","No Rumah":null}},{"type":"Feature","geometry":{"bbox":[127.42689147520004,-1.6533588473090755,127.4270867287342,-1.6531405463105096],"type":"Polygon","coordinates":[[[127.42689147520004,-1.6532020308623276],[127.42698629175844,-1.6531405463105096],[127.4270867287342,-1.6532973029114937],[127.42699191231956,-1.6533588473090755],[127.42689147520004,-1.6532020308623276]]]},"properties":{"feature_id":"bangunan-soligi-631","Pemilik":"","BLOK":"Dusun 3","No Rumah":null}},{"type":"Feature","geometry":{"bbox":[127.42458170805894,-1.6546074235467991,127.42463873019364,-1.6545526852888663],"type":"Polygon","coordinates":[[[127.42458170805894,-1.6545825272237902],[127.42461917975386,-1.6545526852888663],[127.42463873019364,-1.654577581575943],[127.42460125850769,-1.6546074235467991],[127.42458170805894,-1.6545825272237902]]]},"properties":{"feature_id":"bangunan-soligi-632","Pemilik":"","BLOK":"Dusun 3","No Rumah":null}},{"type":"Feature","geometry":{"bbox":[127.42200368926856,-1.6575931938969102,127.42204922717897,-1.6575481555396172],"type":"Polygon","coordinates":[[[127.42200368926856,-1.657582923242671],[127.42201362777969,-1.6575481555396172],[127.42204922717897,-1.65755842799947],[127.42203937013605,-1.6575931938969102],[127.42200368926856,-1.657582923242671]]]},"properties":{"feature_id":"bangunan-soligi-633","Pemilik":"","BLOK":"Dusun 3","No Rumah":null}},{"type":"Feature","geometry":{"bbox":[127.42157779840558,-1.656991172251622,127.4217089548176,-1.6568546729118234],"type":"Polygon","coordinates":[[[127.42157779840558,-1.656944620484604],[127.42163074978863,-1.6568546729118234],[127.4217089548176,-1.6569012264125902],[127.42165608496562,-1.656991172251622],[127.42157779840558,-1.656944620484604]]]},"properties":{"feature_id":"bangunan-soligi-634","Pemilik":"","BLOK":"Dusun 3","No Rumah":null}},{"type":"Feature","geometry":{"bbox":[127.4214042778749,-1.6561623900559566,127.42155409247607,-1.6560156144047598],"type":"Polygon","coordinates":[[[127.4214042778749,-1.6560654311587288],[127.42144835224917,-1.6560156144047598],[127.42155409247607,-1.6561211898315635],[127.42151132400882,-1.6561623900559566],[127.4214042778749,-1.6560654311587288]]]},"properties":{"feature_id":"bangunan-soligi-635","Pemilik":"","BLOK":"Dusun 3","No Rumah":null}},{"type":"Feature","geometry":{"bbox":[127.42647742514762,-1.6526745387081543,127.42655888315585,-1.6525902649216577],"type":"Polygon","coordinates":[[[127.42647742514762,-1.652643288987416],[127.42652296018343,-1.6525902649216577],[127.42655888315585,-1.6526214569436053],[127.42651342959725,-1.6526745387081543],[127.42647742514762,-1.652643288987416]]]},"properties":{"feature_id":"bangunan-soligi-636","Pemilik":"","BLOK":"Dusun 3","No Rumah":null}},{"type":"Feature","geometry":{"bbox":[127.42157682084991,-1.6561968018914106,127.42174813876434,-1.656024077915915],"type":"Polygon","coordinates":[[[127.42157682084991,-1.6560981518982987],[127.42165152300619,-1.656024077915915],[127.42174813876434,-1.6561226682339425],[127.42167343670687,-1.6561968018914106],[127.42157682084991,-1.6560981518982987]]]},"properties":{"feature_id":"bangunan-soligi-637","Pemilik":"","BLOK":"Dusun 3","No Rumah":null}},{"type":"Feature","geometry":{"bbox":[127.4207326076548,-1.6569738208427516,127.42082303336487,-1.6568890829506469],"type":"Polygon","coordinates":[[[127.4207326076548,-1.6569430351827061],[127.4207576987595,-1.6568890829506469],[127.42082303336487,-1.6569198667960954],[127.42079786080991,-1.6569738208427516],[127.4207326076548,-1.6569430351827061]]]},"properties":{"feature_id":"bangunan-soligi-638","Pemilik":"","BLOK":"Dusun 3","No Rumah":null}},{"type":"Feature","geometry":{"bbox":[127.42779703325894,-1.653018129787555,127.42791832192907,-1.6528962750889453],"type":"Polygon","coordinates":[[[127.42779703325894,-1.6529628507797536],[127.4278639904912,-1.6528962750889453],[127.42791832192907,-1.65295149452946],[127.42785136474176,-1.653018129787555],[127.42779703325894,-1.6529628507797536]]]},"properties":{"feature_id":"bangunan-soligi-639","Pemilik":"","BLOK":"Dusun 3","No Rumah":null}},{"type":"Feature","geometry":{"bbox":[127.42649721945304,-1.6525232596115649,127.42660612875466,-1.652412909654765],"type":"Polygon","coordinates":[[[127.42649721945304,-1.6524795410590873],[127.42656132688785,-1.652412909654765],[127.42660612875466,-1.6524566281263942],[127.42654202135577,-1.6525232596115649],[127.42649721945304,-1.6524795410590873]]]},"properties":{"feature_id":"bangunan-soligi-640","Pemilik":"","BLOK":"Dusun 3","No Rumah":null}},{"type":"Feature","geometry":{"bbox":[127.42187122999393,-1.6574717788427835,127.42200360780033,-1.6573015738331758],"type":"Polygon","coordinates":[[[127.42187122999393,-1.6574414783179072],[127.42195138987374,-1.6573015738331758],[127.42200360780033,-1.6573318742951701],[127.42192344797445,-1.6574717788427835],[127.42187122999393,-1.6574414783179072]]]},"properties":{"feature_id":"bangunan-soligi-641","Pemilik":"","BLOK":"Dusun 3","No Rumah":null}},{"type":"Feature","geometry":{"bbox":[127.42545112774735,-1.6542063418433002,127.42555172982448,-1.6541097505103417],"type":"Polygon","coordinates":[[[127.42545112774735,-1.6541356084529129],[127.42552900272626,-1.6541097505103417],[127.42555172982448,-1.6541810098822942],[127.42547344757635,-1.6542063418433002],[127.42545112774735,-1.6541356084529129]]]},"properties":{"feature_id":"bangunan-soligi-642","Pemilik":"","BLOK":"Dusun 3","No Rumah":null}},{"type":"Feature","geometry":{"bbox":[127.4267739318309,-1.6528726876831703,127.42698938713731,-1.6526773174039404],"type":"Polygon","coordinates":[[[127.4267739318309,-1.652784007121216],[127.42692910859172,-1.6526773174039404],[127.42698938713731,-1.652765995800955],[127.42683412905201,-1.6528726876831703],[127.4267739318309,-1.652784007121216]]]},"properties":{"feature_id":"bangunan-soligi-643","Pemilik":"","BLOK":"Dusun 3","No Rumah":null}},{"type":"Feature","geometry":{"bbox":[127.42237695263604,-1.6561693839524831,127.42243039219059,-1.656119154437776],"type":"Polygon","coordinates":[[[127.42237695263604,-1.656146347240927],[127.42239397835174,-1.656119154437776],[127.42243039219059,-1.656142192945963],[127.42241344794313,-1.6561693839524831],[127.42237695263604,-1.656146347240927]]]},"properties":{"feature_id":"bangunan-soligi-644","Pemilik":"","BLOK":"Dusun 3","No Rumah":null}},{"type":"Feature","geometry":{"bbox":[127.42152843139932,-1.6562186441849989,127.42160826581947,-1.6561385183333943],"type":"Polygon","coordinates":[[[127.42152843139932,-1.6561803257829868],[127.42157177009918,-1.6561385183333943],[127.42160826581947,-1.6561768366815075],[127.42156492714653,-1.6562186441849989],[127.42152843139932,-1.6561803257829868]]]},"properties":{"feature_id":"bangunan-soligi-645","Pemilik":"","BLOK":"Dusun 3","No Rumah":null}},{"type":"Feature","geometry":{"bbox":[127.42174439144212,-1.6564425134267857,127.42189933483863,-1.656286427148667],"type":"Polygon","coordinates":[[[127.42174439144212,-1.6563703451843446],[127.42182593635341,-1.656286427148667],[127.42189933483863,-1.6563585357609396],[127.42181779001719,-1.6564425134267857],[127.42174439144212,-1.6563703451843446]]]},"properties":{"feature_id":"bangunan-soligi-646","Pemilik":"","BLOK":"Dusun 3","No Rumah":null}},{"type":"Feature","geometry":{"bbox":[127.42378640736747,-1.654692963481739,127.42394036877063,-1.6544446051232613],"type":"Polygon","coordinates":[[[127.42378640736747,-1.65449318998438],[127.42380555073568,-1.6544881296396374],[127.42380017430074,-1.6544673792931928],[127.42388644158359,-1.6544446051232613],[127.42394036877063,-1.6546510348404317],[127.42391552316649,-1.65465758867925],[127.42392049228731,-1.6546767427733338],[127.42385907067147,-1.654692963481739],[127.42383389920347,-1.6545967245399],[127.4238148373035,-1.654601783123945],[127.42378640736747,-1.65449318998438]]]},"properties":{"feature_id":"bangunan-soligi-647","Pemilik":"","BLOK":"Dusun 3","No Rumah":null}},{"type":"Feature","geometry":{"bbox":[127.42090710472502,-1.6569405044758372,127.42099524921733,-1.656854316361504],"type":"Polygon","coordinates":[[[127.42090710472502,-1.6569072449183813],[127.4209370021758,-1.656854316361504],[127.42099524921733,-1.6568875758920105],[127.42096535179346,-1.6569405044758372],[127.42090710472502,-1.6569072449183813]]]},"properties":{"feature_id":"bangunan-soligi-648","Pemilik":"","BLOK":"Dusun 3","No Rumah":null}},{"type":"Feature","geometry":{"bbox":[127.4231321084439,-1.6533376808629912,127.42321707315162,-1.653237392414666],"type":"Polygon","coordinates":[[[127.4231321084439,-1.6532607971120954],[127.42317968217031,-1.653237392414666],[127.42321707315162,-1.6533142742790998],[127.42316941798394,-1.6533376808629912],[127.4231321084439,-1.6532607971120954]]]},"properties":{"feature_id":"bangunan-soligi-649","Pemilik":"","BLOK":"Dusun 3","No Rumah":null}},{"type":"Feature","geometry":{"bbox":[127.42230974582483,-1.6564375239770852,127.42243690920746,-1.6563071094297626],"type":"Polygon","coordinates":[[[127.42230974582483,-1.6563590355925468],[127.42237776726427,-1.6563071094297626],[127.42243690920746,-1.6563855382020987],[127.42236888782193,-1.6564375239770852],[127.42230974582483,-1.6563590355925468]]]},"properties":{"feature_id":"bangunan-soligi-650","Pemilik":"","BLOK":"Dusun 3","No Rumah":null}},{"type":"Feature","geometry":{"bbox":[127.42365729134387,-1.6538418914787605,127.4238161406871,-1.653730571395353],"type":"Polygon","coordinates":[[[127.42365729134387,-1.6537864388176315],[127.42379373887783,-1.653730571395353],[127.4238161406871,-1.6537859644352964],[127.42367969318907,-1.6538418914787605],[127.42365729134387,-1.6537864388176315]]]},"properties":{"feature_id":"bangunan-soligi-651","Pemilik":"","BLOK":"Dusun 3","No Rumah":null}},{"type":"Feature","geometry":{"bbox":[127.42154667927294,-1.6562884695403308,127.42165795862674,-1.6561768366815075],"type":"Polygon","coordinates":[[[127.42154667927294,-1.6562362317250248],[127.42160826581947,-1.6561768366815075],[127.42165795862674,-1.656229074406982],[127.42159637212511,-1.6562884695403308],[127.42154667927294,-1.6562362317250248]]]},"properties":{"feature_id":"bangunan-soligi-652","Pemilik":"","BLOK":"Dusun 3","No Rumah":null}},{"type":"Feature","geometry":{"bbox":[127.42732662021962,-1.653287816980571,127.42744408122223,-1.6531500323132975],"type":"Polygon","coordinates":[[[127.42732662021962,-1.6531835096403444],[127.427383477235,-1.6531500323132975],[127.42744408122223,-1.6532543989513158],[127.42738722426077,-1.653287816980571],[127.42732662021962,-1.6531835096403444]]]},"properties":{"feature_id":"bangunan-soligi-653","Pemilik":"","BLOK":"Dusun 3","No Rumah":null}},{"type":"Feature","geometry":{"bbox":[127.42660401084164,-1.6531074441019589,127.42673849771265,-1.6529364993656472],"type":"Polygon","coordinates":[[[127.42660401084164,-1.6529646830644555],[127.42663651254436,-1.6529364993656472],[127.42673849771265,-1.653055529653206],[127.42667862624761,-1.6531074441019589],[127.42663268402345,-1.6530538220007664],[127.42666005385759,-1.6530300914035354],[127.42660401084164,-1.6529646830644555]]]},"properties":{"feature_id":"bangunan-soligi-654","Pemilik":"","BLOK":"Dusun 3","No Rumah":null}},{"type":"Feature","geometry":{"bbox":[127.42212197372984,-1.6570682359889681,127.42227952310304,-1.6568761787683717],"type":"Polygon","coordinates":[[[127.42212197372984,-1.6569773009161624],[127.4221908914364,-1.6568761787683717],[127.42226306760197,-1.6569259572210082],[127.42224799696173,-1.6569481723244224],[127.42227952310304,-1.6569699515293284],[127.42221256058869,-1.6570682359889681],[127.4221809529522,-1.6570464585447602],[127.42219414995833,-1.6570271389360856],[127.42212197372984,-1.6569773009161624]]]},"properties":{"feature_id":"bangunan-soligi-655","Pemilik":"","BLOK":"Dusun 3","No Rumah":null}},{"type":"Feature","geometry":{"bbox":[127.42337730832583,-1.6535770385514796,127.42347473634963,-1.6534773761570423],"type":"Polygon","coordinates":[[[127.42337730832583,-1.6535058085903696],[127.42344524728193,-1.6534773761570423],[127.42347473634963,-1.6535486060103546],[127.42340679742047,-1.6535770385514796],[127.42337730832583,-1.6535058085903696]]]},"properties":{"feature_id":"bangunan-soligi-656","Pemilik":"","BLOK":"Dusun 3","No Rumah":null}},{"type":"Feature","geometry":{"bbox":[127.42570690927128,-1.6538440692914533,127.4258421309732,-1.6536916930913903],"type":"Polygon","coordinates":[[[127.42570690927128,-1.6537315018882903],[127.42578657606582,-1.6536916930913903],[127.4258421309732,-1.653804319729463],[127.42576246424154,-1.6538440692914533],[127.42570690927128,-1.6537315018882903]]]},"properties":{"feature_id":"bangunan-soligi-657","Pemilik":"","BLOK":"Dusun 3","No Rumah":null}},{"type":"Feature","geometry":{"bbox":[127.4232606551961,-1.6557099860282243,127.42336517054123,-1.6556178119989784],"type":"Polygon","coordinates":[[[127.4232606551961,-1.655653519788977],[127.42334016182102,-1.6556178119989784],[127.42336517054123,-1.6556742799270583],[127.42328574541149,-1.6557099860282243],[127.4232606551961,-1.655653519788977]]]},"properties":{"feature_id":"bangunan-soligi-658","Pemilik":"","BLOK":"Dusun 3","No Rumah":null}},{"type":"Feature","geometry":{"bbox":[127.42191440555077,-1.6563969370954188,127.42199611319187,-1.6563086832062752],"type":"Polygon","coordinates":[[[127.42191440555077,-1.6563703920314867],[127.42196230594955,-1.6563086832062752],[127.42199611319187,-1.6563352282342747],[127.42194821281105,-1.6563969370954188],[127.42191440555077,-1.6563703920314867]]]},"properties":{"feature_id":"bangunan-soligi-659","Pemilik":"","BLOK":"Dusun 3","No Rumah":null}},{"type":"Feature","geometry":{"bbox":[127.42067696727273,-1.6573557350852355,127.42075867633315,-1.6572542367679193],"type":"Polygon","coordinates":[[[127.42067696727273,-1.6573352347040018],[127.4207123229501,-1.6572542367679193],[127.42075867633315,-1.657274737149153],[127.42072332068273,-1.6573557350852355],[127.42067696727273,-1.6573352347040018]]]},"properties":{"feature_id":"bangunan-soligi-660","Pemilik":"","BLOK":"Dusun 3","No Rumah":null}},{"type":"Feature","geometry":{"bbox":[127.42180850318887,-1.657319668481163,127.42191994505689,-1.6572200853899988],"type":"Polygon","coordinates":[[[127.42180850318887,-1.6572606729184522],[127.4218369339154,-1.6572200853899988],[127.42191994505689,-1.6572790791111631],[127.42189143289808,-1.657319668481163],[127.42180850318887,-1.6572606729184522]]]},"properties":{"feature_id":"bangunan-soligi-661","Pemilik":"","BLOK":"Dusun 3","No Rumah":null}},{"type":"Feature","geometry":{"bbox":[127.4224499432412,-1.6552564279977284,127.42257580297071,-1.6551462986851289],"type":"Polygon","coordinates":[[[127.4224499432412,-1.6551973120248373],[127.42247430057503,-1.6551672231430417],[127.42249311844768,-1.6551826827628058],[127.4225225264514,-1.6551462986851289],[127.42257580297071,-1.655189953160777],[127.42252195620985,-1.6552564279977284],[127.4224499432412,-1.6551973120248373]]]},"properties":{"feature_id":"bangunan-soligi-662","Pemilik":"","BLOK":"Dusun 3","No Rumah":null}},{"type":"Feature","geometry":{"bbox":[127.42112005249209,-1.657153883595978,127.42122587441885,-1.6570576514903184],"type":"Polygon","coordinates":[[[127.42112005249209,-1.6571164815114883],[127.42114791324657,-1.6570576514903184],[127.42122587441885,-1.657095053556842],[127.42119801370032,-1.657153883595978],[127.42112005249209,-1.6571164815114883]]]},"properties":{"feature_id":"bangunan-soligi-663","Pemilik":"","BLOK":"Dusun 3","No Rumah":null}},{"type":"Feature","geometry":{"bbox":[127.42241067821253,-1.6563122832946078,127.42250704855094,-1.656214457092544],"type":"Polygon","coordinates":[[[127.42241067821253,-1.6562709435618512],[127.422464443595,-1.656214457092544],[127.42250704855094,-1.6562555535076227],[127.42245303881772,-1.6563122832946078],[127.42241067821253,-1.6562709435618512]]]},"properties":{"feature_id":"bangunan-soligi-664","Pemilik":"","BLOK":"Dusun 3","No Rumah":null}},{"type":"Feature","geometry":{"bbox":[127.42279412222304,-1.6562879254038136,127.42300396876324,-1.65609616847205],"type":"Polygon","coordinates":[[[127.42279412222304,-1.656199023110698],[127.4229146863031,-1.65609616847205],[127.42293765863239,-1.6561234282625716],[127.42295207741915,-1.6561111581651229],[127.42300396876324,-1.6561728003353402],[127.42286898603119,-1.6562879254038136],[127.42279412222304,-1.656199023110698]]]},"properties":{"feature_id":"bangunan-soligi-665","Pemilik":"","BLOK":"Dusun 3","No Rumah":null}},{"type":"Feature","geometry":{"bbox":[127.42316265664327,-1.6548581219267606,127.42325666356807,-1.6547686346327655],"type":"Polygon","coordinates":[[[127.42316265664327,-1.6548047844028673],[127.42322725586978,-1.6547686346327655],[127.42325666356807,-1.6548219720668276],[127.42319206436851,-1.6548581219267606],[127.42316265664327,-1.6548047844028673]]]},"properties":{"feature_id":"bangunan-soligi-666","Pemilik":"","BLOK":"Dusun 3","No Rumah":null}},{"type":"Feature","geometry":{"bbox":[127.42735863284359,-1.6528014627795753,127.42761774720708,-1.652529691548999],"type":"Polygon","coordinates":[[[127.42735863284359,-1.6525940631873253],[127.42742811566232,-1.652529691548999],[127.42761774720708,-1.652737090728024],[127.42754826456802,-1.6528014627795753],[127.42735863284359,-1.6525940631873253]]]},"properties":{"feature_id":"bangunan-soligi-667","Pemilik":"","BLOK":"Dusun 3","No Rumah":null}},{"type":"Feature","geometry":{"bbox":[127.42068837232848,-1.6574600302532898,127.42074295365973,-1.657403767105162],"type":"Polygon","coordinates":[[[127.42068837232848,-1.6574541470876794],[127.42069440071575,-1.657403767105162],[127.42074295365973,-1.6574095908382331],[127.42073692528145,-1.6574600302532898],[127.42068837232848,-1.6574541470876794]]]},"properties":{"feature_id":"bangunan-soligi-668","Pemilik":"","BLOK":"Dusun 3","No Rumah":null}},{"type":"Feature","geometry":{"bbox":[127.420956309244,-1.657046647011307,127.4210454312381,-1.6569740737634198],"type":"Polygon","coordinates":[[[127.420956309244,-1.6570119405014903],[127.42097463872958,-1.6569740737634198],[127.4210454312381,-1.6570087802552702],[127.42102710177048,-1.657046647011307],[127.420956309244,-1.6570119405014903]]]},"properties":{"feature_id":"bangunan-soligi-669","Pemilik":"","BLOK":"Dusun 3","No Rumah":null}},{"type":"Feature","geometry":{"bbox":[127.42123850135408,-1.6571243830747613,127.42130179891276,-1.6570699496421537],"type":"Polygon","coordinates":[[[127.42123850135408,-1.6571010773087942],[127.42125324635506,-1.6570699496421537],[127.42130179891276,-1.657093195948632],[127.42128705392975,-1.6571243830747613],[127.42123850135408,-1.6571010773087942]]]},"properties":{"feature_id":"bangunan-soligi-670","Pemilik":"","BLOK":"Dusun 3","No Rumah":null}},{"type":"Feature","geometry":{"bbox":[127.42721681600733,-1.6532030891585805,127.427383477235,-1.653018373464559],"type":"Polygon","coordinates":[[[127.42721681600733,-1.6530713705539093],[127.427306907607,-1.653018373464559],[127.427383477235,-1.6531500323132975],[127.42729338573413,-1.6532030891585805],[127.42721681600733,-1.6530713705539093]]]},"properties":{"feature_id":"bangunan-soligi-671","Pemilik":"","BLOK":"Dusun 3","No Rumah":null}},{"type":"Feature","geometry":{"bbox":[127.42187856169296,-1.656557829306409,127.42203171260013,-1.6564021102326287],"type":"Polygon","coordinates":[[[127.42187856169296,-1.656491117008795],[127.42195358938072,-1.6564021102326287],[127.42203171260013,-1.6564687034585515],[127.4219566849842,-1.656557829306409],[127.42187856169296,-1.656491117008795]]]},"properties":{"feature_id":"bangunan-soligi-672","Pemilik":"","BLOK":"Dusun 3","No Rumah":null}},{"type":"Feature","geometry":{"bbox":[127.42712452493657,-1.6521381521277407,127.4272230067471,-1.6520471249057527],"type":"Polygon","coordinates":[[[127.42712452493657,-1.6520987191410397],[127.42719425235757,-1.6520471249057527],[127.4272230067471,-1.6520865001667135],[127.42715336082126,-1.6521381521277407],[127.42712452493657,-1.6520987191410397]]]},"properties":{"feature_id":"bangunan-soligi-673","Pemilik":"","BLOK":"Dusun 3","No Rumah":null}},{"type":"Feature","geometry":{"bbox":[127.42201126534526,-1.6577103135127753,127.42215268528788,-1.6575840780539184],"type":"Polygon","coordinates":[[[127.42201126534526,-1.6576633871752329],[127.42204556133396,-1.6575840780539184],[127.42215268528788,-1.6576310025678807],[127.42211830788483,-1.6577103135127753],[127.42201126534526,-1.6576633871752329]]]},"properties":{"feature_id":"bangunan-soligi-674","Pemilik":"","BLOK":"Dusun 3","No Rumah":null}},{"type":"Feature","geometry":{"bbox":[127.42291835210321,-1.6540880149905082,127.42305569714395,-1.6539299905702143],"type":"Polygon","coordinates":[[[127.42291835210321,-1.6539705346920732],[127.42299085336909,-1.6539299905702143],[127.42305569714395,-1.6540474706530535],[127.42298319594094,-1.6540880149905082],[127.42291835210321,-1.6539705346920732]]]},"properties":{"feature_id":"bangunan-soligi-675","Pemilik":"","BLOK":"Dusun 3","No Rumah":null}},{"type":"Feature","geometry":{"bbox":[127.42199497270875,-1.6555586262090234,127.42206894125587,-1.6554750988326965],"type":"Polygon","coordinates":[[[127.42199497270875,-1.6555361120744172],[127.42203570429103,-1.6554750988326965],[127.42206894125587,-1.6554975534718814],[127.42202820968257,-1.6555586262090234],[127.42199497270875,-1.6555361120744172]]]},"properties":{"feature_id":"bangunan-soligi-676","Pemilik":"","BLOK":"Dusun 3","No Rumah":null}},{"type":"Feature","geometry":{"bbox":[127.42144631590511,-1.6580877675390249,127.42149983761956,-1.6580413176679094],"type":"Polygon","coordinates":[[[127.42144631590511,-1.6580827370632654],[127.42145047055939,-1.6580413176679094],[127.42149983761956,-1.6580462904987772],[127.42149576443349,-1.6580877675390249],[127.42144631590511,-1.6580827370632654]]]},"properties":{"feature_id":"bangunan-soligi-677","Pemilik":"","BLOK":"Dusun 3","No Rumah":null}},{"type":"Feature","geometry":{"bbox":[127.42428120062971,-1.6533166903519554,127.4243566330804,-1.6532341534400947],"type":"Polygon","coordinates":[[[127.42428120062971,-1.6532564264219625],[127.42432869213333,-1.6532341534400947],[127.4243566330804,-1.653294417298222],[127.42430914160374,-1.6533166903519554],[127.42428120062971,-1.6532564264219625]]]},"properties":{"feature_id":"bangunan-soligi-678","Pemilik":"","BLOK":"Dusun 3","No Rumah":null}},{"type":"Feature","geometry":{"bbox":[127.42354821458731,-1.653999870102941,127.4235994537994,-1.6539460874368748],"type":"Polygon","coordinates":[[[127.42354821458731,-1.653957818419389],[127.42358674582714,-1.6539460874368748],[127.4235994537994,-1.6539880796339885],[127.42356092256853,-1.653999870102941],[127.42354821458731,-1.653957818419389]]]},"properties":{"feature_id":"bangunan-soligi-679","Pemilik":"","BLOK":"Dusun 3","No Rumah":null}},{"type":"Feature","geometry":{"bbox":[127.42542017323994,-1.6534941566057013,127.42552175286379,-1.6534158851104053],"type":"Polygon","coordinates":[[[127.42542017323994,-1.6534504938026704],[127.42550399476964,-1.6534158851104053],[127.42552175286379,-1.6534595478325875],[127.42543793135209,-1.6534941566057013],[127.42542017323994,-1.6534504938026704]]]},"properties":{"feature_id":"bangunan-soligi-680","Pemilik":"","BLOK":"Dusun 3","No Rumah":null}},{"type":"Feature","geometry":{"bbox":[127.42535810125284,-1.654037425143574,127.42540005279218,-1.653984650108779],"type":"Polygon","coordinates":[[[127.42535810125284,-1.6539944374244793],[127.4253840053149,-1.653984650108779],[127.42540005279218,-1.6540276378099075],[127.42537414873908,-1.654037425143574],[127.42535810125284,-1.6539944374244793]]]},"properties":{"feature_id":"bangunan-soligi-681","Pemilik":"","BLOK":"Dusun 3","No Rumah":null}},{"type":"Feature","geometry":{"bbox":[127.42161519023131,-1.6581171696498025,127.42167555476361,-1.6580638148063902],"type":"Polygon","coordinates":[[[127.42161519023131,-1.6581060558817535],[127.42162423269093,-1.6580638148063902],[127.42167555476361,-1.6580749285834224],[127.42166651230401,-1.6581171696498025],[127.42161519023131,-1.6581060558817535]]]},"properties":{"feature_id":"bangunan-soligi-682","Pemilik":"","BLOK":"Dusun 3","No Rumah":null}},{"type":"Feature","geometry":{"bbox":[127.42231251556443,-1.656899237812046,127.42246786502636,-1.6567106740497575],"type":"Polygon","coordinates":[[[127.42231251556443,-1.6568508937802715],[127.42236416297996,-1.6567870795645454],[127.42233825781295,-1.6567658302039607],[127.42238289942033,-1.6567106740497575],[127.42246786502636,-1.6567803267399084],[127.42237157609331,-1.656899237812046],[127.42231251556443,-1.6568508937802715]]]},"properties":{"feature_id":"bangunan-soligi-683","Pemilik":"","BLOK":"Dusun 3","No Rumah":null}},{"type":"Feature","geometry":{"bbox":[127.42313601861271,-1.6547924543967718,127.4231764237023,-1.654761510857815],"type":"Polygon","coordinates":[[[127.42313601861271,-1.654762563683328],[127.42317560908303,-1.654761510857815],[127.4231764237023,-1.654791399756662],[127.42313675177272,-1.6547924543967718],[127.42313601861271,-1.654762563683328]]]},"properties":{"feature_id":"bangunan-soligi-684","Pemilik":"","BLOK":"Dusun 3","No Rumah":null}},{"type":"Feature","geometry":{"bbox":[127.42671177957033,-1.6531495873238384,127.42678965316583,-1.6530745445084205],"type":"Polygon","coordinates":[[[127.42671177957033,-1.6531064152165482],[127.42676317941016,-1.6530745445084205],[127.42678965316583,-1.653117657102323],[127.42673825334394,-1.6531495873238384],[127.42671177957033,-1.6531064152165482]]]},"properties":{"feature_id":"bangunan-soligi-685","Pemilik":"","BLOK":"Dusun 3","No Rumah":null}},{"type":"Feature","geometry":{"bbox":[127.42183994805961,-1.6572042360002162,127.42201150973193,-1.6570217146389055],"type":"Polygon","coordinates":[[[127.42183994805961,-1.6571025810077313],[127.42188287924773,-1.6570217146389055],[127.42201150973193,-1.657090818575199],[127.4219513084145,-1.6572042360002162],[127.42188662656096,-1.6571694542564943],[127.4219038967801,-1.6571369032901346],[127.42183994805961,-1.6571025810077313]]]},"properties":{"feature_id":"bangunan-soligi-686","Pemilik":"","BLOK":"Dusun 3","No Rumah":null}},{"type":"Feature","geometry":{"bbox":[127.42204906425152,-1.655571125224156,127.4221678374143,-1.655446316721162],"type":"Polygon","coordinates":[[[127.42204906425152,-1.6555273655108724],[127.42210315575839,-1.655446316721162],[127.4221678374143,-1.6554900169120748],[127.42211374595236,-1.655571125224156],[127.42204906425152,-1.6555273655108724]]]},"properties":{"feature_id":"bangunan-soligi-687","Pemilik":"","BLOK":"Dusun 3","No Rumah":null}},{"type":"Feature","geometry":{"bbox":[127.42422303776036,-1.654511484112259,127.42435581847911,-1.654319973238035],"type":"Polygon","coordinates":[[[127.42422303776036,-1.6543454912311533],[127.42430433542833,-1.654319973238035],[127.42435581847911,-1.65448596583168],[127.42427452086505,-1.654511484112259],[127.42422303776036,-1.6543454912311533]]]},"properties":{"feature_id":"bangunan-soligi-688","Pemilik":"","BLOK":"Dusun 3","No Rumah":null}},{"type":"Feature","geometry":{"bbox":[127.42242134982979,-1.6566646812863741,127.4226232956062,-1.656474424720798],"type":"Polygon","coordinates":[[[127.42242134982979,-1.6565468417875902],[127.42248024735036,-1.656474424720798],[127.4226232956062,-1.656592204544498],[127.42256439821139,-1.6566646812863741],[127.42242134982979,-1.6565468417875902]]]},"properties":{"feature_id":"bangunan-soligi-689","Pemilik":"","BLOK":"Dusun 3","No Rumah":null}},{"type":"Feature","geometry":{"bbox":[127.4239795514777,-1.652950933414784,127.42403999545704,-1.6528813268171902],"type":"Polygon","coordinates":[[[127.4239795514777,-1.652898454671319],[127.42401482405191,-1.6528813268171902],[127.42403999545704,-1.6529337442596204],[127.42400464144157,-1.652950933414784],[127.4239795514777,-1.652898454671319]]]},"properties":{"feature_id":"bangunan-soligi-690","Pemilik":"","BLOK":"Dusun 3","No Rumah":null}},{"type":"Feature","geometry":{"bbox":[127.42246558406914,-1.6539993448040955,127.4225647240573,-1.6538998926244177],"type":"Polygon","coordinates":[[[127.42246558406914,-1.6539286250142016],[127.42253629362719,-1.6538998926244177],[127.4225647240573,-1.653970612306514],[127.42249401453513,-1.6539993448040955],[127.42246558406914,-1.6539286250142016]]]},"properties":{"feature_id":"bangunan-soligi-691","Pemilik":"","BLOK":"Dusun 3","No Rumah":null}},{"type":"Feature","geometry":{"bbox":[127.42162496586892,-1.6571900677535887,127.42173624509694,-1.6570890377998955],"type":"Polygon","coordinates":[[[127.42162496586892,-1.657136710224214],[127.42165649228872,-1.6570890377998955],[127.42173624509694,-1.6571424547438431],[127.42170471871306,-1.6571900677535887],[127.42162496586892,-1.657136710224214]]]},"properties":{"feature_id":"bangunan-soligi-692","Pemilik":"","BLOK":"Dusun 3","No Rumah":null}},{"type":"Feature","geometry":{"bbox":[127.4211944292786,-1.6565947921955728,127.42127019087204,-1.6565207281395729],"type":"Polygon","coordinates":[[[127.4211944292786,-1.6565623149449653],[127.42122237146533,-1.6565207281395729],[127.42127019087204,-1.6565532071688447],[127.42124233016249,-1.6565947921955728],[127.4211944292786,-1.6565623149449653]]]},"properties":{"feature_id":"bangunan-soligi-693","Pemilik":"","BLOK":"Dusun 3","No Rumah":null}},{"type":"Feature","geometry":{"bbox":[127.42064161157738,-1.6571947808635414,127.42072120259903,-1.6571168104206464],"type":"Polygon","coordinates":[[[127.42064161157738,-1.6571633356604145],[127.42066963544794,-1.6571168104206464],[127.42072120259903,-1.6571482556058073],[127.42069317874645,-1.6571947808635414],[127.42064161157738,-1.6571633356604145]]]},"properties":{"feature_id":"bangunan-soligi-694","Pemilik":"","BLOK":"Dusun 3","No Rumah":null}},{"type":"Feature","geometry":{"bbox":[127.42154480561184,-1.6571579526587878,127.42165649228872,-1.6570447726135844],"type":"Polygon","coordinates":[[[127.42154480561184,-1.6571136874185781],[127.42159042527794,-1.6570447726135844],[127.42165649228872,-1.6570890377998955],[127.42161087265855,-1.6571579526587878],[127.42154480561184,-1.6571136874185781]]]},"properties":{"feature_id":"bangunan-soligi-695","Pemilik":"","BLOK":"Dusun 3","No Rumah":null}},{"type":"Feature","geometry":{"bbox":[127.42145079641429,-1.6568656062352811,127.42162814294956,-1.6567108992573991],"type":"Polygon","coordinates":[[[127.42145079641429,-1.6568234509849602],[127.42150684350861,-1.6567108992573991],[127.42162814294956,-1.656772138263717],[127.42159498724632,-1.6568386360885565],[127.42155718809751,-1.6568195522786608],[127.42153429678724,-1.6568656062352811],[127.42145079641429,-1.6568234509849602]]]},"properties":{"feature_id":"bangunan-soligi-696","Pemilik":"","BLOK":"Dusun 3","No Rumah":null}},{"type":"Feature","geometry":{"bbox":[127.42593613434067,-1.653315520709523,127.42610002899983,-1.6531609570129284],"type":"Polygon","coordinates":[[[127.42593613434067,-1.6532257305395466],[127.4260237023571,-1.6531609570129284],[127.42610002899983,-1.6532654541851406],[127.4260323369726,-1.653315520709523],[127.42598509098751,-1.6532508685722491],[127.4259652965384,-1.65326557399345],[127.42593613434067,-1.6532257305395466]]]},"properties":{"feature_id":"bangunan-soligi-697","Pemilik":"","BLOK":"Dusun 3","No Rumah":null}},{"type":"Feature","geometry":{"bbox":[127.42296470404897,-1.6561160417753167,127.42311500143965,-1.6559768754003215],"type":"Polygon","coordinates":[[[127.42296470404897,-1.6560583168975418],[127.42307150076456,-1.6559768754003215],[127.42311500143965,-1.6560346001074164],[127.42300820478694,-1.6561160417753167],[127.42296470404897,-1.6560583168975418]]]},"properties":{"feature_id":"bangunan-soligi-698","Pemilik":"","BLOK":"Dusun 3","No Rumah":null}},{"type":"Feature","geometry":{"bbox":[127.42141886258155,-1.6526895377706554,127.42144908567164,-1.652659094422632],"type":"Polygon","coordinates":[[[127.42141886258155,-1.6526647501976945],[127.42144346467036,-1.652659094422632],[127.42144908567164,-1.6526838819776266],[127.4214244835918,-1.6526895377706554],[127.42141886258155,-1.6526647501976945]]]},"properties":{"feature_id":"bangunan-soligi-699","Pemilik":"","BLOK":"Dusun 3","No Rumah":null}},{"type":"Feature","geometry":{"bbox":[127.42399576220582,-1.6541249542629635,127.42403176791312,-1.6540833938410908],"type":"Polygon","coordinates":[[[127.42399576220582,-1.6540911058149232],[127.42402191114864,-1.6540833938410908],[127.42403176791312,-1.6541172440677956],[127.4240057004295,-1.6541249542629635],[127.42399576220582,-1.6540911058149232]]]},"properties":{"feature_id":"bangunan-soligi-700","Pemilik":"","BLOK":"Dusun 3","No Rumah":null}},{"type":"Feature","geometry":{"bbox":[127.42558773475024,-1.6532624373998714,127.42568418221799,-1.6531696317471833],"type":"Polygon","coordinates":[[[127.42558773475024,-1.6532080331535275],[127.42565216883943,-1.6531696317471833],[127.42568418221799,-1.653224037691343],[127.42561982961499,-1.6532624373998714],[127.42558773475024,-1.6532080331535275]]]},"properties":{"feature_id":"bangunan-soligi-701","Pemilik":"","BLOK":"Dusun 3","No Rumah":null}},{"type":"Feature","geometry":{"bbox":[127.42050059593056,-1.6572831971501223,127.42056259071647,-1.6572247681548613],"type":"Polygon","coordinates":[[[127.42050059593056,-1.6572667690476672],[127.42051493376114,-1.6572247681548613],[127.42056259071647,-1.6572411962573164],[127.42054825289487,-1.6572831971501223],[127.42050059593056,-1.6572667690476672]]]},"properties":{"feature_id":"bangunan-soligi-702","Pemilik":"","BLOK":"Dusun 3","No Rumah":null}},{"type":"Feature","geometry":{"bbox":[127.42552338204837,-1.6537377236918134,127.42559808004549,-1.6536632419371726],"type":"Polygon","coordinates":[[[127.42552338204837,-1.6536928063375895],[127.42556989520581,-1.6536632419371726],[127.42559808004549,-1.6537081610341284],[127.42555164836526,-1.6537377236918134],[127.42552338204837,-1.6536928063375895]]]},"properties":{"feature_id":"bangunan-soligi-703","Pemilik":"","BLOK":"Dusun 3","No Rumah":null}},{"type":"Feature","geometry":{"bbox":[127.42171058409203,-1.6575665666191632,127.42184027391453,-1.6574220721745212],"type":"Polygon","coordinates":[[[127.42171058409203,-1.6575257826022076],[127.42177005243808,-1.6574220721745212],[127.42184027391453,-1.6574628561285947],[127.42178080562236,-1.6575665666191632],[127.42171058409203,-1.6575257826022076]]]},"properties":{"feature_id":"bangunan-soligi-704","Pemilik":"","BLOK":"Dusun 3","No Rumah":null}},{"type":"Feature","geometry":{"bbox":[127.42701480186011,-1.6520290245893963,127.42716957081277,-1.6518781816428436],"type":"Polygon","coordinates":[[[127.42701480186011,-1.6519713014543531],[127.42711825272858,-1.6518781816428436],[127.42716957081277,-1.6519359046072069],[127.42706612002515,-1.6520290245893963],[127.42701480186011,-1.6519713014543531]]]},"properties":{"feature_id":"bangunan-soligi-705","Pemilik":"","BLOK":"Dusun 3","No Rumah":null}},{"type":"Feature","geometry":{"bbox":[127.42296999907857,-1.6544917298267847,127.42305724492321,-1.6544004159164571],"type":"Polygon","coordinates":[[[127.42296999907857,-1.6544304774894678],[127.42302278649214,-1.6544004159164571],[127.42305724492321,-1.654461608704454],[127.42300445753659,-1.6544917298267847],[127.42296999907857,-1.6544304774894678]]]},"properties":{"feature_id":"bangunan-soligi-706","Pemilik":"","BLOK":"Dusun 3","No Rumah":null}},{"type":"Feature","geometry":{"bbox":[127.42156517153323,-1.6573122990798643,127.42168467868247,-1.6571904713486796],"type":"Polygon","coordinates":[[[127.42156517153323,-1.6572729529782178],[127.42160582190782,-1.6571904713486796],[127.42168467868247,-1.657229815617763],[127.42164394689357,-1.6573122990798643],[127.42156517153323,-1.6572729529782178]]]},"properties":{"feature_id":"bangunan-soligi-707","Pemilik":"","BLOK":"Dusun 3","No Rumah":null}},{"type":"Feature","geometry":{"bbox":[127.42271542961552,-1.6537196248217445,127.42283876354296,-1.6536151914119512],"type":"Polygon","coordinates":[[[127.42271542961552,-1.6536692929799433],[127.42277994778703,-1.6536151914119512],[127.42283876354296,-1.6536861909821403],[127.42280927421476,-1.6537109213683505],[127.42279208567041,-1.6536901940636926],[127.42275705688104,-1.6537196248217445],[127.42271542961552,-1.6536692929799433]]]},"properties":{"feature_id":"bangunan-soligi-708","Pemilik":"","BLOK":"Dusun 3","No Rumah":null}},{"type":"Feature","geometry":{"bbox":[127.42569078039766,-1.6539204124721436,127.42572849588637,-1.6538863498657395],"type":"Polygon","coordinates":[[[127.42569078039766,-1.65389910066068],[127.4257189651924,-1.6538863498657395],[127.42572849588637,-1.6539076616592367],[127.42570031109163,-1.6539204124721436],[127.42569078039766,-1.65389910066068]]]},"properties":{"feature_id":"bangunan-soligi-709","Pemilik":"","BLOK":"Dusun 3","No Rumah":null}},{"type":"Feature","geometry":{"bbox":[127.4236338304838,-1.6544144250714479,127.4237633538664,-1.65423134564075],"type":"Polygon","coordinates":[[[127.4236338304838,-1.6542554059196906],[127.42371912043554,-1.65423134564075],[127.4237633538664,-1.654390423973518],[127.42367806396854,-1.6544144250714479],[127.4236338304838,-1.6542554059196906]]]},"properties":{"feature_id":"bangunan-soligi-710","Pemilik":"","BLOK":"Dusun 3","No Rumah":null}},{"type":"Feature","geometry":{"bbox":[127.42518304491847,-1.6535208007178768,127.4253147648706,-1.6533699114811375],"type":"Polygon","coordinates":[[[127.42518304491847,-1.6534069165192546],[127.42526230500074,-1.6533699114811375],[127.4253147648706,-1.6534837954641637],[127.42523550484225,-1.6535208007178768],[127.42518304491847,-1.6534069165192546]]]},"properties":{"feature_id":"bangunan-soligi-711","Pemilik":"","BLOK":"Dusun 3","No Rumah":null}},{"type":"Feature","geometry":{"bbox":[127.42715441976429,-1.652169188049441,127.42726772673247,-1.6520866803058776],"type":"Polygon","coordinates":[[[127.42715441976429,-1.6521380693300207],[127.42722292529686,-1.6520866803058776],[127.42726772673247,-1.6521471629127598],[127.42724605913426,-1.652163454372477],[127.42722431006783,-1.6521340904221329],[127.42717747216942,-1.652169188049441],[127.42715441976429,-1.6521380693300207]]]},"properties":{"feature_id":"bangunan-soligi-712","Pemilik":"","BLOK":"Dusun 3","No Rumah":null}},{"type":"Feature","geometry":{"bbox":[127.42389132924517,-1.6540654290715275,127.42398289137799,-1.6539485001140986],"type":"Polygon","coordinates":[[[127.42389132924517,-1.6539671286847577],[127.42395413566793,-1.6539485001140986],[127.42398289137799,-1.654046858028979],[127.42392000352295,-1.6540654290715275],[127.42389132924517,-1.6539671286847577]]]},"properties":{"feature_id":"bangunan-soligi-713","Pemilik":"","BLOK":"Dusun 3","No Rumah":null}},{"type":"Feature","geometry":{"bbox":[127.42354006843972,-1.6539820926231312,127.42367928588394,-1.6538044881905283],"type":"Polygon","coordinates":[[[127.42354006843972,-1.653837601331576],[127.4236207152064,-1.6538044881905283],[127.42367928588394,-1.653948979221572],[127.42359863918914,-1.6539820926231312],[127.42354006843972,-1.653837601331576]]]},"properties":{"feature_id":"bangunan-soligi-714","Pemilik":"","BLOK":"Dusun 3","No Rumah":null}},{"type":"Feature","geometry":{"bbox":[127.422113257179,-1.65656487988663,127.42221402691771,-1.656466409008602],"type":"Polygon","coordinates":[[[127.422113257179,-1.6565162530113051],[127.42215162627296,-1.656466409008602],[127.42221402691771,-1.6565149763615563],[127.42217565785971,-1.65656487988663],[127.422113257179,-1.6565162530113051]]]},"properties":{"feature_id":"bangunan-soligi-715","Pemilik":"","BLOK":"Dusun 3","No Rumah":null}},{"type":"Feature","geometry":{"bbox":[127.42167669525574,-1.6574714569225184,127.42176923780985,-1.6573857712988058],"type":"Polygon","coordinates":[[[127.42167669525574,-1.6574336514315842],[127.42170414847148,-1.6573857712988058],[127.42176923780985,-1.6574235172943188],[127.42174178461202,-1.6574714569225184],[127.42167669525574,-1.6574336514315842]]]},"properties":{"feature_id":"bangunan-soligi-716","Pemilik":"","BLOK":"Dusun 3","No Rumah":null}},{"type":"Feature","geometry":{"bbox":[127.42422955460654,-1.654827475846944,127.4242776163697,-1.6547778971167444],"type":"Polygon","coordinates":[[[127.42422955460654,-1.6547907314639898],[127.42426417537217,-1.6547778971167444],[127.4242776163697,-1.6548146414727494],[127.42424299561307,-1.654827475846944],[127.42422955460654,-1.6547907314639898]]]},"properties":{"feature_id":"bangunan-soligi-717","Pemilik":"","BLOK":"Dusun 3","No Rumah":null}},{"type":"Feature","geometry":{"bbox":[127.42384913242083,-1.6543204731594738,127.4239606525411,-1.654238416433065],"type":"Polygon","coordinates":[[[127.42384913242083,-1.6542652779016065],[127.4239455008099,-1.654238416433065],[127.4239606525411,-1.6542935539292596],[127.42386436564718,-1.6543204731594738],[127.42384913242083,-1.6542652779016065]]]},"properties":{"feature_id":"bangunan-soligi-718","Pemilik":"","BLOK":"Dusun 3","No Rumah":null}},{"type":"Feature","geometry":{"bbox":[127.42223830287318,-1.6559808486128904,127.42241124845407,-1.6558012220276672],"type":"Polygon","coordinates":[[[127.42223830287318,-1.6558868967548155],[127.4223025770982,-1.6558012220276672],[127.42236611809133,-1.655849525832883],[127.42235112893724,-1.6558694192943444],[127.42241124845407,-1.6559150635922457],[127.42236180056348,-1.6559808486128904],[127.42223830287318,-1.6558868967548155]]]},"properties":{"feature_id":"bangunan-soligi-719","Pemilik":"","BLOK":"Dusun 3","No Rumah":null}},{"type":"Feature","geometry":{"bbox":[127.42342390435284,-1.654474477376326,127.42354911066577,-1.6543139603646808],"type":"Polygon","coordinates":[[[127.42342390435284,-1.6543363828621447],[127.42351579293342,-1.6543139603646808],[127.42354911066577,-1.6544520546363168],[127.42345722212113,-1.654474477376326],[127.42342390435284,-1.6543363828621447]]]},"properties":{"feature_id":"bangunan-soligi-720","Pemilik":"","BLOK":"Dusun 3","No Rumah":null}},{"type":"Feature","geometry":{"bbox":[127.42213419318028,-1.6554599817585167,127.42224571600447,-1.655340519543003],"type":"Polygon","coordinates":[[[127.42213419318028,-1.6554221446379012],[127.42218209343532,-1.655340519543003],[127.42224571600447,-1.6553782971592141],[127.42219781579433,-1.6554599817585167],[127.42213419318028,-1.6554221446379012]]]},"properties":{"feature_id":"bangunan-soligi-721","Pemilik":"","BLOK":"Dusun 3","No Rumah":null}},{"type":"Feature","geometry":{"bbox":[127.42326497267005,-1.6539276533424914,127.42339612595593,-1.6537563647221056],"type":"Polygon","coordinates":[[[127.42326497267005,-1.6538641862807066],[127.42329886074278,-1.6538502985420098],[127.42327279299866,-1.653785651489201],[127.42334439782674,-1.6537563647221056],[127.42339612595593,-1.653884478576188],[127.423290633118,-1.6539276533424914],[127.42326497267005,-1.6538641862807066]]]},"properties":{"feature_id":"bangunan-soligi-722","Pemilik":"","BLOK":"Dusun 3","No Rumah":null}},{"type":"Feature","geometry":{"bbox":[127.42313324890905,-1.6541573743537694,127.4232402897598,-1.6540652578346682],"type":"Polygon","coordinates":[[[127.42313324890905,-1.6540996849594483],[127.42321682876495,-1.6540652578346682],[127.4232402897598,-1.6541229471211916],[127.42315670993085,-1.6541573743537694],[127.42313324890905,-1.6540996849594483]]]},"properties":{"feature_id":"bangunan-soligi-723","Pemilik":"","BLOK":"Dusun 3","No Rumah":null}},{"type":"Feature","geometry":{"bbox":[127.42717201452679,-1.65342443772768,127.42724980616003,-1.6533290718315163],"type":"Polygon","coordinates":[[[127.42717201452679,-1.6533495214759026],[127.42720964777473,-1.6533290718315163],[127.42724980616003,-1.653403986214798],[127.42721209148877,-1.65342443772768],[127.42717201452679,-1.6533495214759026]]]},"properties":{"feature_id":"bangunan-soligi-724","Pemilik":"","BLOK":"Dusun 3","No Rumah":null}},{"type":"Feature","geometry":{"bbox":[127.42276381824865,-1.6556476477714595,127.42293024557296,-1.655489070411159],"type":"Polygon","coordinates":[[[127.42276381824865,-1.655559733149049],[127.42281880529498,-1.655489070411159],[127.42293024557296,-1.6555770443493276],[127.42287525861646,-1.6556476477714595],[127.42276381824865,-1.655559733149049]]]},"properties":{"feature_id":"bangunan-soligi-725","Pemilik":"","BLOK":"Dusun 3","No Rumah":null}},{"type":"Feature","geometry":{"bbox":[127.42169763138276,-1.6567964230136807,127.42186862316386,-1.6566326605056951],"type":"Polygon","coordinates":[[[127.42169763138276,-1.6567279677418707],[127.42175367828843,-1.6566326605056951],[127.42186862316386,-1.6567011156786904],[127.421812576357,-1.6567964230136807],[127.42169763138276,-1.6567279677418707]]]},"properties":{"feature_id":"bangunan-soligi-726","Pemilik":"","BLOK":"Dusun 3","No Rumah":null}},{"type":"Feature","geometry":{"bbox":[127.42339531133669,-1.6553366507416196,127.42347180373652,-1.6552618553132479],"type":"Polygon","coordinates":[[[127.42339531133669,-1.65528921727815],[127.42344695797071,-1.6552618553132479],[127.42347180373652,-1.6553092292633298],[127.42342015712047,-1.6553366507416196],[127.42339531133669,-1.65528921727815]]]},"properties":{"feature_id":"bangunan-soligi-727","Pemilik":"","BLOK":"Dusun 3","No Rumah":null}},{"type":"Feature","geometry":{"bbox":[127.42263958810796,-1.6548935825992077,127.42267616473954,-1.6548575571559414],"type":"Polygon","coordinates":[[[127.42263958810796,-1.6548685416294715],[127.42266581901308,-1.6548575571559414],[127.42267616473954,-1.6548826575672],[127.42264993383442,-1.6548935825992077],[127.42263958810796,-1.6548685416294715]]]},"properties":{"feature_id":"bangunan-soligi-728","Pemilik":"","BLOK":"Dusun 3","No Rumah":null}},{"type":"Feature","geometry":{"bbox":[127.42392000352295,-1.65410967511474,127.42402191114864,-1.654039147869744],"type":"Polygon","coordinates":[[[127.42392000352295,-1.6540654290715275],[127.42400895887059,-1.654039147869744],[127.42402191114864,-1.6540833938410908],[127.42393295581901,-1.65410967511474],[127.42392000352295,-1.6540654290715275]]]},"properties":{"feature_id":"bangunan-soligi-729","Pemilik":"","BLOK":"Dusun 3","No Rumah":null}},{"type":"Feature","geometry":{"bbox":[127.42231650723737,-1.6558204519036281,127.4225207342675,-1.6556401065673627],"type":"Polygon","coordinates":[[[127.42231650723737,-1.6557219520998483],[127.42236896929013,-1.6556401065673627],[127.4225207342675,-1.6557386062274122],[127.4224682723405,-1.6558204519036281],[127.42231650723737,-1.6557219520998483]]]},"properties":{"feature_id":"bangunan-soligi-730","Pemilik":"","BLOK":"Dusun 3","No Rumah":null}},{"type":"Feature","geometry":{"bbox":[127.42545194233963,-1.6536622688640905,127.42558374324796,-1.653499507124247],"type":"Polygon","coordinates":[[[127.42545194233963,-1.6535335620680218],[127.42551336257209,-1.653499507124247],[127.42558374324796,-1.6536282155193172],[127.42552240453765,-1.6536622688640905],[127.42545194233963,-1.6535335620680218]]]},"properties":{"feature_id":"bangunan-soligi-731","Pemilik":"","BLOK":"Dusun 3","No Rumah":null}},{"type":"Feature","geometry":{"bbox":[127.4228439771313,-1.6555318640222871,127.42301187057802,-1.655368723139495],"type":"Polygon","coordinates":[[[127.4228439771313,-1.6554176397125155],[127.422907762026,-1.655368723139495],[127.42301187057802,-1.6555061498281276],[127.42297830821647,-1.6555318640222871],[127.42295199595993,-1.6554971271224643],[127.42292177351663,-1.655520329716921],[127.4228439771313,-1.6554176397125155]]]},"properties":{"feature_id":"bangunan-soligi-732","Pemilik":"","BLOK":"Dusun 3","No Rumah":null}},{"type":"Feature","geometry":{"bbox":[127.42077953127944,-1.6572030229961048,127.42096698107686,-1.657050071865277],"type":"Polygon","coordinates":[[[127.42077953127944,-1.6571256183570915],[127.42081847135155,-1.657050071865277],[127.42096698107686,-1.657127478238039],[127.42092812255382,-1.6572030229961048],[127.42077953127944,-1.6571256183570915]]]},"properties":{"feature_id":"bangunan-soligi-733","Pemilik":"","BLOK":"Dusun 3","No Rumah":null}},{"type":"Feature","geometry":{"bbox":[127.42237157609331,-1.6569802388293495,127.42252203766907,-1.6568335803881038],"type":"Polygon","coordinates":[[[127.42237157609331,-1.656899237812046],[127.42242322347292,-1.6568354829839431],[127.42244489255334,-1.6568532583527118],[127.42246085923615,-1.6568335803881038],[127.42248611265745,-1.6568543089953187],[127.42247014598365,-1.6568739869689098],[127.42252203766907,-1.6569164838754828],[127.4224703903703,-1.6569802388293495],[127.42237157609331,-1.656899237812046]]]},"properties":{"feature_id":"bangunan-soligi-734","Pemilik":"","BLOK":"Dusun 3","No Rumah":null}},{"type":"Feature","geometry":{"bbox":[127.42311671213739,-1.6546758841815514,127.42327898408878,-1.6544716592444986],"type":"Polygon","coordinates":[[[127.42311671213739,-1.6545179683765587],[127.4231809855629,-1.6544716592444986],[127.42327898408878,-1.6546095153008877],[127.42318676935687,-1.6546758841815514],[127.42312274032702,-1.6545858537212197],[127.42315068175019,-1.6545657348275378],[127.42311671213739,-1.6545179683765587]]]},"properties":{"feature_id":"bangunan-soligi-735","Pemilik":"","BLOK":"Dusun 3","No Rumah":null}},{"type":"Feature","geometry":{"bbox":[127.42765546166272,-1.6526895545242353,127.42801558079117,-1.6522712993321913],"type":"Polygon","coordinates":[[[127.42765546166272,-1.6523360422711737],[127.42773642956814,-1.6522712993321913],[127.42790194918982,-1.652480952680708],[127.4278454184156,-1.6525261925211359],[127.42785714814943,-1.6525410339742204],[127.42791367891466,-1.65249579409786],[127.42801558079117,-1.652624810767786],[127.42793461320915,-1.6526895545242353],[127.42765546166272,-1.6523360422711737]]]},"properties":{"feature_id":"bangunan-soligi-736","Pemilik":"","BLOK":"Dusun 3","No Rumah":null}},{"type":"Feature","geometry":{"bbox":[127.42448338549275,-1.6531228289459587,127.42453861557831,-1.6530735166470896],"type":"Polygon","coordinates":[[[127.42448338549275,-1.653092213462761],[127.42452509317546,-1.6530735166470896],[127.42453861557831,-1.6531041338909853],[127.42449698936383,-1.6531228289459587],[127.42448338549275,-1.653092213462761]]]},"properties":{"feature_id":"bangunan-soligi-737","Pemilik":"","BLOK":"Dusun 3","No Rumah":null}},{"type":"Feature","geometry":{"bbox":[127.42256765671534,-1.6553874550703107,127.4227549388602,-1.6552108097330038],"type":"Polygon","coordinates":[[[127.42256765671534,-1.655277239528427],[127.42262215513209,-1.6552108097330038],[127.4227549388602,-1.6553210845547133],[127.42270044053329,-1.6553874550703107],[127.42256765671534,-1.655277239528427]]]},"properties":{"feature_id":"bangunan-soligi-738","Pemilik":"","BLOK":"Dusun 3","No Rumah":null}},{"type":"Feature","geometry":{"bbox":[127.4226267170376,-1.656076251582526,127.42272219099212,-1.6559798408109396],"type":"Polygon","coordinates":[[[127.4226267170376,-1.656019528335276],[127.42268178565098,-1.6559798408109396],[127.42272219099212,-1.6560365639683579],[127.42266712241467,-1.656076251582526],[127.4226267170376,-1.656019528335276]]]},"properties":{"feature_id":"bangunan-soligi-739","Pemilik":"","BLOK":"Dusun 3","No Rumah":null}},{"type":"Feature","geometry":{"bbox":[127.42352345030767,-1.6534827894318942,127.42365101882147,-1.6533823403378465],"type":"Polygon","coordinates":[[[127.42352345030767,-1.6534309403625274],[127.42362698773776,-1.6533823403378465],[127.42365101882147,-1.6534341298219604],[127.42354748143626,-1.6534827894318942],[127.42352345030767,-1.6534309403625274]]]},"properties":{"feature_id":"bangunan-soligi-740","Pemilik":"","BLOK":"Dusun 3","No Rumah":null}},{"type":"Feature","geometry":{"bbox":[127.42562707946847,-1.6539886306516007,127.42569803024219,-1.653932756635688],"type":"Polygon","coordinates":[[[127.42562707946847,-1.6539655494644545],[127.42568515972876,-1.653932756635688],[127.42569803024219,-1.6539558972463901],[127.42563994999087,-1.6539886306516007],[127.42562707946847,-1.6539655494644545]]]},"properties":{"feature_id":"bangunan-soligi-741","Pemilik":"","BLOK":"Dusun 3","No Rumah":null}},{"type":"Feature","geometry":{"bbox":[127.42269824105321,-1.656030379139492,127.4228389264704,-1.6558843214645589],"type":"Polygon","coordinates":[[[127.42269824105321,-1.6559379149454263],[127.42276104853602,-1.6558843214645589],[127.4228389264704,-1.6559767836913144],[127.42277603760026,-1.656030379139492],[127.42269824105321,-1.6559379149454263]]]},"properties":{"feature_id":"bangunan-soligi-742","Pemilik":"","BLOK":"Dusun 3","No Rumah":null}},{"type":"Feature","geometry":{"bbox":[127.42571342598274,-1.6543108830778774,127.42582380274527,-1.6541979996923133],"type":"Polygon","coordinates":[[[127.42571342598274,-1.6542228623284991],[127.42576507092794,-1.6541979996923133],[127.4257891827432,-1.654248597812731],[127.42580604472298,-1.65424049641024],[127.42582380274527,-1.6542778576663002],[127.42575521439704,-1.6543108830778774],[127.42571342598274,-1.6542228623284991]]]},"properties":{"feature_id":"bangunan-soligi-743","Pemilik":"","BLOK":"Dusun 3","No Rumah":null}},{"type":"Feature","geometry":{"bbox":[127.42241247039644,-1.656196868151146,127.42258370483043,-1.6560419412477163],"type":"Polygon","coordinates":[[[127.42241247039644,-1.6561169618747464],[127.4224492100722,-1.6560767278692898],[127.42246851672716,-1.6560946147279685],[127.42251657967607,-1.6560419412477163],[127.42258370483043,-1.6561039604857741],[127.42249890229557,-1.656196868151146],[127.42241247039644,-1.6561169618747464]]]},"properties":{"feature_id":"bangunan-soligi-744","Pemilik":"","BLOK":"Dusun 3","No Rumah":null}},{"type":"Feature","geometry":{"bbox":[127.42359212228006,-1.6554891727741854,127.42374160373097,-1.6553015855434934],"type":"Polygon","coordinates":[[[127.42359212228006,-1.6553527099868357],[127.42367781958187,-1.6553015855434934],[127.42370991531796,-1.655356053031233],[127.42369329722183,-1.6553659929078182],[127.42374160373097,-1.6554479879379336],[127.42367252459718,-1.6554891727741854],[127.42359212228006,-1.6553527099868357]]]},"properties":{"feature_id":"bangunan-soligi-745","Pemilik":"","BLOK":"Dusun 3","No Rumah":null}},{"type":"Feature","geometry":{"bbox":[127.42148957318167,-1.656874786730024,127.42152101819616,-1.6568522973889197],"type":"Polygon","coordinates":[[[127.42148957318167,-1.6568728387602798],[127.421490795142,-1.6568522973889197],[127.42152101819616,-1.6568542453586639],[127.42151979624484,-1.656874786730024],[127.42148957318167,-1.6568728387602798]]]},"properties":{"feature_id":"bangunan-soligi-746","Pemilik":"","BLOK":"Dusun 3","No Rumah":null}},{"type":"Feature","geometry":{"bbox":[127.42713804684537,-1.653416813195858,127.42719816230179,-1.6533495214759026],"type":"Polygon","coordinates":[[[127.42713804684537,-1.65336792834235],[127.42717201452679,-1.6533495214759026],[127.42719816230179,-1.6533984675406141],[127.42716427608858,-1.653416813195858],[127.42713804684537,-1.65336792834235]]]},"properties":{"feature_id":"bangunan-soligi-747","Pemilik":"","BLOK":"Dusun 3","No Rumah":null}},{"type":"Feature","geometry":{"bbox":[127.42456435702736,-1.6545588037322327,127.42464703913389,-1.6544538172027696],"type":"Polygon","coordinates":[[[127.42456435702736,-1.6544723825230496],[127.42459466022919,-1.6544538172027696],[127.42464703913389,-1.6545401788805987],[127.42461673595002,-1.6545588037322327],[127.42456435702736,-1.6544723825230496]]]},"properties":{"feature_id":"bangunan-soligi-748","Pemilik":"","BLOK":"Dusun 3","No Rumah":null}},{"type":"Feature","geometry":{"bbox":[127.42194202160417,-1.6568986113988318,127.42211227962335,-1.6567151314003656],"type":"Polygon","coordinates":[[[127.42194202160417,-1.656844281155701],[127.42200922876569,-1.6567151314003656],[127.42211227962335,-1.6567694597480513],[127.42204499109242,-1.6568986113988318],[127.42194202160417,-1.656844281155701]]]},"properties":{"feature_id":"bangunan-soligi-749","Pemilik":"","BLOK":"Dusun 3","No Rumah":null}},{"type":"Feature","geometry":{"bbox":[127.42363521532661,-1.655215124961151,127.42373810089425,-1.6551221781292327],"type":"Polygon","coordinates":[[[127.42363521532661,-1.6551591154433607],[127.4237112186926,-1.6551221781292327],[127.42373810089425,-1.6551781875482083],[127.42366209755524,-1.655215124961151],[127.42363521532661,-1.6551591154433607]]]},"properties":{"feature_id":"bangunan-soligi-750","Pemilik":"","BLOK":"Dusun 3","No Rumah":null}},{"type":"Feature","geometry":{"bbox":[127.42798348701338,-1.6517216824541046,127.42803806272116,-1.6516699559598584],"type":"Polygon","coordinates":[[[127.42798348701338,-1.6516969856648864],[127.42800148885641,-1.6516699559598584],[127.42803806272116,-1.6516946527311103],[127.4280200608871,-1.6517216824541046],[127.42798348701338,-1.6516969856648864]]]},"properties":{"feature_id":"bangunan-soligi-751","Pemilik":"","BLOK":"Dusun 3","No Rumah":null}},{"type":"Feature","geometry":{"bbox":[127.42098245930971,-1.6573740060186137,127.42113357555073,-1.6572302570409103],"type":"Polygon","coordinates":[[[127.42098245930971,-1.6573087355349976],[127.420998833648,-1.6572805446586505],[127.42098245930971,-1.6572709765318792],[127.42100608396865,-1.6572302570409103],[127.42113357555073,-1.6573051550389213],[127.4210935766164,-1.6573740060186137],[127.42098245930971,-1.6573087355349976]]]},"properties":{"feature_id":"bangunan-soligi-752","Pemilik":"","BLOK":"Dusun 3","No Rumah":null}},{"type":"Feature","geometry":{"bbox":[127.4213457079979,-1.658099985686901,127.42140965716754,-1.6580631149738685],"type":"Polygon","coordinates":[[[127.4213457079979,-1.658091980314314],[127.42134953679731,-1.6580631149738685],[127.42140965716754,-1.6580711203554384],[127.42140582836814,-1.658099985686901],[127.4213457079979,-1.658091980314314]]]},"properties":{"feature_id":"bangunan-soligi-753","Pemilik":"","BLOK":"Dusun 3","No Rumah":null}},{"type":"Feature","geometry":{"bbox":[127.42236408152074,-1.657106037635113,127.42246990158797,-1.657013245142744],"type":"Polygon","coordinates":[[[127.42236408152074,-1.6570505544941467],[127.42238949790543,-1.657013245142744],[127.42246990158797,-1.6570687282387944],[127.42244448523924,-1.657106037635113],[127.42236408152074,-1.6570505544941467]]]},"properties":{"feature_id":"bangunan-soligi-754","Pemilik":"","BLOK":"Dusun 3","No Rumah":null}},{"type":"Feature","geometry":{"bbox":[127.4216173897473,-1.656031385647869,127.42164386542537,-1.656006872114969],"type":"Polygon","coordinates":[[[127.4216173897473,-1.656009313214888],[127.42164174736861,-1.656006872114969],[127.42164386542537,-1.656029003998455],[127.42161950780405,-1.656031385647869],[127.4216173897473,-1.656009313214888]]]},"properties":{"feature_id":"bangunan-soligi-755","Pemilik":"","BLOK":"Dusun 3","No Rumah":null}},{"type":"Feature","geometry":{"bbox":[127.42149030635966,-1.6566417695214908,127.42163685955428,-1.6565053647473422],"type":"Polygon","coordinates":[[[127.42149030635966,-1.6565696276176536],[127.42153535582013,-1.6565053647473422],[127.42163685955428,-1.6565775065523645],[127.4215918101657,-1.6566417695214908],[127.42149030635966,-1.6565696276176536]]]},"properties":{"feature_id":"bangunan-soligi-756","Pemilik":"","BLOK":"Dusun 3","No Rumah":null}},{"type":"Feature","geometry":{"bbox":[127.42277473419867,-1.6559158522232336,127.42292438030182,-1.655768668033985],"type":"Polygon","coordinates":[[[127.42277473419867,-1.655837105662883],[127.42286621630957,-1.655768668033985],[127.42292438030182,-1.6558474143877235],[127.4228328982628,-1.6559158522232336],[127.42277473419867,-1.655837105662883]]]},"properties":{"feature_id":"bangunan-soligi-757","Pemilik":"","BLOK":"Dusun 3","No Rumah":null}},{"type":"Feature","geometry":{"bbox":[127.4226280204302,-1.6555095428997029,127.42272072467206,-1.655409399933538],"type":"Polygon","coordinates":[[[127.4226280204302,-1.6554788376927743],[127.4226679370339,-1.655409399933538],[127.42272072467206,-1.6554401033168866],[127.42268072663609,-1.6555095428997029],[127.4226280204302,-1.6554788376927743]]]},"properties":{"feature_id":"bangunan-soligi-758","Pemilik":"","BLOK":"Dusun 3","No Rumah":null}},{"type":"Feature","geometry":{"bbox":[127.42402207406711,-1.6546391851994515,127.42414516134411,-1.6544579419970595],"type":"Polygon","coordinates":[[[127.42402207406711,-1.6544852504493202],[127.42412520345549,-1.6544579419970595],[127.42414027370049,-1.6545156975253519],[127.42411998997494,-1.654521080329349],[127.42414516134411,-1.6546173187321989],[127.4240623157262,-1.6546391851994515],[127.42402207406711,-1.6544852504493202]]]},"properties":{"feature_id":"bangunan-soligi-759","Pemilik":"","BLOK":"Dusun 3","No Rumah":null}},{"type":"Feature","geometry":{"bbox":[127.42178129439571,-1.6576050009487626,127.42190650361022,-1.6574631426282882],"type":"Polygon","coordinates":[[[127.42178129439571,-1.6575668531188568],[127.42184076268786,-1.6574631426282882],[127.42190650361022,-1.6575012903953121],[127.42184703537195,-1.6576050009487626],[127.42178129439571,-1.6575668531188568]]]},"properties":{"feature_id":"bangunan-soligi-760","Pemilik":"","BLOK":"Dusun 3","No Rumah":null}},{"type":"Feature","geometry":{"bbox":[127.42305349766389,-1.6540432236789016,127.42318611765609,-1.6538781075894458],"type":"Polygon","coordinates":[[[127.42305349766389,-1.6539156462807407],[127.42312722072839,-1.6538781075894458],[127.42318611765609,-1.6539951835202384],[127.42309186625478,-1.6540432236789016],[127.42306653158086,-1.653992888809778],[127.42308714145774,-1.6539824452388299],[127.42305349766389,-1.6539156462807407]]]},"properties":{"feature_id":"bangunan-soligi-761","Pemilik":"","BLOK":"Dusun 3","No Rumah":null}},{"type":"Feature","geometry":{"bbox":[127.42283281680355,-1.6549655720499579,127.42292144766174,-1.6548792781949326],"type":"Polygon","coordinates":[[[127.42283281680355,-1.6549220067410848],[127.42288837402859,-1.6548792781949326],[127.42292144766174,-1.6549229029004122],[127.42286589046365,-1.6549655720499579],[127.42283281680355,-1.6549220067410848]]]},"properties":{"feature_id":"bangunan-soligi-762","Pemilik":"","BLOK":"Dusun 3","No Rumah":null}},{"type":"Feature","geometry":{"bbox":[127.42168003525484,-1.6570422917991465,127.42179139587023,-1.6569346277421642],"type":"Polygon","coordinates":[[[127.42168003525484,-1.6570095514769079],[127.4217096879866,-1.6569346277421642],[127.42179139587023,-1.656967368064403],[127.42176174316543,-1.6570422917991465],[127.42168003525484,-1.6570095514769079]]]},"properties":{"feature_id":"bangunan-soligi-763","Pemilik":"","BLOK":"Dusun 3","No Rumah":null}},{"type":"Feature","geometry":{"bbox":[127.42704233446898,-1.652295547053599,127.42718325563102,-1.6521692627263906],"type":"Polygon","coordinates":[[[127.42704233446898,-1.6522065305846105],[127.4270796419519,-1.6521783014040994],[127.42709381552554,-1.6521973099351746],[127.42713096006304,-1.6521692627263906],[127.42718325563102,-1.6522392705026072],[127.4271088036735,-1.652295547053599],[127.42704233446898,-1.6522065305846105]]]},"properties":{"feature_id":"bangunan-soligi-764","Pemilik":"","BLOK":"Dusun 3","No Rumah":null}},{"type":"Feature","geometry":{"bbox":[127.42344679505223,-1.6552676703416438,127.42363969570104,-1.6550260863224542],"type":"Polygon","coordinates":[[[127.42344679505223,-1.6550568494527522],[127.42350438832682,-1.6550260863224542],[127.42351530416906,-1.6550467741281887],[127.42353957967536,-1.6550338707454137],[127.42363969570104,-1.6552240034063628],[127.42355782703694,-1.6552676703416438],[127.42344679505223,-1.6550568494527522]]]},"properties":{"feature_id":"bangunan-soligi-765","Pemilik":"","BLOK":"Dusun 3","No Rumah":null}},{"type":"Feature","geometry":{"bbox":[127.42409416690496,-1.6549878008257308,127.42423713044968,-1.654787877579214],"type":"Polygon","coordinates":[[[127.42409416690496,-1.6548183964036876],[127.42416764449582,-1.654787877579214],[127.42423713044968,-1.6549572204576772],[127.42416357146249,-1.6549878008257308],[127.42409416690496,-1.6548183964036876]]]},"properties":{"feature_id":"bangunan-soligi-766","Pemilik":"","BLOK":"Dusun 3","No Rumah":null}},{"type":"Feature","geometry":{"bbox":[127.42352964137982,-1.654323683316091,127.42362617311854,-1.6542419789179197],"type":"Polygon","coordinates":[[[127.42352964137982,-1.6542610955073402],[127.42361183592574,-1.6542419789179197],[127.42362617311854,-1.654304566636839],[127.42354397859057,-1.654323683316091],[127.42352964137982,-1.6542610955073402]]]},"properties":{"feature_id":"bangunan-soligi-767","Pemilik":"","BLOK":"Dusun 3","No Rumah":null}},{"type":"Feature","geometry":{"bbox":[127.42232058037854,-1.6571511275467201,127.42241735815682,-1.6570505544941467],"type":"Polygon","coordinates":[[[127.42232058037854,-1.657114427028501],[127.42236408152074,-1.6570505544941467],[127.42241735815682,-1.657087312612342],[127.42237377559132,-1.6571511275467201],[127.42232058037854,-1.657114427028501]]]},"properties":{"feature_id":"bangunan-soligi-768","Pemilik":"","BLOK":"Dusun 3","No Rumah":null}},{"type":"Feature","geometry":{"bbox":[127.42394810755916,-1.6548673149709678,127.42406834382602,-1.6547603113463993],"type":"Polygon","coordinates":[[[127.42394810755916,-1.6547984941028036],[127.42404015838449,-1.6547603113463993],[127.42406834382602,-1.6548291338584808],[127.42397637450485,-1.6548673149709678],[127.42394810755916,-1.6547984941028036]]]},"properties":{"feature_id":"bangunan-soligi-769","Pemilik":"","BLOK":"Dusun 3","No Rumah":null}},{"type":"Feature","geometry":{"bbox":[127.42128876467241,-1.6563948475422028,127.42133145180622,-1.6563517254890403],"type":"Polygon","coordinates":[[[127.42128876467241,-1.6563773260373333],[127.42130636089912,-1.6563517254890403],[127.42133145180622,-1.6563692469849267],[127.42131385557948,-1.6563948475422028],[127.42128876467241,-1.6563773260373333]]]},"properties":{"feature_id":"bangunan-soligi-770","Pemilik":"","BLOK":"Dusun 3","No Rumah":null}},{"type":"Feature","geometry":{"bbox":[127.4230548825247,-1.6535326859051926,127.42309186625478,-1.6534953201575562],"type":"Polygon","coordinates":[[[127.4230548825247,-1.6535050172644359],[127.4230820908238,-1.6534953201575562],[127.42309186625478,-1.6535229887803469],[127.42306465795569,-1.6535326859051926],[127.4230548825247,-1.6535050172644359]]]},"properties":{"feature_id":"bangunan-soligi-771","Pemilik":"","BLOK":"Dusun 3","No Rumah":null}},{"type":"Feature","geometry":{"bbox":[127.42336166769554,-1.6551078352411308,127.42341290704238,-1.655048387044298],"type":"Polygon","coordinates":[[[127.42336166769554,-1.6550627731503484],[127.42339115679917,-1.655048387044298],[127.42341290704238,-1.6550934508957786],[127.42338349940697,-1.6551078352411308],[127.42336166769554,-1.6550627731503484]]]},"properties":{"feature_id":"bangunan-soligi-772","Pemilik":"","BLOK":"Dusun 3","No Rumah":null}},{"type":"Feature","geometry":{"bbox":[127.42225052231464,-1.6565418750922154,127.4223877057215,-1.6563831061571974],"type":"Polygon","coordinates":[[[127.42225052231464,-1.6564876499789223],[127.42227202852152,-1.6564605361197187],[127.42225125548363,-1.6564438112767756],[127.42229948150373,-1.6563831061571974],[127.4223877057215,-1.656454113632561],[127.42231789210716,-1.6565418750922154],[127.42225052231464,-1.6564876499789223]]]},"properties":{"feature_id":"bangunan-soligi-773","Pemilik":"","BLOK":"Dusun 3","No Rumah":null}},{"type":"Feature","geometry":{"bbox":[127.42175490023978,-1.6581038118183087,127.4218728592594,-1.6579781402678881],"type":"Polygon","coordinates":[[[127.42175490023978,-1.6580684749965897],[127.42179563196576,-1.6579781402678881],[127.4218728592594,-1.6580134770716408],[127.4218321275693,-1.6581038118183087],[127.42175490023978,-1.6580684749965897]]]},"properties":{"feature_id":"bangunan-soligi-774","Pemilik":"","BLOK":"Dusun 3","No Rumah":null}},{"type":"Feature","geometry":{"bbox":[127.42402321452326,-1.6540612951054385,127.42411355457,-1.6539927349822685],"type":"Polygon","coordinates":[[[127.42402321452326,-1.6540174292831535],[127.42409954331295,-1.6539927349822685],[127.42411355457,-1.6540366007326883],[127.4240372257893,-1.6540612951054385],[127.42402321452326,-1.6540174292831535]]]},"properties":{"feature_id":"bangunan-soligi-775","Pemilik":"","BLOK":"Dusun 3","No Rumah":null}},{"type":"Feature","geometry":{"bbox":[127.4213602900445,-1.6571165540684138,127.42147572434003,-1.656985137001234],"type":"Polygon","coordinates":[[[127.4213602900445,-1.657084350570406],[127.42140468786705,-1.656985137001234],[127.42147572434003,-1.6570173404722928],[127.4214313265534,-1.6571165540684138],[127.4213602900445,-1.657084350570406]]]},"properties":{"feature_id":"bangunan-soligi-776","Pemilik":"","BLOK":"Dusun 3","No Rumah":null}},{"type":"Feature","geometry":{"bbox":[127.42369468206468,-1.6554113138212003,127.42383618011581,-1.6552492253417128],"type":"Polygon","coordinates":[[[127.42369468206468,-1.6552915213849884],[127.42376563477876,-1.6552492253417128],[127.42383618011581,-1.6553690193589596],[127.42376530893284,-1.6554113138212003],[127.42369468206468,-1.6552915213849884]]]},"properties":{"feature_id":"bangunan-soligi-777","Pemilik":"","BLOK":"Dusun 3","No Rumah":null}},{"type":"Feature","geometry":{"bbox":[127.4230341097114,-1.6547491527254683,127.42317740124001,-1.6545880600374565],"type":"Polygon","coordinates":[[[127.4230341097114,-1.654631809222485],[127.42309822028132,-1.6545880600374565],[127.42317740124001,-1.6547054033428104],[127.42311329074191,-1.6547491527254683],[127.4230341097114,-1.654631809222485]]]},"properties":{"feature_id":"bangunan-soligi-778","Pemilik":"","BLOK":"Dusun 3","No Rumah":null}},{"type":"Feature","geometry":{"bbox":[127.4276488636717,-1.652979684148166,127.42777992738658,-1.6528468171372355],"type":"Polygon","coordinates":[[[127.4276488636717,-1.652902627291915],[127.42770751247576,-1.6528468171372355],[127.42777992738658,-1.6529239315126143],[127.4277211971862,-1.652979684148166],[127.4276488636717,-1.652902627291915]]]},"properties":{"feature_id":"bangunan-soligi-779","Pemilik":"","BLOK":"Dusun 3","No Rumah":null}},{"type":"Feature","geometry":{"bbox":[127.42263413011499,-1.6537935403323292,127.42272732312124,-1.653707464534356],"type":"Polygon","coordinates":[[[127.42263413011499,-1.6537514714909554],[127.42269921859993,-1.653707464534356],[127.42272732312124,-1.6537495333038645],[127.42266223466324,-1.6537935403323292],[127.42263413011499,-1.6537514714909554]]]},"properties":{"feature_id":"bangunan-soligi-780","Pemilik":"","BLOK":"Dusun 3","No Rumah":null}},{"type":"Feature","geometry":{"bbox":[127.42293334113153,-1.6538333391579296,127.42306001462686,-1.6536901041243663],"type":"Polygon","coordinates":[[[127.42293334113153,-1.6537288138414994],[127.42300087320469,-1.6536901041243663],[127.42306001462686,-1.6537946887026558],[127.42299248261656,-1.6538333391579296],[127.42293334113153,-1.6537288138414994]]]},"properties":{"feature_id":"bangunan-soligi-781","Pemilik":"","BLOK":"Dusun 3","No Rumah":null}},{"type":"Feature","geometry":{"bbox":[127.42273204793622,-1.6552169095992102,127.4229453160695,-1.6550167008770793],"type":"Polygon","coordinates":[[[127.42273204793622,-1.6550957683605656],[127.42282304133666,-1.6550167008770793],[127.4229453160695,-1.6551591955910503],[127.42287892441655,-1.6552169095992102],[127.42280047628552,-1.6551254720717166],[127.42277595613206,-1.6551468240558396],[127.42273204793622,-1.6550957683605656]]]},"properties":{"feature_id":"bangunan-soligi-782","Pemilik":"","BLOK":"Dusun 3","No Rumah":null}},{"type":"Feature","geometry":{"bbox":[127.42715678201907,-1.652057852892303,127.42719343778323,-1.6520220816992115],"type":"Polygon","coordinates":[[[127.42715678201907,-1.65203207831339],[127.42718415166456,-1.6520220816992115],[127.42719343778323,-1.6520478562601582],[127.4271660681557,-1.652057852892303],[127.42715678201907,-1.65203207831339]]]},"properties":{"feature_id":"bangunan-soligi-783","Pemilik":"","BLOK":"Dusun 3","No Rumah":null}},{"type":"Feature","geometry":{"bbox":[127.42171840459133,-1.656340204272128,127.42181412416322,-1.6562320524479128],"type":"Polygon","coordinates":[[[127.42171840459133,-1.656285831287156],[127.42177070414785,-1.6562320524479128],[127.42181159879232,-1.6562723546354994],[127.42179986806134,-1.656284446623977],[127.42181412416322,-1.6562985209517416],[127.42177371830105,-1.656340204272128],[127.42171840459133,-1.656285831287156]]]},"properties":{"feature_id":"bangunan-soligi-784","Pemilik":"","BLOK":"Dusun 3","No Rumah":null}},{"type":"Feature","geometry":{"bbox":[127.42123996771005,-1.6526535845788874,127.42128672807485,-1.6526091714400493],"type":"Polygon","coordinates":[[[127.42123996771005,-1.652621964743269],[127.42127548603638,-1.6526091714400493],[127.42128672807485,-1.652640791239735],[127.42125120974855,-1.6526535845788874],[127.42123996771005,-1.652621964743269]]]},"properties":{"feature_id":"bangunan-soligi-785","Pemilik":"","BLOK":"Dusun 3","No Rumah":null}},{"type":"Feature","geometry":{"bbox":[127.42177795439662,-1.6569252890810493,127.42186805292229,-1.656833469365318],"type":"Polygon","coordinates":[[[127.42177795439662,-1.6568922083242676],[127.42181249488877,-1.656833469365318],[127.42186805292229,-1.656866550086167],[127.42183351244807,-1.6569252890810493],[127.42177795439662,-1.6568922083242676]]]},"properties":{"feature_id":"bangunan-soligi-786","Pemilik":"","BLOK":"Dusun 3","No Rumah":null}},{"type":"Feature","geometry":{"bbox":[127.42216229792616,-1.6574128487762405,127.42228302601166,-1.6572873944743884],"type":"Polygon","coordinates":[[[127.42216229792616,-1.6573466188380017],[127.4222026221045,-1.6572873944743884],[127.42228302601166,-1.657342937335355],[127.42223537021513,-1.6574128487762405],[127.42218241929022,-1.6573763210759156],[127.42218975095328,-1.65736557461102],[127.42216229792616,-1.6573466188380017]]]},"properties":{"feature_id":"bangunan-soligi-787","Pemilik":"","BLOK":"Dusun 3","No Rumah":null}},{"type":"Feature","geometry":{"bbox":[127.42051876261445,-1.6573637880326,127.42059688740588,-1.6572814456868465],"type":"Polygon","coordinates":[[[127.42051876261445,-1.657339209856932],[127.42054678652991,-1.6572814456868465],[127.42059688740588,-1.657306025650162],[127.4205689449676,-1.6573637880326],[127.42051876261445,-1.657339209856932]]]},"properties":{"feature_id":"bangunan-soligi-788","Pemilik":"","BLOK":"Dusun 3","No Rumah":null}},{"type":"Feature","geometry":{"bbox":[127.42366144586342,-1.6552906978544517,127.42372360080098,-1.655220972418729],"type":"Polygon","coordinates":[[[127.42366144586342,-1.6552401114929811],[127.42369614836674,-1.655220972418729],[127.42372360080098,-1.655271558744267],[127.42368889831563,-1.6552906978544517],[127.42366144586342,-1.6552401114929811]]]},"properties":{"feature_id":"bangunan-soligi-789","Pemilik":"","BLOK":"Dusun 3","No Rumah":null}},{"type":"Feature","geometry":{"bbox":[127.42361216177166,-1.6542371420021544,127.42371537322114,-1.654155101113044],"type":"Polygon","coordinates":[[[127.42361216177166,-1.654181505222325],[127.42369859220653,-1.654155101113044],[127.42371537322114,-1.654210737803042],[127.42362894280423,-1.6542371420021544],[127.42361216177166,-1.654181505222325]]]},"properties":{"feature_id":"bangunan-soligi-790","Pemilik":"","BLOK":"Dusun 3","No Rumah":null}},{"type":"Feature","geometry":{"bbox":[127.42803415282184,-1.6516325241052001,127.42807088958709,-1.6516016977424892],"type":"Polygon","coordinates":[[[127.42803415282184,-1.651624887482054],[127.42803977330209,-1.6516016977424892],[127.42807088958709,-1.6516093938071577],[127.42806526910682,-1.6516325241052001],[127.42803415282184,-1.651624887482054]]]},"properties":{"feature_id":"bangunan-soligi-791","Pemilik":"","BLOK":"Dusun 3","No Rumah":null}},{"type":"Feature","geometry":{"bbox":[127.4226361666766,-1.654285970998418,127.42274052001953,-1.6541901935660561],"type":"Polygon","coordinates":[[[127.4226361666766,-1.6542359344687831],[127.42270972725382,-1.6541901935660561],[127.42274052001953,-1.6542402300058594],[127.42266695948722,-1.654285970998418],[127.4226361666766,-1.6542359344687831]]]},"properties":{"feature_id":"bangunan-soligi-792","Pemilik":"","BLOK":"Dusun 3","No Rumah":null}},{"type":"Feature","geometry":{"bbox":[127.42786781894924,-1.6521225582817065,127.42793811583026,-1.652049519275311],"type":"Polygon","coordinates":[[[127.42786781894924,-1.652095523240686],[127.42790512599197,-1.652049519275311],[127.42793811583026,-1.6520764948388769],[127.42790080880552,-1.6521225582817065],[127.42786781894924,-1.652095523240686]]]},"properties":{"feature_id":"bangunan-soligi-793","Pemilik":"","BLOK":"Dusun 3","No Rumah":null}},{"type":"Feature","geometry":{"bbox":[127.42315548799749,-1.653971317789439,127.42329152919649,-1.6538064500482268],"type":"Polygon","coordinates":[[[127.42315548799749,-1.6538424048300127],[127.42323018850088,-1.6538064500482268],[127.42329152919649,-1.6539353627740911],[127.42321682876495,-1.653971317789439],[127.42315548799749,-1.6538424048300127]]]},"properties":{"feature_id":"bangunan-soligi-794","Pemilik":"","BLOK":"Dusun 3","No Rumah":null}},{"type":"Feature","geometry":{"bbox":[127.42224172432255,-1.65707815180867,127.42237100585173,-1.6569477940708057],"type":"Polygon","coordinates":[[[127.42224172432255,-1.6570254921265404],[127.42229467519357,-1.6569477940708057],[127.42237100585173,-1.65700045368107],[127.42231805503461,-1.65707815180867],[127.42224172432255,-1.6570254921265404]]]},"properties":{"feature_id":"bangunan-soligi-795","Pemilik":"","BLOK":"Dusun 3","No Rumah":null}},{"type":"Feature","geometry":{"bbox":[127.42178699683825,-1.6574414783179072,127.42188532315039,-1.6573679881865593],"type":"Polygon","coordinates":[[[127.42178699683825,-1.6573925606579252],[127.42180109001266,-1.6573679881865593],[127.42188532315039,-1.6574168463601031],[127.42187122999393,-1.6574414783179072],[127.42178699683825,-1.6573925606579252]]]},"properties":{"feature_id":"bangunan-soligi-796","Pemilik":"","BLOK":"Dusun 3","No Rumah":null}},{"type":"Feature","geometry":{"bbox":[127.42587838012392,-1.6541639847235685,127.42601571942443,-1.654011617713271],"type":"Polygon","coordinates":[[[127.42587838012392,-1.65403711245799],[127.42592904744156,-1.654011617713271],[127.42593996289752,-1.6540334934691037],[127.42596855488962,-1.6540190689061762],[127.42601571942443,-1.6541138668784343],[127.42591617696408,-1.6541639847235685],[127.42589630103774,-1.654123935501566],[127.42591650280099,-1.6541137389852876],[127.42587838012392,-1.65403711245799]]]},"properties":{"feature_id":"bangunan-soligi-797","Pemilik":"","BLOK":"Dusun 3","No Rumah":null}},{"type":"Feature","geometry":{"bbox":[127.42227170266665,-1.656778452099641,127.4223806184631,-1.6566652059114833],"type":"Polygon","coordinates":[[[127.42227170266665,-1.6567363227297833],[127.42232823788751,-1.6566652059114833],[127.4223806184631,-1.656707275749987],[127.42232408328712,-1.656778452099641],[127.42227170266665,-1.6567363227297833]]]},"properties":{"feature_id":"bangunan-soligi-798","Pemilik":"","BLOK":"Dusun 3","No Rumah":null}},{"type":"Feature","geometry":{"bbox":[127.42530645601119,-1.6543735073761947,127.42538987037948,-1.6542868082911448],"type":"Polygon","coordinates":[[[127.42530645601119,-1.6543187122728706],[127.4253511772003,-1.6542868082911448],[127.42538987037948,-1.6543416033315868],[127.42534514920833,-1.6543735073761947],[127.42530645601119,-1.6543187122728706]]]},"properties":{"feature_id":"bangunan-soligi-799","Pemilik":"","BLOK":"Dusun 3","No Rumah":null}},{"type":"Feature","geometry":{"bbox":[127.42552191578224,-1.6534416947954793,127.42558235845004,-1.6533779009804934],"type":"Polygon","coordinates":[[[127.42552191578224,-1.6533953944758923],[127.42556297118026,-1.6533779009804934],[127.42558235845004,-1.6534242030517954],[127.42554138452024,-1.6534416947954793],[127.42552191578224,-1.6533953944758923]]]},"properties":{"feature_id":"bangunan-soligi-800","Pemilik":"","BLOK":"Dusun 3","No Rumah":null}},{"type":"Feature","geometry":{"bbox":[127.42259796077059,-1.653931290863622,127.42268716216677,-1.6538487602759004],"type":"Polygon","coordinates":[[[127.42259796077059,-1.6538919911419934],[127.42266019810164,-1.6538487602759004],[127.42268716216677,-1.653888059934647],[127.42262492486269,-1.653931290863622],[127.42259796077059,-1.6538919911419934]]]},"properties":{"feature_id":"bangunan-soligi-801","Pemilik":"","BLOK":"Dusun 3","No Rumah":null}},{"type":"Feature","geometry":{"bbox":[127.4227300113836,-1.6561767440472355,127.4229146863031,-1.655989053725881],"type":"Polygon","coordinates":[[[127.4227300113836,-1.6560696884641108],[127.42282450765666,-1.655989053725881],[127.4229146863031,-1.65609616847205],[127.42282019015579,-1.6561767440472355],[127.4227300113836,-1.6560696884641108]]]},"properties":{"feature_id":"bangunan-soligi-802","Pemilik":"","BLOK":"Dusun 3","No Rumah":null}},{"type":"Feature","geometry":{"bbox":[127.42536746907325,-1.6538214032876652,127.42545300130965,-1.6537236058496567],"type":"Polygon","coordinates":[[[127.42536746907325,-1.6537491023640565],[127.42541284190027,-1.6537236058496567],[127.42545300130965,-1.6537959066924168],[127.42540762850956,-1.6538214032876652],[127.42536746907325,-1.6537491023640565]]]},"properties":{"feature_id":"bangunan-soligi-803","Pemilik":"","BLOK":"Dusun 3","No Rumah":null}},{"type":"Feature","geometry":{"bbox":[127.42418939450548,-1.6550539809883196,127.42425456302135,-1.6549830749327514],"type":"Polygon","coordinates":[[[127.42418939450548,-1.6550016783326165],[127.42423216134682,-1.6549830749327514],[127.42425456302135,-1.6550353775435391],[127.42421179618898,-1.6550539809883196],[127.42418939450548,-1.6550016783326165]]]},"properties":{"feature_id":"bangunan-soligi-804","Pemilik":"","BLOK":"Dusun 3","No Rumah":null}},{"type":"Feature","geometry":{"bbox":[127.42679673998407,-1.6523740212088232,127.42690141302846,-1.6522749614222447],"type":"Polygon","coordinates":[[[127.42679673998407,-1.6523235352251024],[127.42686695647488,-1.6522749614222447],[127.42690141302846,-1.652325447316134],[127.42683119657362,-1.6523740212088232],[127.42679673998407,-1.6523235352251024]]]},"properties":{"feature_id":"bangunan-soligi-805","Pemilik":"","BLOK":"Dusun 3","No Rumah":null}},{"type":"Feature","geometry":{"bbox":[127.42451955387594,-1.654778496841011,127.42464076670134,-1.6546545932828678],"type":"Polygon","coordinates":[[[127.42451955387594,-1.6547002549901193],[127.42459221642535,-1.6546545932828678],[127.42464076670134,-1.654732834981046],[127.42456810419684,-1.654778496841011],[127.42451955387594,-1.6547002549901193]]]},"properties":{"feature_id":"bangunan-soligi-806","Pemilik":"","BLOK":"Dusun 3","No Rumah":null}},{"type":"Feature","geometry":{"bbox":[127.42752496791994,-1.65188216974948,127.42756887314235,-1.6518400666733108],"type":"Polygon","coordinates":[[[127.42752496791994,-1.6518561933640385],[127.4275553513144,-1.6518400666733108],[127.42756887314235,-1.6518660448374165],[127.42753857120708,-1.65188216974948],[127.42752496791994,-1.6518561933640385]]]},"properties":{"feature_id":"bangunan-soligi-807","Pemilik":"","BLOK":"Dusun 3","No Rumah":null}},{"type":"Feature","geometry":{"bbox":[127.42329552081554,-1.6548160623470174,127.42336557785535,-1.6547474426385946],"type":"Polygon","coordinates":[[[127.42329552081554,-1.6547927527721935],[127.42334415344007,-1.6547474426385946],[127.42336557785535,-1.6547708116369746],[127.4233169452398,-1.6548160623470174],[127.42329552081554,-1.6547927527721935]]]},"properties":{"feature_id":"bangunan-soligi-808","Pemilik":"","BLOK":"Dusun 3","No Rumah":null}},{"type":"Feature","geometry":{"bbox":[127.42370820462925,-1.6536190690617403,127.42378363769076,-1.6535560078677842],"type":"Polygon","coordinates":[[[127.42370820462925,-1.6535762719202334],[127.42376970783907,-1.6535560078677842],[127.42378363769076,-1.6535988644148814],[127.42372213449892,-1.6536190690617403],[127.42370820462925,-1.6535762719202334]]]},"properties":{"feature_id":"bangunan-soligi-809","Pemilik":"","BLOK":"Dusun 3","No Rumah":null}},{"type":"Feature","geometry":{"bbox":[127.42241018943915,-1.6551890781208418,127.42252065280826,-1.655071913499381],"type":"Polygon","coordinates":[[[127.42241018943915,-1.6551510398494682],[127.42247421911581,-1.655071913499381],[127.42252065280826,-1.6551099516899066],[127.42245662317654,-1.6551890781208418],[127.42241018943915,-1.6551510398494682]]]},"properties":{"feature_id":"bangunan-soligi-810","Pemilik":"","BLOK":"Dusun 3","No Rumah":null}},{"type":"Feature","geometry":{"bbox":[127.42171465726912,-1.6567061176329396,127.42192328504699,-1.6565186176645939],"type":"Polygon","coordinates":[[[127.42171465726912,-1.656596895151653],[127.42176964512394,-1.6565186176645939],[127.42192328504699,-1.656627780515712],[127.42186829730896,-1.6567061176329396],[127.42171465726912,-1.656596895151653]]]},"properties":{"feature_id":"bangunan-soligi-811","Pemilik":"","BLOK":"Dusun 3","No Rumah":null}},{"type":"Feature","geometry":{"bbox":[127.42254696522649,-1.6563985184357461,127.42273880931282,-1.6562156326279247],"type":"Polygon","coordinates":[[[127.42254696522649,-1.6563234664215798],[127.42267754960035,-1.6562156326279247],[127.42273880931282,-1.6562906843725964],[127.42260822504679,-1.6563985184357461],[127.42254696522649,-1.6563234664215798]]]},"properties":{"feature_id":"bangunan-soligi-812","Pemilik":"","BLOK":"Dusun 3","No Rumah":null}},{"type":"Feature","geometry":{"bbox":[127.42446432377243,-1.6531975536589514,127.42457038508223,-1.6531042834874297],"type":"Polygon","coordinates":[[[127.42446432377243,-1.6531380563602052],[127.42453991894395,-1.6531042834874297],[127.42457038508223,-1.6531732903607566],[127.42451621400261,-1.6531975536589514],[127.42450863819539,-1.6531804199208573],[127.42448729558967,-1.653189987257111],[127.42446432377243,-1.6531380563602052]]]},"properties":{"feature_id":"bangunan-soligi-813","Pemilik":"","BLOK":"Dusun 3","No Rumah":null}},{"type":"Feature","geometry":{"bbox":[127.42194821281105,-1.6564557517374314,127.42207105929465,-1.6563352282342747],"type":"Polygon","coordinates":[[[127.42194821281105,-1.6563969370954188],[127.42199611319187,-1.6563352282342747],[127.42207105929465,-1.6563940427864554],[127.42202315896776,-1.6564557517374314],[127.42194821281105,-1.6563969370954188]]]},"properties":{"feature_id":"bangunan-soligi-814","Pemilik":"","BLOK":"Dusun 3","No Rumah":null}},{"type":"Feature","geometry":{"bbox":[127.42176663097973,-1.6558575615056446,127.4218845085132,-1.6557422405864728],"type":"Polygon","coordinates":[[[127.42176663097973,-1.6558024828311346],[127.42183970366396,-1.6557422405864728],[127.4218845085132,-1.6557973209408323],[127.4218115173331,-1.6558575615056446],[127.42176663097973,-1.6558024828311346]]]},"properties":{"feature_id":"bangunan-soligi-815","Pemilik":"","BLOK":"Dusun 3","No Rumah":null}},{"type":"Feature","geometry":{"bbox":[127.42321821361678,-1.6547932461898296,127.42334056912615,-1.6546652602827931],"type":"Polygon","coordinates":[[[127.42321821361678,-1.654710269256193],[127.42327205983865,-1.6546652602827931],[127.42334056912615,-1.6547482352850518],[127.42328664148997,-1.6547932461898296],[127.42321821361678,-1.654710269256193]]]},"properties":{"feature_id":"bangunan-soligi-816","Pemilik":"","BLOK":"Dusun 3","No Rumah":null}},{"type":"Feature","geometry":{"bbox":[127.42643205300331,-1.6525808988259942,127.42653713387384,-1.65247469379473],"type":"Polygon","coordinates":[[[127.42643205300331,-1.6525186703523402],[127.42647709931967,-1.65247469379473],[127.42653713387384,-1.6525369221785524],[127.4264920875934,-1.6525808988259942],[127.42643205300331,-1.6525186703523402]]]},"properties":{"feature_id":"bangunan-soligi-817","Pemilik":"","BLOK":"Dusun 3","No Rumah":null}},{"type":"Feature","geometry":{"bbox":[127.42314726035475,-1.6554975913268875,127.4231923902234,-1.6554529070764965],"type":"Polygon","coordinates":[[[127.42314726035475,-1.6554859746370267],[127.42315842062857,-1.6554529070764965],[127.4231923902234,-1.6554644643068686],[127.42318122994956,-1.6554975913268875],[127.42314726035475,-1.6554859746370267]]]},"properties":{"feature_id":"bangunan-soligi-818","Pemilik":"","BLOK":"Dusun 3","No Rumah":null}},{"type":"Feature","geometry":{"bbox":[127.42234021292433,-1.6565666690791474,127.42245230565769,-1.6564547514903118],"type":"Polygon","coordinates":[[[127.42234021292433,-1.6565140891224994],[127.42238843889054,-1.6564547514903118],[127.42245230565769,-1.656507329569481],[127.42240399826821,-1.6565666690791474],[127.42234021292433,-1.6565140891224994]]]},"properties":{"feature_id":"bangunan-soligi-819","Pemilik":"","BLOK":"Dusun 3","No Rumah":null}},{"type":"Feature","geometry":{"bbox":[127.42473444582191,-1.6543478683530581,127.42480433851496,-1.6542772483390429],"type":"Polygon","coordinates":[[[127.42473444582191,-1.6543095240077006],[127.424769066336,-1.6542772483390429],[127.42480433851496,-1.654315590833871],[127.42476963655959,-1.6543478683530581],[127.42473444582191,-1.6543095240077006]]]},"properties":{"feature_id":"bangunan-soligi-820","Pemilik":"","BLOK":"Dusun 3","No Rumah":null}},{"type":"Feature","geometry":{"bbox":[127.42434922018269,-1.6549054860133408,127.42444591372593,-1.6548270666912814],"type":"Polygon","coordinates":[[[127.42434922018269,-1.654854560286322],[127.42442839974,-1.6548270666912814],[127.42444591372593,-1.6548779905408213],[127.4243666527274,-1.6549054860133408],[127.42434922018269,-1.654854560286322]]]},"properties":{"feature_id":"bangunan-soligi-821","Pemilik":"","BLOK":"Dusun 3","No Rumah":null}},{"type":"Feature","geometry":{"bbox":[127.41809359247507,-1.6602296131700185,127.41812169881999,-1.66020157498032],"type":"Polygon","coordinates":[[[127.41809359247507,-1.6602057369379135],[127.41811770690448,-1.66020157498032],[127.41812169881999,-1.6602254530090557],[127.41809766585878,-1.6602296131700185],[127.41809359247507,-1.6602057369379135]]]},"properties":{"feature_id":"bangunan-soligi-822","Pemilik":"","BLOK":"Dusun 3","No Rumah":null}},{"type":"Feature","geometry":{"bbox":[127.42260390753692,-1.6550081935887935,127.42274508191608,-1.654869332640995],"type":"Polygon","coordinates":[[[127.42260390753692,-1.6549636297036674],[127.42270337318236,-1.654869332640995],[127.42274508191608,-1.6549138369408682],[127.42264561632454,-1.6550081935887935],[127.42260390753692,-1.6549636297036674]]]},"properties":{"feature_id":"bangunan-soligi-823","Pemilik":"","BLOK":"Dusun 3","No Rumah":null}},{"type":"Feature","geometry":{"bbox":[127.42124306334046,-1.6565285416679478,127.42135841637442,-1.6564116948255188],"type":"Polygon","coordinates":[[[127.42124306334046,-1.656479717944795],[127.42130758285943,-1.6564116948255188],[127.42135841637442,-1.6564605184588403],[127.42129389690032,-1.6565285416679478],[127.42124306334046,-1.656479717944795]]]},"properties":{"feature_id":"bangunan-soligi-824","Pemilik":"","BLOK":"Dusun 3","No Rumah":null}},{"type":"Feature","geometry":{"bbox":[127.42158561892286,-1.658138379125189,127.42161519023131,-1.6581011458610904],"type":"Polygon","coordinates":[[[127.42158561892286,-1.6581334691045257],[127.42159254333468,-1.6581011458610904],[127.42161519023131,-1.6581060558817535],[127.42160826581947,-1.658138379125189],[127.42158561892286,-1.6581334691045257]]]},"properties":{"feature_id":"bangunan-soligi-825","Pemilik":"","BLOK":"Dusun 3","No Rumah":null}},{"type":"Feature","geometry":{"bbox":[127.42084445853473,-1.6567938611981534,127.4209751275119,-1.656661060545773],"type":"Polygon","coordinates":[[[127.42084445853473,-1.6567435629084282],[127.42089684020625,-1.656661060545773],[127.4209751275119,-1.6567113587636333],[127.42092274590327,-1.6567938611981534],[127.42084445853473,-1.6567435629084282]]]},"properties":{"feature_id":"bangunan-soligi-826","Pemilik":"","BLOK":"Dusun 3","No Rumah":null}},{"type":"Feature","geometry":{"bbox":[127.42249458477671,-1.6563413348917446,127.42257140399263,-1.6562617395222647],"type":"Polygon","coordinates":[[[127.42249458477671,-1.6563129702363057],[127.42253922627627,-1.6562617395222647],[127.42257140399263,-1.6562901041507543],[127.42252676250206,-1.6563413348917446],[127.42249458477671,-1.6563129702363057]]]},"properties":{"feature_id":"bangunan-soligi-827","Pemilik":"","BLOK":"Dusun 3","No Rumah":null}},{"type":"Feature","geometry":{"bbox":[127.42222575758582,-1.657101635548861,127.42231805503461,-1.6570254921265404],"type":"Polygon","coordinates":[[[127.42222575758582,-1.6570489163713102],[127.42224172432255,-1.6570254921265404],[127.42231805503461,-1.65707815180867],[127.42230208831587,-1.657101635548861],[127.42222575758582,-1.6570489163713102]]]},"properties":{"feature_id":"bangunan-soligi-828","Pemilik":"","BLOK":"Dusun 3","No Rumah":null}},{"type":"Feature","geometry":{"bbox":[127.42462105333412,-1.6548450659561516,127.42465567390211,-1.654804906519847],"type":"Polygon","coordinates":[[[127.42462105333412,-1.6548125252036368],[127.42464565430903,-1.654804906519847],[127.42465567390211,-1.654837445457765],[127.42463099147696,-1.6548450659561516],[127.42462105333412,-1.6548125252036368]]]},"properties":{"feature_id":"bangunan-soligi-829","Pemilik":"","BLOK":"Dusun 3","No Rumah":null}},{"type":"Feature","geometry":{"bbox":[127.42279013057704,-1.6552067827472818,127.42284967948402,-1.6551415759003203],"type":"Polygon","coordinates":[[[127.42279013057704,-1.6551415759003203],[127.42282882514857,-1.6551621853729621],[127.42284967948402,-1.6551872915783545],[127.42283941524371,-1.6552067827472818],[127.42281294001484,-1.655192681523958],[127.42279013057704,-1.6551415759003203]]]},"properties":{"feature_id":"bangunan-soligi-830","Pemilik":"","BLOK":"Dusun 3","No Rumah":null}},{"type":"Feature","geometry":{"bbox":[127.42374600262822,-1.6547400466561468,127.4238358542699,-1.6546390820189578],"type":"Polygon","coordinates":[[[127.42374600262822,-1.6546572897738223],[127.42381394123399,-1.6546390820189578],[127.4238358542699,-1.654721777519399],[127.42376783423185,-1.6547400466561468],[127.42374600262822,-1.6546572897738223]]]},"properties":{"feature_id":"bangunan-soligi-831","Pemilik":"","BLOK":"Dusun 3","No Rumah":null}},{"type":"Feature","geometry":{"bbox":[127.42254297355355,-1.6554739454767202,127.42265408841685,-1.6553503903391429],"type":"Polygon","coordinates":[[[127.42254297355355,-1.6554150150957665],[127.42259918271296,-1.6553503903391429],[127.4226382032382,-1.655384727596462],[127.42262614679605,-1.655398609990183],[127.42265408841685,-1.6554231435555138],[127.4226099357625,-1.6554739454767202],[127.42254297355355,-1.6554150150957665]]]},"properties":{"feature_id":"bangunan-soligi-832","Pemilik":"","BLOK":"Dusun 3","No Rumah":null}},{"type":"Feature","geometry":{"bbox":[127.4211558967362,-1.6573076037835037,127.42121552848579,-1.657224406313465],"type":"Polygon","coordinates":[[[127.4211558967362,-1.657296277033884],[127.42117650717003,-1.657224406313465],[127.42121552848579,-1.6572356736035958],[127.42119491806093,-1.6573076037835037],[127.4211558967362,-1.657296277033884]]]},"properties":{"feature_id":"bangunan-soligi-833","Pemilik":"","BLOK":"Dusun 3","No Rumah":null}},{"type":"Feature","geometry":{"bbox":[127.42291061319789,-1.6548228599706374,127.42305602298985,-1.6546503288724161],"type":"Polygon","coordinates":[[[127.42291061319789,-1.654688345341678],[127.42296820691263,-1.6546503288724161],[127.42305602298985,-1.6547847838352743],[127.42299842934695,-1.6548228599706374],[127.42297187271274,-1.65478218322151],[127.4229508554858,-1.654796084776296],[127.42292381006924,-1.654754645878515],[127.42294482729616,-1.6547407443506785],[127.42291061319789,-1.654688345341678]]]},"properties":{"feature_id":"bangunan-soligi-834","Pemilik":"","BLOK":"Dusun 3","No Rumah":null}},{"type":"Feature","geometry":{"bbox":[127.42692796818947,-1.6524653996361547,127.42700225741717,-1.6523747944426872],"type":"Polygon","coordinates":[[[127.42692796818947,-1.652424381051112],[127.4269479252786,-1.6524110401259116],[127.42693603248256,-1.6523929918220102],[127.42696323929044,-1.6523747944426872],[127.42700225741717,-1.65243380001263],[127.42695501207889,-1.6524653996361547],[127.42692796818947,-1.652424381051112]]]},"properties":{"feature_id":"bangunan-soligi-835","Pemilik":"","BLOK":"Dusun 3","No Rumah":null}},{"type":"Feature","geometry":{"bbox":[127.423227337338,-1.6535238825860885,127.42334260566979,-1.65342302143482],"type":"Polygon","coordinates":[[[127.423227337338,-1.6534597116313965],[127.42331653793467,-1.65342302143482],[127.42334260566979,-1.6534871922547645],[127.42325340510006,-1.6535238825860885],[127.423227337338,-1.6534597116313965]]]},"properties":{"feature_id":"bangunan-soligi-836","Pemilik":"","BLOK":"Dusun 3","No Rumah":null}},{"type":"Feature","geometry":{"bbox":[127.421913753841,-1.6561624549233034,127.42194128843515,-1.6561345304603199],"type":"Polygon","coordinates":[[[127.421913753841,-1.6561380941579003],[127.4219377855086,-1.6561345304603199],[127.42194128843515,-1.6561588912257228],[127.42191725676754,-1.6561624549233034],[127.421913753841,-1.6561380941579003]]]},"properties":{"feature_id":"bangunan-soligi-837","Pemilik":"","BLOK":"Dusun 3","No Rumah":null}},{"type":"Feature","geometry":{"bbox":[127.4227038619557,-1.6561346960108436,127.42276601773769,-1.6560696884641108],"type":"Polygon","coordinates":[[[127.4227038619557,-1.6560919097928501],[127.4227300113836,-1.6560696884641108],[127.42276601773769,-1.6561124764517854],[127.42273994978696,-1.6561346960108436],[127.4227038619557,-1.6560919097928501]]]},"properties":{"feature_id":"bangunan-soligi-838","Pemilik":"","BLOK":"Dusun 3","No Rumah":null}},{"type":"Feature","geometry":{"bbox":[127.4234581181996,-1.6540487094298302,127.42356727655915,-1.6539239100177865],"type":"Polygon","coordinates":[[[127.4234581181996,-1.653953089013997],[127.42352752338594,-1.6539239100177865],[127.42356727655915,-1.6540195284842756],[127.42349778994954,-1.6540487094298302],[127.4234581181996,-1.653953089013997]]]},"properties":{"feature_id":"bangunan-soligi-839","Pemilik":"","BLOK":"Dusun 3","No Rumah":null}},{"type":"Feature","geometry":{"bbox":[127.42343253927375,-1.653953089013997,127.42355970064415,-1.6538488507272664],"type":"Polygon","coordinates":[[[127.42343253927375,-1.6538915822827749],[127.42353412176323,-1.6538488507272664],[127.42355970064415,-1.6539103573147582],[127.4234581181996,-1.653953089013997],[127.42343253927375,-1.6538915822827749]]]},"properties":{"feature_id":"bangunan-soligi-840","Pemilik":"","BLOK":"Dusun 3","No Rumah":null}},{"type":"Feature","geometry":{"bbox":[127.42229247570454,-1.6571858315861696,127.42233638416982,-1.6571442011316375],"type":"Polygon","coordinates":[[[127.42229247570454,-1.6571744509555992],[127.42230249562999,-1.6571442011316375],[127.42233638416982,-1.6571555817532249],[127.42232636424437,-1.6571858315861696],[127.42229247570454,-1.6571744509555992]]]},"properties":{"feature_id":"bangunan-soligi-841","Pemilik":"","BLOK":"Dusun 3","No Rumah":null}},{"type":"Feature","geometry":{"bbox":[127.42131572925854,-1.6574192567376398,127.42146863699176,-1.6572004573537544],"type":"Polygon","coordinates":[[[127.42131572925854,-1.6573827683206424],[127.42139360878295,-1.6572004573537544],[127.4214094942401,-1.6572073604216226],[127.42140020735786,-1.6572290912791998],[127.42146863699176,-1.6572586766013797],[127.42140004443044,-1.6574192567376398],[127.42131572925854,-1.6573827683206424]]]},"properties":{"feature_id":"bangunan-soligi-842","Pemilik":"","BLOK":"Dusun 3","No Rumah":null}},{"type":"Feature","geometry":{"bbox":[127.42397230146251,-1.6528398927882784,127.42406288595879,-1.6527492734553284],"type":"Polygon","coordinates":[[[127.42397230146251,-1.652781551396724],[127.42403136060798,-1.6527492734553284],[127.42406288595879,-1.6528076147570512],[127.42400382683128,-1.6528398927882784],[127.42397230146251,-1.652781551396724]]]},"properties":{"feature_id":"bangunan-soligi-843","Pemilik":"","BLOK":"Dusun 3","No Rumah":null}},{"type":"Feature","geometry":{"bbox":[127.426973910216,-1.6527683907364519,127.42712493222375,-1.6526088159497418],"type":"Polygon","coordinates":[[[127.426973910216,-1.6526612879648253],[127.42706180278476,-1.6526088159497418],[127.42712493222375,-1.6527159202754536],[127.42703712119504,-1.6527683907364519],[127.426973910216,-1.6526612879648253]]]},"properties":{"feature_id":"bangunan-soligi-844","Pemilik":"","BLOK":"Dusun 3","No Rumah":null}},{"type":"Feature","geometry":{"bbox":[127.42470911174088,-1.65487681386458,127.42482535518494,-1.654731375667867],"type":"Polygon","coordinates":[[[127.42470911174088,-1.6547608154629705],[127.42476605231754,-1.654731375667867],[127.42482535518494,-1.654847372111149],[127.42476833319395,-1.65487681386458],[127.42470911174088,-1.6547608154629705]]]},"properties":{"feature_id":"bangunan-soligi-845","Pemilik":"","BLOK":"Dusun 3","No Rumah":null}},{"type":"Feature","geometry":{"bbox":[127.42214763458206,-1.6567944250347246,127.42230102930095,-1.6566366711690284],"type":"Polygon","coordinates":[[[127.42214763458206,-1.6567316930643372],[127.42222306930549,-1.6566366711690284],[127.42230102930095,-1.6566994029956854],[127.42222559465839,-1.6567944250347246],[127.42214763458206,-1.6567316930643372]]]},"properties":{"feature_id":"bangunan-soligi-846","Pemilik":"","BLOK":"Dusun 3","No Rumah":null}},{"type":"Feature","geometry":{"bbox":[127.42408593936104,-1.652780180666415,127.42418230742672,-1.652696293559733],"type":"Polygon","coordinates":[[[127.42408593936104,-1.6527398648783351],[127.42415835798191,-1.652696293559733],[127.42418230742672,-1.6527366092759475],[127.4241098888328,-1.652780180666415],[127.42408593936104,-1.6527398648783351]]]},"properties":{"feature_id":"bangunan-soligi-847","Pemilik":"","BLOK":"Dusun 3","No Rumah":null}},{"type":"Feature","geometry":{"bbox":[127.42542856354062,-1.65377275404429,127.42554749395352,-1.6536744063432542],"type":"Polygon","coordinates":[[[127.42542856354062,-1.6537240911375395],[127.42552199724149,-1.6536744063432542],[127.42554749395352,-1.6537230709388375],[127.42545414173885,-1.65377275404429],[127.42542856354062,-1.6537240911375395]]]},"properties":{"feature_id":"bangunan-soligi-848","Pemilik":"","BLOK":"Dusun 3","No Rumah":null}},{"type":"Feature","geometry":{"bbox":[127.4222167966573,-1.6558717870737703,127.42226616318746,-1.655823854991419],"type":"Polygon","coordinates":[[[127.4222167966573,-1.6558595449588425],[127.42222820147053,-1.655823854991419],[127.42226616318746,-1.6558361565568522],[127.42225475838323,-1.6558717870737703],[127.4222167966573,-1.6558595449588425]]]},"properties":{"feature_id":"bangunan-soligi-849","Pemilik":"","BLOK":"Dusun 3","No Rumah":null}},{"type":"Feature","geometry":{"bbox":[127.42299769618694,-1.6557548637308117,127.42307614409339,-1.6556703372212764],"type":"Polygon","coordinates":[[[127.42299769618694,-1.6556935197833023],[127.42304852848919,-1.6556703372212764],[127.42307614409339,-1.655731742362023],[127.42302539327736,-1.6557548637308117],[127.42299769618694,-1.6556935197833023]]]},"properties":{"feature_id":"bangunan-soligi-850","Pemilik":"","BLOK":"Dusun 3","No Rumah":null}},{"type":"Feature","geometry":{"bbox":[127.42350186302781,-1.6547204564838918,127.42360759993801,-1.6546268304537533],"type":"Polygon","coordinates":[[[127.42350186302781,-1.6546561417268892],[127.42358527952507,-1.6546268304537533],[127.42360759993801,-1.6546912045534634],[127.42352418346765,-1.6547204564838918],[127.42350186302781,-1.6546561417268892]]]},"properties":{"feature_id":"bangunan-soligi-851","Pemilik":"","BLOK":"Dusun 3","No Rumah":null}},{"type":"Feature","geometry":{"bbox":[127.42184002951885,-1.6557716913050904,127.42187399974252,-1.655738484326028],"type":"Polygon","coordinates":[[[127.42184002951885,-1.6557459198882474],[127.42186707535764,-1.655738484326028],[127.42187399974252,-1.655764255724905],[127.42184695391273,-1.6557716913050904],[127.42184002951885,-1.6557459198882474]]]},"properties":{"feature_id":"bangunan-soligi-852","Pemilik":"","BLOK":"Dusun 3","No Rumah":null}},{"type":"Feature","geometry":{"bbox":[127.42562830135692,-1.6540503383988339,127.42567481444247,-1.6540044714714557],"type":"Polygon","coordinates":[[[127.42562830135692,-1.654016950067882],[127.42566300289008,-1.6540044714714557],[127.42567481444247,-1.6540378615720888],[127.42564019436855,-1.6540503383988339],[127.42562830135692,-1.654016950067882]]]},"properties":{"feature_id":"bangunan-soligi-853","Pemilik":"","BLOK":"Dusun 3","No Rumah":null}},{"type":"Feature","geometry":{"bbox":[127.42150399227386,-1.657108870966435,127.42158350086608,-1.6570256707565345],"type":"Polygon","coordinates":[[[127.42150399227386,-1.657079507366434],[127.42154806416069,-1.6570256707565345],[127.42158350086608,-1.6570550343295865],[127.4215394290062,-1.657108870966435],[127.42150399227386,-1.657079507366434]]]},"properties":{"feature_id":"bangunan-soligi-854","Pemilik":"","BLOK":"Dusun 3","No Rumah":null}},{"type":"Feature","geometry":{"bbox":[127.4215333192226,-1.6567530544628046,127.4216208112236,-1.6566632619302588],"type":"Polygon","coordinates":[[[127.4215333192226,-1.656724287299236],[127.42156370519524,-1.6566632619302588],[127.4216208112236,-1.6566920867387191],[127.42159034381869,-1.6567530544628046],[127.4215333192226,-1.656724287299236]]]},"properties":{"feature_id":"bangunan-soligi-855","Pemilik":"","BLOK":"Dusun 3","No Rumah":null}},{"type":"Feature","geometry":{"bbox":[127.42331653793467,-1.6535081117090613,127.4234393820467,-1.6533831914376793],"type":"Polygon","coordinates":[[[127.42331653793467,-1.65342302143482],[127.42341331434753,-1.6533831914376793],[127.4234393820467,-1.6534473621228765],[127.42337950778791,-1.653472049228256],[127.42338797979936,-1.6534929092050978],[127.42335107768123,-1.6535081117090613],[127.42331653793467,-1.65342302143482]]]},"properties":{"feature_id":"bangunan-soligi-856","Pemilik":"","BLOK":"Dusun 3","No Rumah":null}},{"type":"Feature","geometry":{"bbox":[127.42374184810866,-1.6550807016189908,127.4239194332904,-1.6548724147248022],"type":"Polygon","coordinates":[[[127.42374184810866,-1.6549103695247198],[127.42381548899527,-1.6548724147248022],[127.42387080107007,-1.6549811284991265],[127.42388807080413,-1.6549722446640232],[127.4239194332904,-1.65503386264261],[127.42382852276852,-1.6550807016189908],[127.42374184810866,-1.6549103695247198]]]},"properties":{"feature_id":"bangunan-soligi-857","Pemilik":"","BLOK":"Dusun 3","No Rumah":null}},{"type":"Feature","geometry":{"bbox":[127.42678321800345,-1.6532033351981537,127.42698751361995,-1.6529717517097968],"type":"Polygon","coordinates":[[[127.42678321800345,-1.6530337942591364],[127.42687909364862,-1.6529717517097968],[127.42698751361995,-1.6531412922176227],[127.4268916381185,-1.6532033351981537],[127.42678321800345,-1.6530337942591364]]]},"properties":{"feature_id":"bangunan-soligi-858","Pemilik":"","BLOK":"Dusun 3","No Rumah":null}},{"type":"Feature","geometry":{"bbox":[127.42108657069144,-1.6567048231606152,127.42126171860905,-1.6565408181883512],"type":"Polygon","coordinates":[[[127.42108657069144,-1.6566095338188798],[127.4211393595064,-1.6565408181883512],[127.42126171860905,-1.6566361055807421],[127.4212088484247,-1.6567048231606152],[127.42108657069144,-1.6566095338188798]]]},"properties":{"feature_id":"bangunan-soligi-859","Pemilik":"","BLOK":"Dusun 3","No Rumah":null}},{"type":"Feature","geometry":{"bbox":[127.42161388681176,-1.6566497901654376,127.42177518463905,-1.6564684825179072],"type":"Polygon","coordinates":[[[127.42161388681176,-1.6566063775432134],[127.4217189748329,-1.6564684825179072],[127.42177518463905,-1.6565118950143674],[127.42167009669879,-1.6566497901654376],[127.42161388681176,-1.6566063775432134]]]},"properties":{"feature_id":"bangunan-soligi-860","Pemilik":"","BLOK":"Dusun 3","No Rumah":null}},{"type":"Feature","geometry":{"bbox":[127.42719751064594,-1.653403986214798,127.4273818480953,-1.6532346918902758],"type":"Polygon","coordinates":[[[127.42719751064594,-1.6533062725267234],[127.42732955268004,-1.6532346918902758],[127.4273818480953,-1.6533323458044513],[127.42724980616003,-1.653403986214798],[127.42719751064594,-1.6533062725267234]]]},"properties":{"feature_id":"bangunan-soligi-861","Pemilik":"","BLOK":"Dusun 3","No Rumah":null}},{"type":"Feature","geometry":{"bbox":[127.42493866588113,-1.6542845513458586,127.4250770659752,-1.654123782743052],"type":"Polygon","coordinates":[[[127.42493866588113,-1.6541633929583752],[127.4250146678547,-1.654123782743052],[127.4250770659752,-1.6542448814464679],[127.42500106407346,-1.6542845513458586],[127.42493866588113,-1.6541633929583752]]]},"properties":{"feature_id":"bangunan-soligi-862","Pemilik":"","BLOK":"Dusun 3","No Rumah":null}},{"type":"Feature","geometry":{"bbox":[127.42118815654062,-1.6580003204987033,127.42122000901293,-1.6579556199798224],"type":"Polygon","coordinates":[[[127.42118815654062,-1.6579971132975433],[127.42119296292265,-1.6579556199798224],[127.42122000901293,-1.6579587677214938],[127.4212152026309,-1.6580003204987033],[127.42118815654062,-1.6579971132975433]]]},"properties":{"feature_id":"bangunan-soligi-863","Pemilik":"","BLOK":"Dusun 3","No Rumah":null}},{"type":"Feature","geometry":{"bbox":[127.42134701141745,-1.6580733439911939,127.42140933131265,-1.65802622925897],"type":"Polygon","coordinates":[[[127.42134701141745,-1.6580685820847547],[127.42135035144351,-1.65802622925897],[127.42140933131265,-1.6580310488462335],[127.42140590982736,-1.6580733439911939],[127.42134701141745,-1.6580685820847547]]]},"properties":{"feature_id":"bangunan-soligi-864","Pemilik":"","BLOK":"Dusun 3","No Rumah":null}},{"type":"Feature","geometry":{"bbox":[127.42237450875133,-1.6557255759576035,127.42259641298236,-1.6555238024421126],"type":"Polygon","coordinates":[[[127.42237450875133,-1.6556039519373755],[127.42243365070351,-1.6555238024421126],[127.42259641298236,-1.6556454262467448],[127.42253727117391,-1.6557255759576035],[127.42237450875133,-1.6556039519373755]]]},"properties":{"feature_id":"bangunan-soligi-865","Pemilik":"","BLOK":"Dusun 3","No Rumah":null}},{"type":"Feature","geometry":{"bbox":[127.42350463271349,-1.6554659343369489,127.4236004313371,-1.6553807827526896],"type":"Polygon","coordinates":[[[127.42350463271349,-1.655410652409623],[127.42357827384264,-1.6553807827526896],[127.4236004313371,-1.6554360645812007],[127.42352679022592,-1.6554659343369489],[127.42350463271349,-1.655410652409623]]]},"properties":{"feature_id":"bangunan-soligi-866","Pemilik":"","BLOK":"Dusun 3","No Rumah":null}},{"type":"Feature","geometry":{"bbox":[127.4205928141659,-1.6570702112405475,127.42069057188041,-1.656950044206862],"type":"Polygon","coordinates":[[[127.4205928141659,-1.6570449538127605],[127.42064690678667,-1.656950044206862],[127.42069057188041,-1.6569753016076996],[127.42063647929558,-1.6570702112405475],[127.4205928141659,-1.6570449538127605]]]},"properties":{"feature_id":"bangunan-soligi-867","Pemilik":"","BLOK":"Dusun 3","No Rumah":null}},{"type":"Feature","geometry":{"bbox":[127.4230295478418,-1.6541843652695434,127.42311858576255,-1.6541050760189628],"type":"Polygon","coordinates":[[[127.4230295478418,-1.6541363401217286],[127.42309642812438,-1.6541050760189628],[127.42311858576255,-1.6541531028915428],[127.42305178696616,-1.6541843652695434],[127.4230295478418,-1.6541363401217286]]]},"properties":{"feature_id":"bangunan-soligi-868","Pemilik":"","BLOK":"Dusun 3","No Rumah":null}},{"type":"Feature","geometry":{"bbox":[127.42467139571318,-1.6547910614690924,127.42470235055293,-1.6547516461971687],"type":"Polygon","coordinates":[[[127.42467139571318,-1.654757546098393],[127.42469355286627,-1.6547516461971687],[127.42470235055293,-1.6547851633555155],[127.42468027486804,-1.6547910614690924],[127.42467139571318,-1.654757546098393]]]},"properties":{"feature_id":"bangunan-soligi-869","Pemilik":"","BLOK":"Dusun 3","No Rumah":null}},{"type":"Feature","geometry":{"bbox":[127.42093162552527,-1.6566655533259362,127.42101830362567,-1.6565831245263198],"type":"Polygon","coordinates":[[[127.42093162552527,-1.6566271711076066],[127.42096054539347,-1.6565831245263198],[127.42101830362567,-1.6566215085143308],[127.42098946524365,-1.6566655533259362],[127.42093162552527,-1.6566271711076066]]]},"properties":{"feature_id":"bangunan-soligi-870","Pemilik":"","BLOK":"Dusun 3","No Rumah":null}},{"type":"Feature","geometry":{"bbox":[127.42355245058405,-1.6545477355177518,127.42365093736225,-1.6544206423744112],"type":"Polygon","coordinates":[[[127.42355245058405,-1.6544423489774758],[127.42361460561143,-1.6544206423744112],[127.42365093736225,-1.6545260287799401],[127.4235887823618,-1.6545477355177518],[127.42355245058405,-1.6544423489774758]]]},"properties":{"feature_id":"bangunan-soligi-871","Pemilik":"","BLOK":"Dusun 3","No Rumah":null}},{"type":"Feature","geometry":{"bbox":[127.42484783813005,-1.6543620357103535,127.42492937946601,-1.654261321774994],"type":"Polygon","coordinates":[[[127.42484783813005,-1.6542800274480542],[127.42487643055333,-1.654261321774994],[127.42492937946601,-1.6543433299744112],[127.42490078705171,-1.6543620357103535],[127.42484783813005,-1.6542800274480542]]]},"properties":{"feature_id":"bangunan-soligi-872","Pemilik":"","BLOK":"Dusun 3","No Rumah":null}},{"type":"Feature","geometry":{"bbox":[127.42054580895628,-1.6569794418799622,127.42059533957271,-1.656930030218439],"type":"Polygon","coordinates":[[[127.42054580895628,-1.65694740399536],[127.42057855782149,-1.656930030218439],[127.42059533957271,-1.6569620662704778],[127.42056250924826,-1.6569794418799622],[127.42054580895628,-1.65694740399536]]]},"properties":{"feature_id":"bangunan-soligi-873","Pemilik":"","BLOK":"Dusun 3","No Rumah":null}},{"type":"Feature","geometry":{"bbox":[127.42129023101938,-1.6581323547174662,127.42134953679731,-1.6580563762348148],"type":"Polygon","coordinates":[[[127.42129023101938,-1.6581256754738343],[127.42129935499213,-1.6580563762348148],[127.42134953679731,-1.6580631149738685],[127.42134041284253,-1.6581323547174662],[127.42129023101938,-1.6581256754738343]]]},"properties":{"feature_id":"bangunan-soligi-874","Pemilik":"","BLOK":"Dusun 3","No Rumah":null}},{"type":"Feature","geometry":{"bbox":[127.42224579746369,-1.6572841004780057,127.42235911229213,-1.657174663577844],"type":"Polygon","coordinates":[[[127.42224579746369,-1.6572449349377312],[127.42228017480384,-1.657174663577844],[127.42235911229213,-1.6572138272855552],[127.42232465351971,-1.6572841004780057],[127.42224579746369,-1.6572449349377312]]]},"properties":{"feature_id":"bangunan-soligi-875","Pemilik":"","BLOK":"Dusun 3","No Rumah":null}},{"type":"Feature","geometry":{"bbox":[127.42649200613418,-1.6531795950338646,127.42665076766707,-1.6529755544490745],"type":"Polygon","coordinates":[[[127.42649200613418,-1.6530403394022628],[127.42654096240376,-1.6530044799407118],[127.42652963974145,-1.6529889157031497],[127.42654780487126,-1.6529755544490745],[127.42665076766707,-1.6531179278545496],[127.42656654019771,-1.6531795950338646],[127.42653143181757,-1.6531310248961333],[127.42654853798638,-1.6531185192424507],[127.42649200613418,-1.6530403394022628]]]},"properties":{"feature_id":"bangunan-soligi-876","Pemilik":"","BLOK":"Dusun 3","No Rumah":null}},{"type":"Feature","geometry":{"bbox":[127.42219414995833,-1.656444288713383,127.42230371757233,-1.65633348683213],"type":"Polygon","coordinates":[[[127.42219414995833,-1.6563940566384772],[127.42225239595777,-1.65633348683213],[127.42230371757233,-1.6563834287242496],[127.42224579746369,-1.656444288713383],[127.42219414995833,-1.6563940566384772]]]},"properties":{"feature_id":"bangunan-soligi-877","Pemilik":"","BLOK":"Dusun 3","No Rumah":null}},{"type":"Feature","geometry":{"bbox":[127.42538563449949,-1.6539518196406016,127.42546407976492,-1.6538831538755543],"type":"Polygon","coordinates":[[[127.42538563449949,-1.6539080968840087],[127.42544632165277,-1.6538831538755543],[127.42546407976492,-1.6539269360197706],[127.4254033926206,-1.6539518196406016],[127.42538563449949,-1.6539080968840087]]]},"properties":{"feature_id":"bangunan-soligi-878","Pemilik":"","BLOK":"Dusun 3","No Rumah":null}},{"type":"Feature","geometry":{"bbox":[127.42644500484121,-1.6528111938517558,127.42652768474687,-1.6527273619555307],"type":"Polygon","coordinates":[[[127.42644500484121,-1.6527629657745184],[127.42648239408877,-1.6527273619555307],[127.42652768474687,-1.6527755881822386],[127.42649021405808,-1.6528111938517558],[127.42644500484121,-1.6527629657745184]]]},"properties":{"feature_id":"bangunan-soligi-879","Pemilik":"","BLOK":"Dusun 3","No Rumah":null}},{"type":"Feature","geometry":{"bbox":[127.42252016403492,-1.6562185827043008,127.42261148355075,-1.656126767552011],"type":"Polygon","coordinates":[[[127.42252016403492,-1.6561740411962085],[127.42256333919649,-1.656126767552011],[127.42261148355075,-1.6561712495287495],[127.42256830841612,-1.6562185827043008],[127.42252016403492,-1.6561740411962085]]]},"properties":{"feature_id":"bangunan-soligi-880","Pemilik":"","BLOK":"Dusun 3","No Rumah":null}},{"type":"Feature","geometry":{"bbox":[127.422751598906,-1.654638523078205,127.42289684609395,-1.6544546903023436],"type":"Polygon","coordinates":[[[127.422751598906,-1.6545171724782002],[127.42285090141738,-1.6544546903023436],[127.42287550300313,-1.6544943992514998],[127.42284609514313,-1.654512945186136],[127.42289684609395,-1.6545945883910702],[127.42282703298265,-1.654638523078205],[127.422751598906,-1.6545171724782002]]]},"properties":{"feature_id":"bangunan-soligi-881","Pemilik":"","BLOK":"Dusun 3","No Rumah":null}},{"type":"Feature","geometry":{"bbox":[127.42757921815911,-1.652880706970661,127.42768527480666,-1.6527745724571468],"type":"Polygon","coordinates":[[[127.42757921815911,-1.6528291970781963],[127.42763802992651,-1.6527745724571468],[127.42768527480666,-1.6528260840564106],[127.4276265445344,-1.652880706970661],[127.42757921815911,-1.6528291970781963]]]},"properties":{"feature_id":"bangunan-soligi-882","Pemilik":"","BLOK":"Dusun 3","No Rumah":null}},{"type":"Feature","geometry":{"bbox":[127.42265188893677,-1.6564579182672838,127.42277351226531,-1.6563391964252614],"type":"Polygon","coordinates":[[[127.42265188893677,-1.6563932124826215],[127.42272838213613,-1.6563391964252614],[127.42277351226531,-1.6564040209851705],[127.42269701911985,-1.6564579182672838],[127.42265188893677,-1.6563932124826215]]]},"properties":{"feature_id":"bangunan-soligi-883","Pemilik":"","BLOK":"Dusun 3","No Rumah":null}},{"type":"Feature","geometry":{"bbox":[127.42187823583807,-1.6576314073846805,127.42198511565682,-1.657492646608019],"type":"Polygon","coordinates":[[[127.42187823583807,-1.6576050836746172],[127.42192629919124,-1.657492646608019],[127.42198511565682,-1.6575181630560352],[127.4219381928317,-1.6576314073846805],[127.42187823583807,-1.6576050836746172]]]},"properties":{"feature_id":"bangunan-soligi-884","Pemilik":"","BLOK":"Dusun 3","No Rumah":null}},{"type":"Feature","geometry":{"bbox":[127.42510305160431,-1.653907880255278,127.42525383322288,-1.6536754849324495],"type":"Polygon","coordinates":[[[127.42510305160431,-1.6537027391085006],[127.42516610133576,-1.6536754849324495],[127.42525383322288,-1.653880625791766],[127.42519078357226,-1.653907880255278],[127.42510305160431,-1.6537027391085006]]]},"properties":{"feature_id":"bangunan-soligi-885","Pemilik":"","BLOK":"Dusun 3","No Rumah":null}},{"type":"Feature","geometry":{"bbox":[127.42325348655929,-1.6536011677401856,127.42336834755002,-1.6535090411599531],"type":"Polygon","coordinates":[[[127.42325348655929,-1.653546473634449],[127.42334667874806,-1.6535090411599531],[127.42336834755002,-1.653563796405028],[127.42327523684745,-1.6536011677401856],[127.42325348655929,-1.653546473634449]]]},"properties":{"feature_id":"bangunan-soligi-886","Pemilik":"","BLOK":"Dusun 3","No Rumah":null}},{"type":"Feature","geometry":{"bbox":[127.42129894766902,-1.6527639838801456,127.42143401486071,-1.6526081973159383],"type":"Polygon","coordinates":[[[127.42129894766902,-1.6526277389252693],[127.42134660409434,-1.6526081973159383],[127.42136607398218,-1.6526563423978264],[127.42139841515599,-1.6526430840637334],[127.42143401486071,-1.652731183730109],[127.42135401731547,-1.6527639838801456],[127.42129894766902,-1.6526277389252693]]]},"properties":{"feature_id":"bangunan-soligi-887","Pemilik":"","BLOK":"Dusun 3","No Rumah":null}},{"type":"Feature","geometry":{"bbox":[127.42174805730512,-1.6558559912145954,127.42178439000813,-1.655815288450257],"type":"Polygon","coordinates":[[[127.42174805730512,-1.655824001578507],[127.42177371830105,-1.655815288450257],[127.42178439000813,-1.6558472798739927],[127.42175881048044,-1.6558559912145954],[127.42174805730512,-1.655824001578507]]]},"properties":{"feature_id":"bangunan-soligi-888","Pemilik":"","BLOK":"Dusun 3","No Rumah":null}},{"type":"Feature","geometry":{"bbox":[127.42272080613131,-1.6538921093153691,127.4227909451963,-1.6538170618287118],"type":"Polygon","coordinates":[[[127.42272080613131,-1.6538417740599696],[127.42275754565436,-1.6538170618287118],[127.4227909451963,-1.6538673970391953],[127.42275420570017,-1.6538921093153691],[127.42272080613131,-1.6538417740599696]]]},"properties":{"feature_id":"bangunan-soligi-889","Pemilik":"","BLOK":"Dusun 3","No Rumah":null}},{"type":"Feature","geometry":{"bbox":[127.42271925835203,-1.654975822195659,127.42276927622363,-1.6549221666412055],"type":"Polygon","coordinates":[[[127.42271925835203,-1.654936228320691],[127.42275290229861,-1.6549221666412055],[127.42276927622363,-1.6549617604802411],[127.42273563228609,-1.654975822195659],[127.42271925835203,-1.654936228320691]]]},"properties":{"feature_id":"bangunan-soligi-890","Pemilik":"","BLOK":"Dusun 3","No Rumah":null}},{"type":"Feature","geometry":{"bbox":[127.42312803534766,-1.653579950907597,127.42319410092114,-1.6535173138082868],"type":"Polygon","coordinates":[[[127.42312803534766,-1.6535376487827271],[127.42317658662077,-1.6535173138082868],[127.42319410092114,-1.6535596158882409],[127.42314554965701,-1.653579950907597],[127.42312803534766,-1.6535376487827271]]]},"properties":{"feature_id":"bangunan-soligi-891","Pemilik":"","BLOK":"Dusun 3","No Rumah":null}},{"type":"Feature","geometry":{"bbox":[127.42086637248696,-1.6569072449183813,127.42094922184184,-1.6568094582332067],"type":"Polygon","coordinates":[[[127.42086637248696,-1.6568839444794239],[127.42090848962172,-1.6568094582332067],[127.42094922184184,-1.6568327586541978],[127.42090710472502,-1.6569072449183813],[127.42086637248696,-1.6568839444794239]]]},"properties":{"feature_id":"bangunan-soligi-892","Pemilik":"","BLOK":"Dusun 3","No Rumah":null}},{"type":"Feature","geometry":{"bbox":[127.42280357185305,-1.653781018257443,127.42290108212661,-1.6537028980474238],"type":"Polygon","coordinates":[[[127.42280357185305,-1.6537410128283105],[127.42288185705662,-1.6537028980474238],[127.42290108212661,-1.653742903395708],[127.42282279694999,-1.653781018257443],[127.42280357185305,-1.6537410128283105]]]},"properties":{"feature_id":"bangunan-soligi-893","Pemilik":"","BLOK":"Dusun 3","No Rumah":null}},{"type":"Feature","geometry":{"bbox":[127.42195432255873,-1.6576616394130161,127.42201346485224,-1.6575941005934758],"type":"Polygon","coordinates":[[[127.42195432255873,-1.6576481163633752],[127.42197151130067,-1.6575941005934758],[127.42201346485224,-1.6576076218554694],[127.42199619465109,-1.6576616394130161],[127.42195432255873,-1.6576481163633752]]]},"properties":{"feature_id":"bangunan-soligi-894","Pemilik":"","BLOK":"Dusun 3","No Rumah":null}},{"type":"Feature","geometry":{"bbox":[127.42442709637433,-1.652698180066745,127.42452273082185,-1.6526086810766851],"type":"Polygon","coordinates":[[[127.42442709637433,-1.6526451216314442],[127.42449430117331,-1.6526086810766851],[127.42452273082185,-1.6526617394221546],[127.42445552604983,-1.652698180066745],[127.42442709637433,-1.6526451216314442]]]},"properties":{"feature_id":"bangunan-soligi-895","Pemilik":"","BLOK":"Dusun 3","No Rumah":null}},{"type":"Feature","geometry":{"bbox":[127.42288495261518,-1.6558527737367084,127.42303109562107,-1.6556961997901714],"type":"Polygon","coordinates":[[[127.42288495261518,-1.6557426271405227],[127.42294099857759,-1.6556961997901714],[127.42303109562107,-1.6558063480123077],[127.4229751311897,-1.6558527737367084],[127.42288495261518,-1.6557426271405227]]]},"properties":{"feature_id":"bangunan-soligi-896","Pemilik":"","BLOK":"Dusun 3","No Rumah":null}},{"type":"Feature","geometry":{"bbox":[127.42788011887076,-1.6529560884419578,127.4280003484721,-1.6528349381572784],"type":"Polygon","coordinates":[[[127.42788011887076,-1.6528800459723088],[127.42792524572108,-1.6528349381572784],[127.4280003484721,-1.6529109823247432],[127.42795530311693,-1.6529560884419578],[127.42788011887076,-1.6528800459723088]]]},"properties":{"feature_id":"bangunan-soligi-897","Pemilik":"","BLOK":"Dusun 3","No Rumah":null}},{"type":"Feature","geometry":{"bbox":[127.42244749935652,-1.6556034280668512,127.42263665545892,-1.6554245204482656],"type":"Polygon","coordinates":[[[127.42244749935652,-1.655497215615503],[127.42250566369013,-1.6554245204482656],[127.42263665545892,-1.6555307921704563],[127.42257849123311,-1.6556034280668512],[127.42244749935652,-1.655497215615503]]]},"properties":{"feature_id":"bangunan-soligi-898","Pemilik":"","BLOK":"Dusun 3","No Rumah":null}},{"type":"Feature","geometry":{"bbox":[127.42372547440819,-1.654276677064421,127.42383976440279,-1.6541846352312526],"type":"Polygon","coordinates":[[[127.42372547440819,-1.6542146766550514],[127.42382045812509,-1.6541846352312526],[127.42383976440279,-1.6542466373204718],[127.42374486217204,-1.654276677064421],[127.42372547440819,-1.6542146766550514]]]},"properties":{"feature_id":"bangunan-soligi-899","Pemilik":"","BLOK":"Dusun 3","No Rumah":null}},{"type":"Feature","geometry":{"bbox":[127.42181249488877,-1.656866550086167,127.4218977870324,-1.656782802883107],"type":"Polygon","coordinates":[[[127.42181249488877,-1.656833469365318],[127.42184231049406,-1.656782802883107],[127.4218977870324,-1.6568158853736372],[127.42186805292229,-1.656866550086167],[127.42181249488877,-1.656833469365318]]]},"properties":{"feature_id":"bangunan-soligi-900","Pemilik":"","BLOK":"Dusun 3","No Rumah":null}},{"type":"Feature","geometry":{"bbox":[127.42249205943278,-1.656589988274928,127.42267966762117,-1.6563895935566173],"type":"Polygon","coordinates":[[[127.42249205943278,-1.6564620336292635],[127.42256276896391,-1.6563895935566173],[127.42263127893415,-1.656457350109816],[127.4226188151689,-1.6564701718087822],[127.42267966762117,-1.6565303678620722],[127.42262134051282,-1.656589988274928],[127.42249205943278,-1.6564620336292635]]]},"properties":{"feature_id":"bangunan-soligi-901","Pemilik":"","BLOK":"Dusun 3","No Rumah":null}},{"type":"Feature","geometry":{"bbox":[127.42214022145075,-1.6560638746933563,127.42231854380795,-1.6558937465615704],"type":"Polygon","coordinates":[[[127.42214022145075,-1.6559639838663254],[127.42219740848022,-1.6558937465615704],[127.42231854380795,-1.6559936372179214],[127.42226135687729,-1.6560638746933563],[127.42214022145075,-1.6559639838663254]]]},"properties":{"feature_id":"bangunan-soligi-902","Pemilik":"","BLOK":"Dusun 3","No Rumah":null}},{"type":"Feature","geometry":{"bbox":[127.42200588877554,-1.6575320949109957,127.42212441761455,-1.6574159539737],"type":"Polygon","coordinates":[[[127.42200588877554,-1.6574869018638108],[127.42204662035783,-1.6574159539737],[127.42212441761455,-1.6574611487725994],[127.42208376754537,-1.6575320949109957],[127.42200588877554,-1.6574869018638108]]]},"properties":{"feature_id":"bangunan-soligi-903","Pemilik":"","BLOK":"Dusun 3","No Rumah":null}},{"type":"Feature","geometry":{"bbox":[127.42729330427491,-1.6525779834784868,127.42749539908186,-1.6523755824987536],"type":"Polygon","coordinates":[[[127.42729330427491,-1.6524984818392237],[127.42741801499628,-1.6523755824987536],[127.42749539908186,-1.6524550838505554],[127.42737068848625,-1.6525779834784868],[127.42729330427491,-1.6524984818392237]]]},"properties":{"feature_id":"bangunan-soligi-904","Pemilik":"","BLOK":"Dusun 3","No Rumah":null}},{"type":"Feature","geometry":{"bbox":[127.42388481236306,-1.6552285413717847,127.42397319753198,-1.6551313492186144],"type":"Polygon","coordinates":[[[127.42388481236306,-1.6551577630566499],[127.4239393097737,-1.6551313492186144],[127.42397319753198,-1.655202067984429],[127.42391870014833,-1.6552285413717847],[127.42388481236306,-1.6551577630566499]]]},"properties":{"feature_id":"bangunan-soligi-905","Pemilik":"","BLOK":"Dusun 3","No Rumah":null}},{"type":"Feature","geometry":{"bbox":[127.42160826581947,-1.6581494928752714,127.42166651230401,-1.6581060558817535],"type":"Polygon","coordinates":[[[127.42160826581947,-1.658138379125189],[127.42161519023131,-1.6581060558817535],[127.42166651230401,-1.6581171696498025],[127.42165958790115,-1.6581494928752714],[127.42160826581947,-1.658138379125189]]]},"properties":{"feature_id":"bangunan-soligi-906","Pemilik":"","BLOK":"Dusun 3","No Rumah":null}},{"type":"Feature","geometry":{"bbox":[127.42155498857252,-1.6565652213452524,127.42169135868969,-1.6564170658436195],"type":"Polygon","coordinates":[[[127.42155498857252,-1.6565193202908766],[127.42162675807079,-1.6564170658436195],[127.42169135868969,-1.6564630280552999],[127.4216196707315,-1.6565652213452524],[127.42155498857252,-1.6565193202908766]]]},"properties":{"feature_id":"bangunan-soligi-907","Pemilik":"","BLOK":"Dusun 3","No Rumah":null}},{"type":"Feature","geometry":{"bbox":[127.42423541976993,-1.6531648656366287,127.42427940849969,-1.653126203386475],"type":"Polygon","coordinates":[[[127.42423541976993,-1.6531530957121467],[127.42424438044691,-1.653126203386475],[127.42427940849969,-1.6531379751075876],[127.4242705292999,-1.6531648656366287],[127.42423541976993,-1.6531530957121467]]]},"properties":{"feature_id":"bangunan-soligi-908","Pemilik":"","BLOK":"Dusun 3","No Rumah":null}},{"type":"Feature","geometry":{"bbox":[127.42299834787875,-1.6550133314132294,127.42315263683459,-1.6548417207557977],"type":"Polygon","coordinates":[[[127.42299834787875,-1.6548901674560257],[127.42306783497347,-1.6548417207557977],[127.42315263683459,-1.65496488627607],[127.42308323128893,-1.6550133314132294],[127.42299834787875,-1.6548901674560257]]]},"properties":{"feature_id":"bangunan-soligi-909","Pemilik":"","BLOK":"Dusun 3","No Rumah":null}},{"type":"Feature","geometry":{"bbox":[127.42471839819193,-1.6547323785919659,127.42475749901755,-1.6546952255384393],"type":"Polygon","coordinates":[[[127.42471839819193,-1.6547161373840056],[127.42473110595755,-1.6546952255384393],[127.42475749901755,-1.6547114685520132],[127.42474487271114,-1.6547323785919659],[127.42471839819193,-1.6547161373840056]]]},"properties":{"feature_id":"bangunan-soligi-910","Pemilik":"","BLOK":"Dusun 3","No Rumah":null}},{"type":"Feature","geometry":{"bbox":[127.4229388805568,-1.655521434968114,127.42312860558022,-1.655294584622141],"type":"Polygon","coordinates":[[[127.4229388805568,-1.6553449063129795],[127.42300437606839,-1.655294584622141],[127.42312860558022,-1.6554586198406807],[127.423046654864,-1.655521434968114],[127.42300022151291,-1.6554601486205807],[127.42301667684329,-1.655447536597385],[127.4229388805568,-1.6553449063129795]]]},"properties":{"feature_id":"bangunan-soligi-911","Pemilik":"","BLOK":"Dusun 3","No Rumah":null}},{"type":"Feature","geometry":{"bbox":[127.42419338607962,-1.6543454912311533,127.42430433542833,-1.6542243679857638],"type":"Polygon","coordinates":[[[127.42419338607962,-1.6542499470822878],[127.42427476524274,-1.6542243679857638],[127.42430433542833,-1.654319973238035],[127.42422303776036,-1.6543454912311533],[127.42419338607962,-1.6542499470822878]]]},"properties":{"feature_id":"bangunan-soligi-912","Pemilik":"","BLOK":"Dusun 3","No Rumah":null}},{"type":"Feature","geometry":{"bbox":[127.42780599347779,-1.6513955766325517,127.42794267738545,-1.6512469832561165],"type":"Polygon","coordinates":[[[127.42780599347779,-1.6513112774955978],[127.42789641015979,-1.6512469832561165],[127.42794267738545,-1.6513129011825076],[127.42791033920302,-1.651335906929136],[127.42792329077145,-1.6513542879510525],[127.42786521234372,-1.6513955766325517],[127.42780599347779,-1.6513112774955978]]]},"properties":{"feature_id":"bangunan-soligi-913","Pemilik":"","BLOK":"Dusun 3","No Rumah":null}},{"type":"Feature","geometry":{"bbox":[127.42490600048735,-1.6531399738590948,127.42494282032878,-1.653106140835128],"type":"Polygon","coordinates":[[[127.42490600048735,-1.653115111357656],[127.42493532602575,-1.653106140835128],[127.42494282032878,-1.6531310645747195],[127.42491357624964,-1.6531399738590948],[127.42490600048735,-1.653115111357656]]]},"properties":{"feature_id":"bangunan-soligi-914","Pemilik":"","BLOK":"Dusun 3","No Rumah":null}},{"type":"Feature","geometry":{"bbox":[127.42271225257979,-1.6557639270493087,127.42289163251456,-1.6555878247166418],"type":"Polygon","coordinates":[[[127.42271225257979,-1.655644709552845],[127.42276528456865,-1.6555878247166418],[127.42289163251456,-1.6557070420154762],[127.42283860062449,-1.6557639270493087],[127.42271225257979,-1.655644709552845]]]},"properties":{"feature_id":"bangunan-soligi-915","Pemilik":"","BLOK":"Dusun 3","No Rumah":null}},{"type":"Feature","geometry":{"bbox":[127.42415216696364,-1.6533879625787995,127.42426727087681,-1.6532784614940108],"type":"Polygon","coordinates":[[[127.42415216696364,-1.6533231273199551],[127.42423102089965,-1.6532784614940108],[127.42426727087681,-1.6533432984147383],[127.42418849843601,-1.6533879625787995],[127.42415216696364,-1.6533231273199551]]]},"properties":{"feature_id":"bangunan-soligi-916","Pemilik":"","BLOK":"Dusun 3","No Rumah":null}},{"type":"Feature","geometry":{"bbox":[127.42279175982452,-1.654334594909302,127.42295729099851,-1.6541523144851338],"type":"Polygon","coordinates":[[[127.42279175982452,-1.6542004519672748],[127.42285269358332,-1.6541523144851338],[127.42288112389663,-1.654188728009586],[127.4229006748125,-1.654173313359485],[127.42294018394938,-1.6542240490389222],[127.42292063304247,-1.6542394637159725],[127.42295729099851,-1.6542864571935991],[127.42289635732057,-1.654334594909302],[127.42279175982452,-1.6542004519672748]]]},"properties":{"feature_id":"bangunan-soligi-917","Pemilik":"","BLOK":"Dusun 3","No Rumah":null}},{"type":"Feature","geometry":{"bbox":[127.42234029438355,-1.657165510068492,127.42237255364898,-1.657134717904644],"type":"Polygon","coordinates":[[[127.42234029438355,-1.657154781731599],[127.42234949968078,-1.657134717904644],[127.42237255364898,-1.6571454462505204],[127.42236334835175,-1.657165510068492],[127.42234029438355,-1.657154781731599]]]},"properties":{"feature_id":"bangunan-soligi-918","Pemilik":"","BLOK":"Dusun 3","No Rumah":null}},{"type":"Feature","geometry":{"bbox":[127.42337836732278,-1.6554148050067712,127.42345893281887,-1.6553385934202867],"type":"Polygon","coordinates":[[[127.42337836732278,-1.6553642112341993],[127.42343718258462,-1.6553385934202867],[127.42345893281887,-1.6553892465804818],[127.42340011757497,-1.6554148050067712],[127.42337836732278,-1.6553642112341993]]]},"properties":{"feature_id":"bangunan-soligi-919","Pemilik":"","BLOK":"Dusun 3","No Rumah":null}},{"type":"Feature","geometry":{"bbox":[127.42381426707988,-1.653710381687477,127.42395323959846,-1.6535303742974214],"type":"Polygon","coordinates":[[[127.42381426707988,-1.653562218361518],[127.42389670567114,-1.6535303742974214],[127.42395323959846,-1.6536785950167443],[127.42387071960187,-1.653710381687477],[127.42381426707988,-1.653562218361518]]]},"properties":{"feature_id":"bangunan-soligi-920","Pemilik":"","BLOK":"Dusun 3","No Rumah":null}},{"type":"Feature","geometry":{"bbox":[127.42143205973137,-1.657449776945519,127.42161013948058,-1.6573001941286973],"type":"Polygon","coordinates":[[[127.42143205973137,-1.6573952390747764],[127.42146806674121,-1.6573001941286973],[127.42161013948058,-1.657354730193826],[127.42157405108337,-1.657449776945519],[127.42143205973137,-1.6573952390747764]]]},"properties":{"feature_id":"bangunan-soligi-921","Pemilik":"","BLOK":"Dusun 3","No Rumah":null}},{"type":"Feature","geometry":{"bbox":[127.42658617155774,-1.6532520025425816,127.42668473558206,-1.6531574741008415],"type":"Polygon","coordinates":[[[127.42658617155774,-1.6532139410767073],[127.42665296703035,-1.6531574741008415],[127.42668473558206,-1.6531955354948509],[127.42661794014536,-1.6532520025425816],[127.42658617155774,-1.6532139410767073]]]},"properties":{"feature_id":"bangunan-soligi-922","Pemilik":"","BLOK":"Dusun 3","No Rumah":null}},{"type":"Feature","geometry":{"bbox":[127.42125454977462,-1.6526981275512336,127.4212825734026,-1.6526639258946065],"type":"Polygon","coordinates":[[[127.42125454977462,-1.6526671855214465],[127.42127833728009,-1.6526639258946065],[127.4212825734026,-1.6526948679154105],[127.4212587859061,-1.6526981275512336],[127.42125454977462,-1.6526671855214465]]]},"properties":{"feature_id":"bangunan-soligi-923","Pemilik":"","BLOK":"Dusun 3","No Rumah":null}},{"type":"Feature","geometry":{"bbox":[127.42235829766389,-1.6562775238380882,127.42246118508204,-1.656172657790671],"type":"Polygon","coordinates":[[[127.42235829766389,-1.6562336307968502],[127.42240790848193,-1.656172657790671],[127.42246118508204,-1.656216550760044],[127.42241157429997,-1.6562775238380882],[127.42235829766389,-1.6562336307968502]]]},"properties":{"feature_id":"bangunan-soligi-924","Pemilik":"","BLOK":"Dusun 3","No Rumah":null}},{"type":"Feature","geometry":{"bbox":[127.42095125844837,-1.657456870779621,127.42106522706166,-1.657341953751984],"type":"Polygon","coordinates":[[[127.42095125844837,-1.6574141402931077],[127.42099419017543,-1.657341953751984],[127.42106522706166,-1.6573846823879677],[127.42102221391127,-1.657456870779621],[127.42095125844837,-1.6574141402931077]]]},"properties":{"feature_id":"bangunan-soligi-925","Pemilik":"","BLOK":"Dusun 3","No Rumah":null}},{"type":"Feature","geometry":{"bbox":[127.4227384834669,-1.6558115836093792,127.42283860062449,-1.655711348107757],"type":"Polygon","coordinates":[[[127.4227384834669,-1.6557589451364734],[127.42278288042709,-1.655711348107757],[127.42283860062449,-1.6557639270493087],[127.42279420369127,-1.6558115836093792],[127.4227384834669,-1.6557589451364734]]]},"properties":{"feature_id":"bangunan-soligi-926","Pemilik":"","BLOK":"Dusun 3","No Rumah":null}},{"type":"Feature","geometry":{"bbox":[127.42334016182102,-1.654043193441609,127.42347815773613,-1.6539086678711696],"type":"Polygon","coordinates":[[[127.42334016182102,-1.6539505204880547],[127.42343962643338,-1.6539086678711696],[127.42347815773613,-1.6540014000776002],[127.42337869316867,-1.654043193441609],[127.42334016182102,-1.6539505204880547]]]},"properties":{"feature_id":"bangunan-soligi-927","Pemilik":"","BLOK":"Dusun 3","No Rumah":null}},{"type":"Feature","geometry":{"bbox":[127.42515803683607,-1.6546088159175234,127.42525538094824,-1.6545238147831076],"type":"Polygon","coordinates":[[[127.42515803683607,-1.6545524373268985],[127.4252345273225,-1.6545238147831076],[127.42525538094824,-1.6545801338244124],[127.4251788904798,-1.6546088159175234],[127.42515803683607,-1.6545524373268985]]]},"properties":{"feature_id":"bangunan-soligi-928","Pemilik":"","BLOK":"Dusun 3","No Rumah":null}},{"type":"Feature","geometry":{"bbox":[127.42237059853764,-1.6554695864916356,127.42243764236747,-1.655408854979554],"type":"Polygon","coordinates":[[[127.42237059853764,-1.655444747858434],[127.42238852034976,-1.655408854979554],[127.42243764236747,-1.6554336936037726],[127.42241972057333,-1.6554695864916356],[127.42237059853764,-1.655444747858434]]]},"properties":{"feature_id":"bangunan-soligi-929","Pemilik":"","BLOK":"Dusun 3","No Rumah":null}},{"type":"Feature","geometry":{"bbox":[127.42163074978863,-1.6569197461793022,127.42178292367014,-1.6567588246023857],"type":"Polygon","coordinates":[[[127.42163074978863,-1.6568546729118234],[127.4216870411259,-1.6567588246023857],[127.42176532756018,-1.6568053762346566],[127.42175180462732,-1.6568282706890045],[127.42178292367014,-1.6568467886321367],[127.42173999241916,-1.6569197461793022],[127.42163074978863,-1.6568546729118234]]]},"properties":{"feature_id":"bangunan-soligi-930","Pemilik":"","BLOK":"Dusun 3","No Rumah":null}},{"type":"Feature","geometry":{"bbox":[127.42397539697613,-1.65437835192764,127.42408862756953,-1.6542476965869053],"type":"Polygon","coordinates":[[[127.42397539697613,-1.6542642140178323],[127.42403681848417,-1.6542476965869053],[127.4240480600825,-1.65428989960065],[127.42406956574142,-1.6542840737206053],[127.42408862756953,-1.6543560696931245],[127.42400578188872,-1.65437835192764],[127.42397539697613,-1.6542642140178323]]]},"properties":{"feature_id":"bangunan-soligi-931","Pemilik":"","BLOK":"Dusun 3","No Rumah":null}},{"type":"Feature","geometry":{"bbox":[127.42669988672935,-1.6530337942591364,127.42687909364862,-1.6528413117850673],"type":"Polygon","coordinates":[[[127.42669988672935,-1.6529033540020304],[127.42679576249131,-1.6528413117850673],[127.42687909364862,-1.6529717517097968],[127.42678321800345,-1.6530337942591364],[127.42669988672935,-1.6529033540020304]]]},"properties":{"feature_id":"bangunan-soligi-932","Pemilik":"","BLOK":"Dusun 3","No Rumah":null}},{"type":"Feature","geometry":{"bbox":[127.42406687753294,-1.6534693306387453,127.42416104618142,-1.6533870577237801],"type":"Polygon","coordinates":[[[127.42406687753294,-1.653415201258912],[127.42414059953741,-1.6533870577237801],[127.42416104618142,-1.6534411852171513],[127.42408724273568,-1.6534693306387453],[127.42406687753294,-1.653415201258912]]]},"properties":{"feature_id":"bangunan-soligi-933","Pemilik":"","BLOK":"Dusun 3","No Rumah":null}},{"type":"Feature","geometry":{"bbox":[127.42119923566065,-1.6571783606033788,127.42127630067358,-1.6570995204745078],"type":"Polygon","coordinates":[[[127.42119923566065,-1.657145948040455],[127.42123899013642,-1.6570995204745078],[127.42127630067358,-1.6571319347981297],[127.42123662768401,-1.6571783606033788],[127.42119923566065,-1.657145948040455]]]},"properties":{"feature_id":"bangunan-soligi-934","Pemilik":"","BLOK":"Dusun 3","No Rumah":null}},{"type":"Feature","geometry":{"bbox":[127.42416422315426,-1.6542160604468645,127.42420177652404,-1.6541698408858216],"type":"Polygon","coordinates":[[[127.42416422315426,-1.654177044781512],[127.42419159394065,-1.6541698408858216],[127.42420177652404,-1.6542088565332078],[127.42417440573766,-1.6542160604468645],[127.42416422315426,-1.654177044781512]]]},"properties":{"feature_id":"bangunan-soligi-935","Pemilik":"","BLOK":"Dusun 3","No Rumah":null}},{"type":"Feature","geometry":{"bbox":[127.42232025453264,-1.655432086733325,127.42239300080502,-1.655364139198297],"type":"Polygon","coordinates":[[[127.42232025453264,-1.6553955581077355],[127.4223429011957,-1.655364139198297],[127.42239300080502,-1.6554006696025505],[127.42237043561917,-1.655432086733325],[127.42232025453264,-1.6553955581077355]]]},"properties":{"feature_id":"bangunan-soligi-936","Pemilik":"","BLOK":"Dusun 3","No Rumah":null}},{"type":"Feature","geometry":{"bbox":[127.42397637450485,-1.6549576450733459,127.42409921747604,-1.6548317083312702],"type":"Polygon","coordinates":[[[127.42397637450485,-1.6548673149709678],[127.42406215280776,-1.6548317083312702],[127.42409921747604,-1.654921977006849],[127.42401335775882,-1.6549576450733459],[127.42397637450485,-1.6548673149709678]]]},"properties":{"feature_id":"bangunan-soligi-937","Pemilik":"","BLOK":"Dusun 3","No Rumah":null}},{"type":"Feature","geometry":{"bbox":[127.42334676021626,-1.6536219900327016,127.42339490403155,-1.653559179073451],"type":"Polygon","coordinates":[[[127.42334676021626,-1.6535700399926967],[127.42337551616889,-1.653559179073451],[127.42339490403155,-1.6536110714236478],[127.42336622954716,-1.6536219900327016],[127.42334676021626,-1.6535700399926967]]]},"properties":{"feature_id":"bangunan-soligi-938","Pemilik":"","BLOK":"Dusun 3","No Rumah":null}},{"type":"Feature","geometry":{"bbox":[127.42414068099664,-1.6546005091152427,127.42419436360835,-1.6545510318946701],"type":"Polygon","coordinates":[[[127.42414068099664,-1.654565334223837],[127.42418255180442,-1.6545510318946701],[127.42419436360835,-1.6545862067591266],[127.42415249280957,-1.6546005091152427],[127.42414068099664,-1.654565334223837]]]},"properties":{"feature_id":"bangunan-soligi-939","Pemilik":"","BLOK":"Dusun 3","No Rumah":null}},{"type":"Feature","geometry":{"bbox":[127.42194593183585,-1.6574686450609317,127.4220597359227,-1.65734902648466],"type":"Polygon","coordinates":[[[127.42194593183585,-1.657426268295045],[127.42199969756865,-1.65734902648466],[127.4220597359227,-1.6573914031786818],[127.42200597023479,-1.6574686450609317],[127.42194593183585,-1.657426268295045]]]},"properties":{"feature_id":"bangunan-soligi-940","Pemilik":"","BLOK":"Dusun 3","No Rumah":null}},{"type":"Feature","geometry":{"bbox":[127.42082906174315,-1.657010911346585,127.42090449786795,-1.6569261916273985],"type":"Polygon","coordinates":[[[127.42082906174315,-1.6569875207796552],[127.42086506905842,-1.6569261916273985],[127.42090449786795,-1.656949580361765],[127.42086840910244,-1.657010911346585],[127.42082906174315,-1.6569875207796552]]]},"properties":{"feature_id":"bangunan-soligi-941","Pemilik":"","BLOK":"Dusun 3","No Rumah":null}},{"type":"Feature","geometry":{"bbox":[127.42205273009654,-1.6576309720610938,127.4222033552735,-1.657458076543311],"type":"Polygon","coordinates":[[[127.42205273009654,-1.6575861790337048],[127.42212620980743,-1.657458076543311],[127.4222033552735,-1.657502869480868],[127.42212987564345,-1.6576309720610938],[127.42205273009654,-1.6575861790337048]]]},"properties":{"feature_id":"bangunan-soligi-942","Pemilik":"","BLOK":"Dusun 3","No Rumah":null}},{"type":"Feature","geometry":{"bbox":[127.42196743813255,-1.6563516911644134,127.42217166617779,-1.656167580620483],"type":"Polygon","coordinates":[[[127.42196743813255,-1.6562315089222501],[127.42201623460082,-1.656167580620483],[127.42217166617779,-1.6562877032324776],[127.42212286981731,-1.6563516911644134],[127.42196743813255,-1.6562315089222501]]]},"properties":{"feature_id":"bangunan-soligi-943","Pemilik":"","BLOK":"Dusun 3","No Rumah":null}},{"type":"Feature","geometry":{"bbox":[127.42345730358936,-1.6534041512263324,127.4235451190557,-1.6533309435792085],"type":"Polygon","coordinates":[[[127.42345730358936,-1.6533697946462516],[127.42352589415641,-1.6533309435792085],[127.4235451190557,-1.6533652406459018],[127.42347652849763,-1.6534041512263324],[127.42345730358936,-1.6533697946462516]]]},"properties":{"feature_id":"bangunan-soligi-944","Pemilik":"","BLOK":"Dusun 3","No Rumah":null}},{"type":"Feature","geometry":{"bbox":[127.42299842934695,-1.654842025392477,127.423046654864,-1.6547992997388998],"type":"Polygon","coordinates":[[[127.42299842934695,-1.6548228599706374],[127.4230341097114,-1.6547992997388998],[127.423046654864,-1.6548184651517561],[127.42301097449958,-1.654842025392477],[127.42299842934695,-1.6548228599706374]]]},"properties":{"feature_id":"bangunan-soligi-945","Pemilik":"","BLOK":"Dusun 3","No Rumah":null}},{"type":"Feature","geometry":{"bbox":[127.42184581342063,-1.6579363756679348,127.42203269015579,-1.6577761010307364],"type":"Polygon","coordinates":[[[127.42184581342063,-1.6578755851724718],[127.42188621924684,-1.6577761010307364],[127.42203269015579,-1.657836366703461],[127.4219922844194,-1.6579358508631628],[127.42195138987374,-1.6579190357305507],[127.42194438403861,-1.6579363756679348],[127.42188695241585,-1.6579127313898192],[127.42189395825997,-1.657895391452435],[127.42184581342063,-1.6578755851724718]]]},"properties":{"feature_id":"bangunan-soligi-946","Pemilik":"","BLOK":"Dusun 3","No Rumah":null}},{"type":"Feature","geometry":{"bbox":[127.42114791324657,-1.657083115961812,127.42121577287246,-1.6570264643731727],"type":"Polygon","coordinates":[[[127.42114791324657,-1.6570576514903184],[127.42116265826552,-1.6570264643731727],[127.42121577287246,-1.6570519883041548],[127.42120102787149,-1.657083115961812],[127.42114791324657,-1.6570576514903184]]]},"properties":{"feature_id":"bangunan-soligi-947","Pemilik":"","BLOK":"Dusun 3","No Rumah":null}},{"type":"Feature","geometry":{"bbox":[127.42134538214302,-1.656279755361052,127.4214420797826,-1.656184486078697],"type":"Polygon","coordinates":[[[127.42134538214302,-1.6562233189638385],[127.42138057456056,-1.656184486078697],[127.4214420797826,-1.6562409224130283],[127.42140688739204,-1.656279755361052],[127.42134538214302,-1.6562233189638385]]]},"properties":{"feature_id":"bangunan-soligi-948","Pemilik":"","BLOK":"Dusun 3","No Rumah":null}},{"type":"Feature","geometry":{"bbox":[127.42203106089035,-1.6562875807112563,127.4222323560799,-1.6560995573484931],"type":"Polygon","coordinates":[[[127.42203106089035,-1.6561788476411194],[127.42209158799976,-1.6560995573484931],[127.4222323560799,-1.6562082902210005],[127.42217182909626,-1.6562875807112563],[127.42203106089035,-1.6561788476411194]]]},"properties":{"feature_id":"bangunan-soligi-949","Pemilik":"","BLOK":"Dusun 3","No Rumah":null}},{"type":"Feature","geometry":{"bbox":[127.42144159100027,-1.6581353262006957,127.42149576443349,-1.6580827370632654],"type":"Polygon","coordinates":[[[127.42144159100027,-1.6581303534057605],[127.42144631590511,-1.6580827370632654],[127.42149576443349,-1.6580877675390249],[127.42149095806943,-1.6581353262006957],[127.42144159100027,-1.6581303534057605]]]},"properties":{"feature_id":"bangunan-soligi-950","Pemilik":"","BLOK":"Dusun 3","No Rumah":null}},{"type":"Feature","geometry":{"bbox":[127.42314343164516,-1.6548721534408186,127.42319442676705,-1.6548212106907254],"type":"Polygon","coordinates":[[[127.42314343164516,-1.6548374942812007],[127.42315923524782,-1.6548212106907254],[127.42319442676705,-1.654855869823394],[127.42317862317337,-1.6548721534408186],[127.42314343164516,-1.6548374942812007]]]},"properties":{"feature_id":"bangunan-soligi-951","Pemilik":"","BLOK":"Dusun 3","No Rumah":null}},{"type":"Feature","geometry":{"bbox":[127.42173600071027,-1.6573679881865593,127.42182764708707,-1.6572561646154012],"type":"Polygon","coordinates":[[[127.42173600071027,-1.657330182758507],[127.42177844317892,-1.6572561646154012],[127.42182764708707,-1.657284688479258],[127.42180809586577,-1.6573187766696815],[127.42182398123308,-1.6573280581889611],[127.42180109001266,-1.6573679881865593],[127.42173600071027,-1.657330182758507]]]},"properties":{"feature_id":"bangunan-soligi-952","Pemilik":"","BLOK":"Dusun 3","No Rumah":null}},{"type":"Feature","geometry":{"bbox":[127.42466235363982,-1.6546363824827144,127.42481305473342,-1.6544465120220306],"type":"Polygon","coordinates":[[[127.42466235363982,-1.654528425188674],[127.42469762586369,-1.6545050531090728],[127.42467872712471,-1.654476158968639],[127.42472353017727,-1.6544465120220306],[127.42481305473342,-1.6545833037365048],[127.42473297953781,-1.6546363824827144],[127.42466235363982,-1.654528425188674]]]},"properties":{"feature_id":"bangunan-soligi-953","Pemilik":"","BLOK":"Dusun 3","No Rumah":null}},{"type":"Feature","geometry":{"bbox":[127.42365370704795,-1.6534709870422977,127.42372417103357,-1.6534059438953304],"type":"Polygon","coordinates":[[[127.42365370704795,-1.6534257468784763],[127.42370779732411,-1.6534059438953304],[127.42372417103357,-1.6534511245547472],[127.42367008076637,-1.6534709870422977],[127.42365370704795,-1.6534257468784763]]]},"properties":{"feature_id":"bangunan-soligi-954","Pemilik":"","BLOK":"Dusun 3","No Rumah":null}},{"type":"Feature","geometry":{"bbox":[127.42134220504441,-1.6571568533364758,127.4214313265534,-1.657084350570406],"type":"Polygon","coordinates":[[[127.42134220504441,-1.657124649838468],[127.4213602900445,-1.657084350570406],[127.4214313265534,-1.6571165540684138],[127.42141324158028,-1.6571568533364758],[127.42134220504441,-1.657124649838468]]]},"properties":{"feature_id":"bangunan-soligi-955","Pemilik":"","BLOK":"Dusun 3","No Rumah":null}},{"type":"Feature","geometry":{"bbox":[127.42408170340025,-1.6529748265172504,127.42419859956017,-1.6528737953508315],"type":"Polygon","coordinates":[[[127.42408170340025,-1.652927175966909],[127.42417025124509,-1.6528737953508315],[127.42419859956017,-1.652921386333886],[127.42411005176025,-1.6529748265172504],[127.42408170340025,-1.652927175966909]]]},"properties":{"feature_id":"bangunan-soligi-956","Pemilik":"","BLOK":"Dusun 3","No Rumah":null}},{"type":"Feature","geometry":{"bbox":[127.42213028295758,-1.6558491460521303,127.4222234766196,-1.655752969336591],"type":"Polygon","coordinates":[[[127.42213028295758,-1.655811748755661],[127.42217753151182,-1.655752969336591],[127.4222234766196,-1.6557903647735477],[127.42217614664203,-1.6558491460521303],[127.42213028295758,-1.655811748755661]]]},"properties":{"feature_id":"bangunan-soligi-957","Pemilik":"","BLOK":"Dusun 3","No Rumah":null}},{"type":"Feature","geometry":{"bbox":[127.42283688991778,-1.6551329386797122,127.42300706432178,-1.6549229029004122],"type":"Polygon","coordinates":[[[127.42283688991778,-1.654987855254654],[127.42292144766174,-1.6549229029004122],[127.42297146539862,-1.6549888066513883],[127.42294702676723,-1.6550075999910372],[127.42300706432178,-1.655086779377658],[127.42294694530801,-1.6551329386797122],[127.42283688991778,-1.654987855254654]]]},"properties":{"feature_id":"bangunan-soligi-958","Pemilik":"","BLOK":"Dusun 3","No Rumah":null}},{"type":"Feature","geometry":{"bbox":[127.42120469376142,-1.657364482627944,127.42134864070086,-1.6571751244225679],"type":"Polygon","coordinates":[[[127.42120469376142,-1.6573196963648693],[127.42126465132098,-1.6571751244225679],[127.42134864070086,-1.6572103713678425],[127.4212848543958,-1.657364482627944],[127.42123915306387,-1.6573453356395342],[127.42124306334046,-1.657335854002559],[127.42120469376142,-1.6573196963648693]]]},"properties":{"feature_id":"bangunan-soligi-959","Pemilik":"","BLOK":"Dusun 3","No Rumah":null}},{"type":"Feature","geometry":{"bbox":[127.42327450369639,-1.6554958625011569,127.42338920172377,-1.6553823669676258],"type":"Polygon","coordinates":[[[127.42327450369639,-1.6554204940554318],[127.4233531956841,-1.6553823669676258],[127.42338920172377,-1.6554577965257395],[127.42331059123121,-1.6554958625011569],[127.42327450369639,-1.6554204940554318]]]},"properties":{"feature_id":"bangunan-soligi-960","Pemilik":"","BLOK":"Dusun 3","No Rumah":null}},{"type":"Feature","geometry":{"bbox":[127.42180109001266,-1.6573964003538937,127.4218728592594,-1.6573280581889611],"type":"Polygon","coordinates":[[[127.42180109001266,-1.6573679881865593],[127.42182398123308,-1.6573280581889611],[127.4218728592594,-1.6573564108788406],[127.42184996805695,-1.6573964003538937],[127.42180109001266,-1.6573679881865593]]]},"properties":{"feature_id":"bangunan-soligi-961","Pemilik":"","BLOK":"Dusun 3","No Rumah":null}},{"type":"Feature","geometry":{"bbox":[127.42707565053946,-1.6530415932887028,127.42729876189958,-1.6527443820567411],"type":"Polygon","coordinates":[[[127.42707565053946,-1.652787634967491],[127.42714717006349,-1.6527443820567411],[127.42729876189958,-1.652998339910829],[127.42722724252822,-1.6530415932887028],[127.42707565053946,-1.652787634967491]]]},"properties":{"feature_id":"bangunan-soligi-962","Pemilik":"","BLOK":"Dusun 3","No Rumah":null}},{"type":"Feature","geometry":{"bbox":[127.42827493711586,-1.6516920857592532,127.42832731328969,-1.651630331874547],"type":"Polygon","coordinates":[[[127.42827493711586,-1.6516833063982175],[127.42828601513095,-1.651630331874547],[127.42832731328969,-1.6516390518030437],[127.42831623528356,-1.6516920857592532],[127.42827493711586,-1.6516833063982175]]]},"properties":{"feature_id":"bangunan-soligi-963","Pemilik":"","BLOK":"Dusun 3","No Rumah":null}},{"type":"Feature","geometry":{"bbox":[127.42098085545895,-1.6580755342610176,127.42187207857394,-1.6574023154766042],"type":"Polygon","coordinates":[[[127.42115013092977,-1.6574023154766042],[127.42187207857394,-1.65769393457073],[127.42171186351872,-1.6580755342610176],[127.42098085545895,-1.6577832916393282],[127.42115013092977,-1.6574023154766042]]]},"properties":{"feature_id":"bangunan-soligi-964","Pemilik":"","BLOK":"Dusun 3","No Rumah":null}},{"type":"Feature","geometry":{"bbox":[127.41858954892452,-1.6560048089112243,127.418737903697,-1.655855517510896],"type":"Polygon","coordinates":[[[127.41862670417702,-1.655855517510896],[127.418737903697,-1.6559115799264459],[127.4186636671448,-1.6560048089112243],[127.41858954892452,-1.6559487762593985],[127.41862670417702,-1.655855517510896]]]},"properties":{"feature_id":"bangunan-soligi-965","Pemilik":"","BLOK":"Dusun 3","No Rumah":null}},{"type":"Feature","geometry":{"bbox":[127.41911802770521,-1.6559166238270915,127.41925708999413,-1.6557859752292299],"type":"Polygon","coordinates":[[[127.41915516815189,-1.6557859752292299],[127.41925708999413,-1.6558513590413158],[127.41921068661193,-1.6559166238270915],[127.41911802770521,-1.6558605763047156],[127.41915516815189,-1.6557859752292299]]]},"properties":{"feature_id":"bangunan-soligi-966","Pemilik":"","BLOK":"Dusun 3","No Rumah":null}},{"type":"Feature","geometry":{"bbox":[127.41832120136266,-1.6553468867523775,127.41845106717707,-1.6551883186101135],"type":"Polygon","coordinates":[[[127.41839547483089,-1.6551883186101135],[127.41845106717707,-1.655225678654648],[127.418367538175,-1.6553468867523775],[127.41832120136266,-1.6553281918458995],[127.41839547483089,-1.6551883186101135]]]},"properties":{"feature_id":"bangunan-soligi-967","Pemilik":"","BLOK":"Dusun 3","No Rumah":null}},{"type":"Feature","geometry":{"bbox":[127.41889560643561,-1.6558137906751245,127.41897904675321,-1.6557298086751986],"type":"Polygon","coordinates":[[[127.4189141840529,-1.6557298086751986],[127.41897904675321,-1.6557671761688797],[127.41894192848538,-1.6558137906751245],[127.41889560643561,-1.6557764380603666],[127.4189141840529,-1.6557298086751986]]]},"properties":{"feature_id":"bangunan-soligi-968","Pemilik":"","BLOK":"Dusun 3","No Rumah":null}},{"type":"Feature","geometry":{"bbox":[127.41889699572091,-1.6540506225196219,127.41895261023556,-1.6540039856849482],"type":"Polygon","coordinates":[[[127.41889699572091,-1.6540226136620435],[127.41893409175897,-1.6540039856849482],[127.41895261023556,-1.6540319871099707],[127.41892478451338,-1.6540506225196219],[127.41889699572091,-1.6540226136620435]]]},"properties":{"feature_id":"bangunan-soligi-969","Pemilik":"","BLOK":"Dusun 3","No Rumah":null}},{"type":"Feature","geometry":{"bbox":[127.41939730488728,-1.654405550053607,127.4194622192865,-1.6543495397615933],"type":"Polygon","coordinates":[[[127.41939730488728,-1.65438684032038],[127.4194158750685,-1.6543495397615933],[127.4194622192865,-1.65435890577465],[127.4194621823622,-1.654405550053607],[127.41939730488728,-1.65438684032038]]]},"properties":{"feature_id":"bangunan-soligi-970","Pemilik":"","BLOK":"Dusun 3","No Rumah":null}},{"type":"Feature","geometry":{"bbox":[127.42013808148963,-1.6554975986560594,127.4202215292231,-1.6554043249322816],"type":"Polygon","coordinates":[[[127.42013808148963,-1.6554602534881522],[127.42019374778022,-1.6554043249322816],[127.4202215292231,-1.6554416626665107],[127.42017513325963,-1.6554975986560594],[127.42013808148963,-1.6554602534881522]]]},"properties":{"feature_id":"bangunan-soligi-971","Pemilik":"","BLOK":"Dusun 3","No Rumah":null}},{"type":"Feature","geometry":{"bbox":[127.42120365277286,-1.6561888113865386,127.42133342272253,-1.6560581998629098],"type":"Polygon","coordinates":[[[127.42120365277286,-1.6561141284597787],[127.42125931909803,-1.6560581998629098],[127.42133342272253,-1.6561328902187025],[127.42126848605605,-1.6561888113865386],[127.42120365277286,-1.6561141284597787]]]},"properties":{"feature_id":"bangunan-soligi-972","Pemilik":"","BLOK":"Dusun 3","No Rumah":null}},{"type":"Feature","geometry":{"bbox":[127.4211480012144,-1.6561980807997683,127.42121287880234,-1.6561140987351366],"type":"Polygon","coordinates":[[[127.4211480012144,-1.6561513993255417],[127.42116657142651,-1.6561140987351366],[127.42121287880234,-1.656170109072064],[127.42119431597406,-1.6561980807997683],[127.4211480012144,-1.6561513993255417]]]},"properties":{"feature_id":"bangunan-soligi-973","Pemilik":"","BLOK":"Dusun 3","No Rumah":null}},{"type":"Feature","geometry":{"bbox":[127.41838839639594,-1.6553749198106213,127.41845330342782,-1.6553096178535491],"type":"Polygon","coordinates":[[[127.41838839639594,-1.655346903494452],[127.41842550725381,-1.6553096178535491],[127.41845330342782,-1.6553282978772228],[127.41842545549585,-1.6553749198106213],[127.41838839639594,-1.655346903494452]]]},"properties":{"feature_id":"bangunan-soligi-974","Pemilik":"","BLOK":"Dusun 3","No Rumah":null}},{"type":"Feature","geometry":{"bbox":[127.42128965477873,-1.6529773944734925,127.42138229167672,-1.6528374763396252],"type":"Polygon","coordinates":[[[127.42128965477873,-1.6528654184371716],[127.42134529881903,-1.6528374763396252],[127.42138229167672,-1.6529494523774473],[127.42132664763133,-1.6529773944734925],[127.42128965477873,-1.6528654184371716]]]},"properties":{"feature_id":"bangunan-soligi-975","Pemilik":"","BLOK":"Dusun 3","No Rumah":null}},{"type":"Feature","geometry":{"bbox":[127.4223595816288,-1.653911122863234,127.42245228494542,-1.6538365364023497],"type":"Polygon","coordinates":[[[127.4223595816288,-1.6538737925560831],[127.4224337737563,-1.6538365364023497],[127.42245228494542,-1.653873866709823],[127.42237809281558,-1.653911122863234],[127.4223595816288,-1.6538737925560831]]]},"properties":{"feature_id":"bangunan-soligi-976","Pemilik":"","BLOK":"Dusun 3","No Rumah":null}},{"type":"Feature","geometry":{"bbox":[127.42294400295029,-1.6534451537914654,127.42301813615042,-1.6533612087665595],"type":"Polygon","coordinates":[[[127.42294400295029,-1.653379829457596],[127.42299036933747,-1.6533612087665595],[127.42301813615042,-1.6534172042290554],[127.4229717623968,-1.6534451537914654],[127.42294400295029,-1.653379829457596]]]},"properties":{"feature_id":"bangunan-soligi-977","Pemilik":"","BLOK":"Dusun 3","No Rumah":null}},{"type":"Feature","geometry":{"bbox":[127.42390844882206,-1.6530261174495684,127.42396404139745,-1.65293284349662],"type":"Polygon","coordinates":[[[127.42390844882206,-1.6529608005085956],[127.42394555223163,-1.65293284349662],[127.42396404139745,-1.6529981604381836],[127.42392693798574,-1.6530261174495684],[127.42390844882206,-1.6529608005085956]]]},"properties":{"feature_id":"bangunan-soligi-978","Pemilik":"","BLOK":"Dusun 3","No Rumah":null}},{"type":"Feature","geometry":{"bbox":[127.4239170273471,-1.653893710329732,127.42399117533193,-1.6538004363849037],"type":"Polygon","coordinates":[[[127.4239170273471,-1.653837722257334],[127.42395413814599,-1.6538004363849037],[127.42399117533193,-1.653856439273424],[127.42393552385374,-1.653893710329732],[127.4239170273471,-1.653837722257334]]]},"properties":{"feature_id":"bangunan-soligi-979","Pemilik":"","BLOK":"Dusun 3","No Rumah":null}},{"type":"Feature","geometry":{"bbox":[127.42520633277039,-1.6529805018355963,127.42528972907388,-1.6529059151666396],"type":"Polygon","coordinates":[[[127.42520633277039,-1.6529151922643863],[127.42527123250093,-1.6529059151666396],[127.42528972907388,-1.6529619032551284],[127.42521555164893,-1.6529805018355963],[127.42520633277039,-1.6529151922643863]]]},"properties":{"feature_id":"bangunan-soligi-980","Pemilik":"","BLOK":"Dusun 3","No Rumah":null}},{"type":"Feature","geometry":{"bbox":[127.4281510501727,-1.6512057456542946,127.42825305328562,-1.6510937472765046],"type":"Polygon","coordinates":[[[127.42816037182588,-1.6510937472765046],[127.42825305328562,-1.6511218077207443],[127.42822517628386,-1.6512057456542946],[127.4281510501727,-1.6511590421675868],[127.42816037182588,-1.6510937472765046]]]},"properties":{"feature_id":"bangunan-soligi-981","Pemilik":"","BLOK":"Dusun 3","No Rumah":null}},{"type":"Feature","geometry":{"bbox":[127.42814164055042,-1.6513830241780763,127.42828998074512,-1.6512710110410076],"type":"Polygon","coordinates":[[[127.42817877324636,-1.6512710110410076],[127.42828998074512,-1.6513177440368287],[127.42826211839484,-1.6513830241780763],[127.42814164055042,-1.6513362838007797],[127.42817877324636,-1.6512710110410076]]]},"properties":{"feature_id":"bangunan-soligi-982","Pemilik":"","BLOK":"Dusun 3","No Rumah":null}},{"type":"Feature","geometry":{"bbox":[127.4272244162035,-1.6520259576533476,127.42737404839296,-1.6518653894620707],"type":"Polygon","coordinates":[[[127.4272244162035,-1.6519191311654313],[127.42728707604076,-1.6518653894620707],[127.42737404839296,-1.6519688154747747],[127.42730676673666,-1.6520259576533476],[127.4272244162035,-1.6519191311654313]]]},"properties":{"feature_id":"bangunan-soligi-983","Pemilik":"","BLOK":"Dusun 3","No Rumah":null}},{"type":"Feature","geometry":{"bbox":[127.42801166508616,-1.6516161506571623,127.42816001262457,-1.6515041153775203],"type":"Polygon","coordinates":[[[127.42803026443623,-1.6515041153775203],[127.42816001262457,-1.651550863146753],[127.42814142060814,-1.6516161506571623],[127.42801166508616,-1.6515787317776942],[127.42803026443623,-1.6515041153775203]]]},"properties":{"feature_id":"bangunan-soligi-984","Pemilik":"","BLOK":"Dusun 3","No Rumah":null}},{"type":"Feature","geometry":{"bbox":[127.42528961144745,-1.6531578393759645,127.42539157784998,-1.6530739238221266],"type":"Polygon","coordinates":[[[127.42528961144745,-1.6531111653707509],[127.42538234426588,-1.6530739238221266],[127.42539157784998,-1.6531205756333127],[127.4253266560524,-1.6531578393759645],[127.42528961144745,-1.6531111653707509]]]},"properties":{"feature_id":"bangunan-soligi-985","Pemilik":"","BLOK":"Dusun 3","No Rumah":null}},{"type":"Feature","geometry":{"bbox":[127.42471495334355,-1.6530361051513571,127.42482619004737,-1.652942860753589],"type":"Polygon","coordinates":[[[127.42471495334355,-1.6529801022707773],[127.42480768613855,-1.652942860753589],[127.42482619004737,-1.6529895199540656],[127.42475199057115,-1.6530361051513571],[127.42471495334355,-1.6529801022707773]]]},"properties":{"feature_id":"bangunan-soligi-986","Pemilik":"","BLOK":"Dusun 3","No Rumah":null}},{"type":"Feature","geometry":{"bbox":[127.42429789116194,-1.6529331692272167,127.42440909841447,-1.652811901214376],"type":"Polygon","coordinates":[[[127.42429789116194,-1.652849164914443],[127.42436281293095,-1.652811901214376],[127.42440909841447,-1.6528958981254247],[127.42435344697668,-1.6529331692272167],[127.42429789116194,-1.652849164914443]]]},"properties":{"feature_id":"bangunan-soligi-987","Pemilik":"","BLOK":"Dusun 3","No Rumah":null}},{"type":"Feature","geometry":{"bbox":[127.42371290320138,-1.654164092125697,127.42378699227548,-1.6540614522691197],"type":"Polygon","coordinates":[[[127.42371290320138,-1.6540614522691197],[127.42376852523248,-1.654061496728771],[127.42378699227548,-1.654154800301816],[127.42374063321631,-1.654164092125697],[127.42371290320138,-1.6540614522691197]]]},"properties":{"feature_id":"bangunan-soligi-988","Pemilik":"","BLOK":"Dusun 3","No Rumah":null}},{"type":"Feature","geometry":{"bbox":[127.421997884697,-1.6572028776190408,127.4221686078535,-1.6570034781996734],"type":"Polygon","coordinates":[[[127.42209158175436,-1.6570034781996734],[127.4221686078535,-1.6570478529134949],[127.42208041516324,-1.6572028776190408],[127.421997884697,-1.6571584984851166],[127.42209158175436,-1.6570034781996734]]]},"properties":{"feature_id":"bangunan-soligi-989","Pemilik":"","BLOK":"Dusun 3","No Rumah":null}},{"type":"Feature","geometry":{"bbox":[127.42048428565161,-1.6570562397159525,127.42056135115521,-1.656989743851831],"type":"Polygon","coordinates":[[[127.42050633383506,-1.656989743851831],[127.42056135115521,-1.6570230226995637],[127.42053930736023,-1.6570562397159525],[127.42048428565161,-1.6570284999806881],[127.42050633383506,-1.656989743851831]]]},"properties":{"feature_id":"bangunan-soligi-990","Pemilik":"","BLOK":"Dusun 3","No Rumah":null}},{"type":"Feature","geometry":{"bbox":[127.42377192215352,-1.653421071395769,127.42384893080857,-1.6533490452087283],"type":"Polygon","coordinates":[[[127.42377192215352,-1.6533545403545886],[127.42382697016295,-1.6533490452087283],[127.42384893080857,-1.653421071395769],[127.42379388716675,-1.6534210274177028],[127.42377192215352,-1.6533545403545886]]]},"properties":{"feature_id":"bangunan-soligi-991","Pemilik":"","BLOK":"Dusun 3","No Rumah":null}},{"type":"Feature","geometry":{"bbox":[127.42372140356238,-1.654639585986011,127.42378742972856,-1.6545842343712482],"type":"Polygon","coordinates":[[[127.42372140356238,-1.6545952642040505],[127.42378196034876,-1.6545842343712482],[127.42378742972856,-1.65462855175301],[127.42373237730776,-1.654639585986011],[127.42372140356238,-1.6545952642040505]]]},"properties":{"feature_id":"bangunan-soligi-992","Pemilik":"","BLOK":"Dusun 3","No Rumah":null}},{"type":"Feature","geometry":{"bbox":[127.42273078837866,-1.6544172331156635,127.42282435819186,-1.6543508077097955],"type":"Polygon","coordinates":[[[127.42273078837866,-1.6543784460667867],[127.42280236698848,-1.6543508077097955],[127.42282435819186,-1.654384060042335],[127.42274727084006,-1.6544172331156635],[127.42273078837866,-1.6543784460667867]]]},"properties":{"feature_id":"bangunan-soligi-993","Pemilik":"","BLOK":"Dusun 3","No Rumah":null}},{"type":"Feature","geometry":{"bbox":[127.42638316108838,-1.6524385661890177,127.42648220047491,-1.652322218136685],"type":"Polygon","coordinates":[[[127.42638316108838,-1.6523498874588407],[127.42641620909767,-1.652322218136685],[127.42648220047491,-1.6523998186064393],[127.42644914374254,-1.6524385661890177],[127.42638316108838,-1.6523498874588407]]]},"properties":{"feature_id":"bangunan-soligi-994","Pemilik":"","BLOK":"Dusun 3","No Rumah":null}},{"type":"Feature","geometry":{"bbox":[127.42754923409116,-1.6517471033545958,127.4276482866108,-1.6516529161807947],"type":"Polygon","coordinates":[[[127.42754923409116,-1.6516861202990807],[127.42758779080764,-1.6516529161807947],[127.4276482866108,-1.6517194339856056],[127.42761523861684,-1.6517471033545958],[127.42754923409116,-1.6516861202990807]]]},"properties":{"feature_id":"bangunan-soligi-995","Pemilik":"","BLOK":"Dusun 3","No Rumah":null}},{"type":"Feature","geometry":{"bbox":[127.42843560749036,-1.651504060549583,127.42851819046619,-1.6513932734642918],"type":"Polygon","coordinates":[[[127.4284631902753,-1.6513932734642918],[127.42851819046619,-1.6514487086125882],[127.42846860760369,-1.651504060549583],[127.42843560749036,-1.6514707994595441],[127.42846315110674,-1.6514431256817854],[127.42844665975426,-1.6514154168667112],[127.4284631902753,-1.6513932734642918]]]},"properties":{"feature_id":"bangunan-soligi-996","Pemilik":"","BLOK":"Dusun 3","No Rumah":null}},{"type":"Feature","geometry":{"bbox":[127.42788498758341,-1.6517418271601352,127.42795654004372,-1.6516697789841719],"type":"Polygon","coordinates":[[[127.42789602245,-1.6516697789841719],[127.42795654004372,-1.651708601120362],[127.42794550517702,-1.6517418271601352],[127.42788498758341,-1.6517030050228572],[127.42789602245,-1.6516697789841719]]]},"properties":{"feature_id":"bangunan-soligi-997","Pemilik":"","BLOK":"Dusun 3","No Rumah":null}},{"type":"Feature","geometry":{"bbox":[127.42602655291823,-1.6544171193384098,127.42613660544288,-1.6543174325970054],"type":"Polygon","coordinates":[[[127.42602655291823,-1.6543506146413016],[127.42609263158855,-1.6543174325970054],[127.42613660544288,-1.6543950155518639],[127.42607053550137,-1.6544171193384098],[127.42602655291823,-1.6543506146413016]]]},"properties":{"feature_id":"bangunan-soligi-998","Pemilik":"","BLOK":"Dusun 3","No Rumah":null}},{"type":"Feature","geometry":{"bbox":[127.42621992288954,-1.653496388494872,127.42629695353543,-1.6534188406850674],"type":"Polygon","coordinates":[[[127.42621992288954,-1.6534409664643548],[127.42625847093811,-1.6534188406850674],[127.42629695353543,-1.6534798018448378],[127.42625840984842,-1.653496388494872],[127.42621992288954,-1.6534409664643548]]]},"properties":{"feature_id":"bangunan-soligi-999","Pemilik":"","BLOK":"Dusun 3","No Rumah":null}},{"type":"Feature","geometry":{"bbox":[127.4267484123286,-1.6534081838892447,127.42682544736446,-1.6533250969288815],"type":"Polygon","coordinates":[[[127.4267484123286,-1.6533527618564903],[127.42678696474027,-1.6533250969288815],[127.42682544736446,-1.6533860580921902],[127.4267868993126,-1.6534081838892447],[127.4267484123286,-1.6533527618564903]]]},"properties":{"feature_id":"bangunan-soligi-1000","Pemilik":"","BLOK":"Dusun 3","No Rumah":null}},{"type":"Feature","geometry":{"bbox":[127.42429095641523,-1.6530960095193312,127.42437349130857,-1.653024044859884],"type":"Polygon","coordinates":[[[127.42429095641523,-1.653040609487787],[127.424357021892,-1.653024044859884],[127.42437349130857,-1.6530794492880994],[127.42430192146458,-1.6530960095193312],[127.42429095641523,-1.653040609487787]]]},"properties":{"feature_id":"bangunan-soligi-1001","Pemilik":"","BLOK":"Dusun 3","No Rumah":null}},{"type":"Feature","geometry":{"bbox":[127.42256315580124,-1.6540944539054545,127.42264021250385,-1.6540169282474995],"type":"Polygon","coordinates":[[[127.42256315580124,-1.654061197174037],[127.42261823442938,-1.6540169282474995],[127.42264021250385,-1.6540667979343646],[127.42259065136226,-1.6540944539054545],[127.42256315580124,-1.654061197174037]]]},"properties":{"feature_id":"bangunan-soligi-1002","Pemilik":"","BLOK":"Dusun 3","No Rumah":null}},{"type":"Feature","geometry":{"bbox":[127.42043942974843,-1.6563554921566965,127.42051652154363,-1.6562779533953862],"type":"Polygon","coordinates":[[[127.42043942974843,-1.6563277656840445],[127.42048900850146,-1.6562779533953862],[127.42051652154363,-1.6562890536962327],[127.42047793835499,-1.6563554921566965],[127.42043942974843,-1.6563277656840445]]]},"properties":{"feature_id":"bangunan-soligi-1003","Pemilik":"","BLOK":"Dusun 3","No Rumah":null}},{"type":"Feature","geometry":{"bbox":[127.42190241201429,-1.6561018610698224,127.42198501257023,-1.656018778716521],"type":"Polygon","coordinates":[[[127.42194099078569,-1.656018778716521],[127.42198501257023,-1.656035431348827],[127.42193542068297,-1.6561018610698224],[127.42190241201429,-1.6560796781384606],[127.42194099078569,-1.656018778716521]]]},"properties":{"feature_id":"bangunan-soligi-1004","Pemilik":"","BLOK":"Dusun 3","No Rumah":null}},{"type":"Feature","geometry":{"bbox":[127.42256311475133,-1.6559824678211361,127.42269752304374,-1.6558288121931153],"type":"Polygon","coordinates":[[[127.42256311475133,-1.6559332528176527],[127.42263646195111,-1.6558841307638377],[127.42261816404083,-1.6558472305191458],[127.42264872375212,-1.6558288121931153],[127.42269752304374,-1.6559210652518412],[127.42260583904006,-1.6559824678211361],[127.42256311475133,-1.6559332528176527]]]},"properties":{"feature_id":"bangunan-soligi-1005","Pemilik":"","BLOK":"Dusun 3","No Rumah":null}},{"type":"Feature","geometry":{"bbox":[127.41983604200651,-1.6544660477538955,127.41988897134657,-1.6544186835251773],"type":"Polygon","coordinates":[[[127.41984782281759,-1.6544186835251773],[127.41988897134657,-1.6544423892066187],[127.41987130949745,-1.6544660477538955],[127.41983604200651,-1.6544423467853802],[127.41984782281759,-1.6544186835251773]]]},"properties":{"feature_id":"bangunan-soligi-1006","Pemilik":"","BLOK":"Dusun 3","No Rumah":null}},{"type":"Feature","geometry":{"bbox":[127.41964786286198,-1.6544422195131476,127.41970668728685,-1.6543889559711897],"type":"Polygon","coordinates":[[[127.41964786286198,-1.6544244414290843],[127.41967729615385,-1.6543889559711897],[127.41970668728685,-1.6544067340545687],[127.41967725399452,-1.6544422195131476],[127.41964786286198,-1.6544244414290843]]]},"properties":{"feature_id":"bangunan-soligi-1007","Pemilik":"","BLOK":"Dusun 3","No Rumah":null}},{"type":"Feature","geometry":{"bbox":[127.41950086739087,-1.6544036382605394,127.41955970118053,-1.6543325966385432],"type":"Polygon","coordinates":[[[127.4195067905899,-1.6543325966385432],[127.41955970118053,-1.6543563117497875],[127.41953613955651,-1.6544036382605394],[127.41950086739087,-1.6543858554617497],[127.4195067905899,-1.6543325966385432]]]},"properties":{"feature_id":"bangunan-soligi-1008","Pemilik":"","BLOK":"Dusun 3","No Rumah":null}},{"type":"Feature","geometry":{"bbox":[127.41706556121436,-1.6551178064756675,127.41714790504737,-1.6550486004420526],"type":"Polygon","coordinates":[[[127.41706556121436,-1.655088163696672],[127.41708360326452,-1.6550486004420526],[127.41714790504737,-1.6550763934980652],[127.41713022909478,-1.6551178064756675],[127.41706556121436,-1.655088163696672]]]},"properties":{"feature_id":"bangunan-soligi-1009","Pemilik":"","BLOK":"Dusun 3","No Rumah":null}}]}